date,station_triplet,station_name,elevation_ft,group,swe_in,depth_in,temp_f,precip_in,precip_wytd_in,median_swe_in,median_precip_wytd_in
2025-10-01,679:WA:SNTL,Paradise,5150,rainier,0.0,0.0,39.6,1.0,1.0,0.0,0.0
2025-10-02,679:WA:SNTL,Paradise,5150,rainier,0.0,0.0,37.9,0.1,1.1,0.0,0.2
2025-10-03,679:WA:SNTL,Paradise,5150,rainier,0.0,0.0,39.9,0.0,1.1,0.0,0.4
2025-10-04,679:WA:SNTL,Paradise,5150,rainier,0.0,0.0,37.9,0.3,1.4,0.0,0.4
2025-10-05,679:WA:SNTL,Paradise,5150,rainier,0.0,0.0,40.6,0.0,1.4,0.0,0.5
2025-10-06,679:WA:SNTL,Paradise,5150,rainier,0.0,0.0,53.6,0.0,1.4,0.0,0.6
2025-10-07,679:WA:SNTL,Paradise,5150,rainier,0.0,1.0,46.0,0.0,1.4,0.0,1.4
2025-10-08,679:WA:SNTL,Paradise,5150,rainier,0.0,0.0,46.8,0.0,1.4,0.0,1.8
2025-10-09,679:WA:SNTL,Paradise,5150,rainier,0.0,0.0,55.8,0.5,1.9,0.0,2.2
2025-10-10,679:WA:SNTL,Paradise,5150,rainier,0.0,0.0,35.2,0.1,2.0,0.0,2.4
2025-10-11,679:WA:SNTL,Paradise,5150,rainier,0.1,0.0,31.3,0.8,2.8,0.0,2.4
2025-10-12,679:WA:SNTL,Paradise,5150,rainier,0.5,2.0,29.3,0.6,3.4,0.0,3.0
2025-10-13,679:WA:SNTL,Paradise,5150,rainier,0.4,2.0,31.3,0.1,3.5,0.0,3.2
2025-10-14,679:WA:SNTL,Paradise,5150,rainier,0.4,0.0,36.9,0.0,3.5,0.0,3.3
2025-10-15,679:WA:SNTL,Paradise,5150,rainier,0.3,0.0,33.4,0.0,3.5,0.0,3.4
2025-10-16,679:WA:SNTL,Paradise,5150,rainier,0.3,0.0,34.7,0.0,3.5,0.0,3.6
2025-10-17,679:WA:SNTL,Paradise,5150,rainier,0.2,0.0,33.4,0.1,3.6,0.0,4.1
2025-10-18,679:WA:SNTL,Paradise,5150,rainier,0.3,0.0,38.7,1.1,4.7,0.0,4.9
2025-10-19,679:WA:SNTL,Paradise,5150,rainier,0.9,0.0,31.8,1.9,6.6,0.0,5.1
2025-10-20,679:WA:SNTL,Paradise,5150,rainier,0.5,0.0,34.5,0.1,6.7,0.0,5.3
2025-10-21,679:WA:SNTL,Paradise,5150,rainier,0.5,0.0,47.7,0.0,6.7,0.0,6.0
2025-10-22,679:WA:SNTL,Paradise,5150,rainier,0.3,0.0,37.6,0.0,6.7,0.0,6.8
2025-10-23,679:WA:SNTL,Paradise,5150,rainier,0.3,0.0,41.4,0.0,6.7,0.4,6.8
2025-10-24,679:WA:SNTL,Paradise,5150,rainier,0.5,1.0,30.7,1.9,8.6,0.3,6.9
2025-10-25,679:WA:SNTL,Paradise,5150,rainier,1.7,9.0,27.5,1.2,9.8,0.4,7.6
2025-10-26,679:WA:SNTL,Paradise,5150,rainier,2.7,16.0,26.1,1.4,11.2,0.5,8.4
2025-10-27,679:WA:SNTL,Paradise,5150,rainier,2.8,16.0,25.2,0.2,11.4,0.6,8.8
2025-10-28,679:WA:SNTL,Paradise,5150,rainier,3.2,13.0,35.6,0.7,12.1,0.9,9.9
2025-10-29,679:WA:SNTL,Paradise,5150,rainier,2.9,11.0,36.5,0.3,12.4,0.6,10.2
2025-10-30,679:WA:SNTL,Paradise,5150,rainier,2.9,10.0,40.8,0.0,12.4,0.6,10.4
2025-10-31,679:WA:SNTL,Paradise,5150,rainier,2.9,7.0,41.0,1.6,14.0,0.8,10.9
2025-11-01,679:WA:SNTL,Paradise,5150,rainier,1.9,3.0,30.9,1.9,15.9,1.2,11.2
2025-11-02,679:WA:SNTL,Paradise,5150,rainier,1.8,4.0,35.8,0.1,16.0,1.5,11.7
2025-11-03,679:WA:SNTL,Paradise,5150,rainier,2.5,9.0,31.8,0.6,16.6,1.6,12.5
2025-11-04,679:WA:SNTL,Paradise,5150,rainier,2.7,7.0,36.5,0.5,17.1,1.6,13.2
2025-11-05,679:WA:SNTL,Paradise,5150,rainier,2.5,6.0,34.7,2.0,19.1,1.6,14.1
2025-11-06,679:WA:SNTL,Paradise,5150,rainier,2.4,5.0,30.0,2.1,21.2,2.0,14.5
2025-11-07,679:WA:SNTL,Paradise,5150,rainier,2.7,8.0,27.7,0.4,21.6,1.5,14.7
2025-11-08,679:WA:SNTL,Paradise,5150,rainier,2.7,7.0,43.5,0.0,21.6,2.2,14.8
2025-11-09,679:WA:SNTL,Paradise,5150,rainier,2.4,6.0,49.5,0.0,21.6,2.3,14.8
2025-11-10,679:WA:SNTL,Paradise,5150,rainier,2.2,5.0,34.3,0.0,21.6,2.4,15.5
2025-11-11,679:WA:SNTL,Paradise,5150,rainier,1.9,5.0,43.3,0.0,21.6,2.6,16.4
2025-11-12,679:WA:SNTL,Paradise,5150,rainier,1.6,2.0,44.2,0.0,21.6,3.0,17.0
2025-11-13,679:WA:SNTL,Paradise,5150,rainier,1.1,0.0,37.8,1.2,22.8,3.2,17.9
2025-11-14,679:WA:SNTL,Paradise,5150,rainier,0.8,0.0,39.6,1.5,24.3,3.2,18.3
2025-11-15,679:WA:SNTL,Paradise,5150,rainier,0.3,0.0,44.2,0.3,24.6,3.3,18.5
2025-11-16,679:WA:SNTL,Paradise,5150,rainier,0.3,0.0,39.2,0.2,24.8,3.7,18.8
2025-11-17,679:WA:SNTL,Paradise,5150,rainier,0.4,0.0,25.3,0.1,24.9,4.0,19.4
2025-11-18,679:WA:SNTL,Paradise,5150,rainier,0.8,0.0,24.4,0.3,25.2,4.7,19.5
2025-11-19,679:WA:SNTL,Paradise,5150,rainier,1.2,0.0,31.6,0.0,25.2,5.2,20.4
2025-11-20,679:WA:SNTL,Paradise,5150,rainier,1.1,1.0,30.4,0.1,25.3,6.2,21.4
2025-11-21,679:WA:SNTL,Paradise,5150,rainier,1.5,0.0,36.1,0.0,25.3,7.0,22.0
2025-11-22,679:WA:SNTL,Paradise,5150,rainier,1.0,0.0,34.9,0.0,25.3,7.0,23.6
2025-11-23,679:WA:SNTL,Paradise,5150,rainier,0.8,0.0,25.0,0.6,25.9,7.2,24.0
2025-11-24,679:WA:SNTL,Paradise,5150,rainier,2.0,3.0,23.7,0.1,26.0,7.6,25.2
2025-11-25,679:WA:SNTL,Paradise,5150,rainier,3.4,7.0,33.1,1.4,27.4,7.6,26.3
2025-11-26,679:WA:SNTL,Paradise,5150,rainier,2.7,5.0,39.6,0.3,27.7,7.8,27.4
2025-11-27,679:WA:SNTL,Paradise,5150,rainier,3.2,4.0,32.4,1.2,28.9,8.4,27.6
2025-11-28,679:WA:SNTL,Paradise,5150,rainier,2.9,6.0,32.2,0.5,29.4,8.4,28.5
2025-11-29,679:WA:SNTL,Paradise,5150,rainier,2.9,6.0,24.1,0.0,29.4,8.8,28.8
2025-11-30,679:WA:SNTL,Paradise,5150,rainier,4.2,6.0,32.9,0.1,29.5,9.6,29.8
2025-12-01,679:WA:SNTL,Paradise,5150,rainier,4.3,7.0,29.3,0.1,29.6,11.6,30.2
2025-12-02,679:WA:SNTL,Paradise,5150,rainier,3.9,7.0,27.3,0.4,30.0,12.2,30.5
2025-12-03,679:WA:SNTL,Paradise,5150,rainier,3.8,6.0,26.4,0.1,30.1,12.4,30.6
2025-12-04,679:WA:SNTL,Paradise,5150,rainier,4.5,12.0,32.5,1.0,31.1,13.4,31.4
2025-12-05,679:WA:SNTL,Paradise,5150,rainier,4.5,10.0,32.7,2.3,33.4,14.2,32.2
2025-12-06,679:WA:SNTL,Paradise,5150,rainier,5.3,12.0,32.0,1.0,34.4,14.6,32.7
2025-12-07,679:WA:SNTL,Paradise,5150,rainier,6.4,17.0,33.8,1.5,35.9,15.1,32.8
2025-12-08,679:WA:SNTL,Paradise,5150,rainier,6.9,12.0,34.9,6.0,41.9,16.0,32.8
2025-12-09,679:WA:SNTL,Paradise,5150,rainier,7.6,11.0,40.8,3.3,45.2,16.3,34.7
2025-12-10,679:WA:SNTL,Paradise,5150,rainier,5.7,8.0,41.7,4.0,49.2,17.0,34.9
2025-12-11,679:WA:SNTL,Paradise,5150,rainier,4.7,6.0,41.2,2.1,51.3,17.3,36.0
2025-12-12,679:WA:SNTL,Paradise,5150,rainier,4.1,8.0,35.2,0.1,51.4,17.4,37.2
2025-12-13,679:WA:SNTL,Paradise,5150,rainier,3.7,9.0,48.9,0.0,51.4,18.0,38.0
2025-12-14,679:WA:SNTL,Paradise,5150,rainier,3.7,8.0,43.0,0.2,51.6,18.2,38.2
2025-12-15,679:WA:SNTL,Paradise,5150,rainier,3.3,6.0,31.8,2.6,54.2,18.8,39.0
2025-12-16,679:WA:SNTL,Paradise,5150,rainier,4.0,4.0,37.4,1.8,56.0,19.0,39.3
2025-12-17,679:WA:SNTL,Paradise,5150,rainier,4.2,12.0,26.8,1.3,57.3,19.4,39.8
2025-12-18,679:WA:SNTL,Paradise,5150,rainier,5.8,14.0,25.5,2.6,59.9,20.2,40.3
2025-12-19,679:WA:SNTL,Paradise,5150,rainier,6.5,24.0,23.4,0.7,60.6,22.2,40.4
2025-12-20,679:WA:SNTL,Paradise,5150,rainier,7.4,31.0,26.6,0.9,61.5,22.5,40.6
2025-12-21,679:WA:SNTL,Paradise,5150,rainier,7.7,31.0,26.1,1.0,62.5,22.4,41.0
2025-12-22,679:WA:SNTL,Paradise,5150,rainier,8.4,37.0,25.3,0.5,63.0,22.8,41.0
2025-12-23,679:WA:SNTL,Paradise,5150,rainier,8.5,34.0,31.1,0.4,63.4,23.1,41.2
2025-12-24,679:WA:SNTL,Paradise,5150,rainier,8.8,32.0,23.7,0.6,64.0,23.6,41.8
2025-12-25,679:WA:SNTL,Paradise,5150,rainier,9.0,31.0,26.6,0.2,64.2,24.7,42.4
2025-12-26,679:WA:SNTL,Paradise,5150,rainier,9.9,40.0,19.4,0.7,64.9,25.4,42.8
2025-12-27,679:WA:SNTL,Paradise,5150,rainier,10.1,41.0,18.7,0.1,65.0,26.3,43.6
2025-12-28,679:WA:SNTL,Paradise,5150,rainier,10.2,37.0,29.3,0.1,65.1,27.3,44.2
2025-12-29,679:WA:SNTL,Paradise,5150,rainier,10.1,37.0,40.3,0.0,65.1,28.0,44.5
2025-12-30,679:WA:SNTL,Paradise,5150,rainier,10.1,37.0,41.2,0.0,65.1,28.0,44.8
2025-12-31,679:WA:SNTL,Paradise,5150,rainier,10.1,36.0,41.2,0.0,65.1,28.7,45.2
2026-01-01,679:WA:SNTL,Paradise,5150,rainier,10.3,33.0,38.3,0.6,65.7,29.0,45.5
2026-01-02,679:WA:SNTL,Paradise,5150,rainier,10.2,29.0,38.7,0.8,66.5,29.2,45.7
2026-01-03,679:WA:SNTL,Paradise,5150,rainier,10.5,27.0,31.6,0.5,67.0,29.4,46.6
2026-01-04,679:WA:SNTL,Paradise,5150,rainier,11.2,35.0,26.2,0.7,67.7,30.1,47.3
2026-01-05,679:WA:SNTL,Paradise,5150,rainier,11.4,38.0,22.5,0.2,67.9,30.6,48.3
2026-01-06,679:WA:SNTL,Paradise,5150,rainier,13.5,58.0,22.5,2.0,69.9,30.4,50.8
2026-01-07,679:WA:SNTL,Paradise,5150,rainier,14.9,60.0,22.3,1.2,71.1,31.2,52.2
2026-01-08,679:WA:SNTL,Paradise,5150,rainier,15.8,64.0,25.0,0.6,71.7,31.7,53.0
2026-01-09,679:WA:SNTL,Paradise,5150,rainier,15.9,53.0,32.9,0.0,71.7,32.8,53.8
2026-01-10,679:WA:SNTL,Paradise,5150,rainier,15.9,58.0,36.7,0.0,71.7,33.8,54.3
2026-01-11,679:WA:SNTL,Paradise,5150,rainier,16.3,54.0,36.9,0.8,72.5,33.9,55.3
2026-01-12,679:WA:SNTL,Paradise,5150,rainier,15.8,48.0,40.6,0.0,72.5,34.4,55.8
2026-01-13,679:WA:SNTL,Paradise,5150,rainier,15.7,46.0,46.9,0.0,72.5,34.8,56.0
2026-01-14,679:WA:SNTL,Paradise,5150,rainier,15.7,45.0,38.3,0.0,72.5,35.3,56.6
2026-01-15,679:WA:SNTL,Paradise,5150,rainier,15.7,45.0,45.7,0.0,72.5,35.8,57.3
2026-01-16,679:WA:SNTL,Paradise,5150,rainier,15.7,45.0,42.1,0.0,72.5,36.6,59.2
2026-01-17,679:WA:SNTL,Paradise,5150,rainier,15.6,44.0,47.8,0.0,72.5,36.8,60.2
2026-01-18,679:WA:SNTL,Paradise,5150,rainier,15.6,44.0,44.1,0.0,72.5,37.3,60.6
2026-01-19,679:WA:SNTL,Paradise,5150,rainier,15.6,43.0,43.3,0.0,72.5,37.2,60.8
2026-01-20,679:WA:SNTL,Paradise,5150,rainier,15.6,43.0,37.4,0.1,72.6,38.0,61.0
2026-01-21,679:WA:SNTL,Paradise,5150,rainier,15.7,43.0,36.1,0.0,72.6,38.5,61.4
2026-01-22,679:WA:SNTL,Paradise,5150,rainier,15.7,43.0,29.8,0.0,72.6,39.2,61.6
2026-01-23,679:WA:SNTL,Paradise,5150,rainier,15.7,43.0,24.6,0.0,72.6,40.6,62.2
2026-01-24,679:WA:SNTL,Paradise,5150,rainier,15.7,42.0,28.8,0.0,72.6,41.1,62.8
2026-01-25,679:WA:SNTL,Paradise,5150,rainier,15.7,43.0,31.3,0.0,72.6,41.8,63.1
2026-01-26,679:WA:SNTL,Paradise,5150,rainier,15.8,41.0,35.1,0.0,72.6,42.0,63.2
2026-01-27,679:WA:SNTL,Paradise,5150,rainier,15.8,42.0,31.6,0.0,72.6,42.8,63.5
2026-01-28,679:WA:SNTL,Paradise,5150,rainier,16.5,47.0,33.4,0.7,73.3,43.2,64.6
2026-01-29,679:WA:SNTL,Paradise,5150,rainier,18.0,50.0,33.6,1.5,74.8,44.4,66.6
2026-01-30,679:WA:SNTL,Paradise,5150,rainier,18.0,47.0,37.4,0.3,75.1,44.9,67.2
2026-01-31,679:WA:SNTL,Paradise,5150,rainier,17.7,49.0,44.8,0.3,75.4,45.0,68.0
2026-02-01,679:WA:SNTL,Paradise,5150,rainier,18.7,54.0,29.7,0.9,76.3,45.8,68.6
2026-02-02,679:WA:SNTL,Paradise,5150,rainier,19.8,58.0,36.9,1.7,78.0,45.8,69.2
2026-02-03,679:WA:SNTL,Paradise,5150,rainier,19.5,54.0,48.7,0.0,78.0,46.4,69.4
2026-02-04,679:WA:SNTL,Paradise,5150,rainier,19.2,51.0,51.6,0.0,78.0,46.2,70.1
2026-02-05,679:WA:SNTL,Paradise,5150,rainier,19.1,52.0,45.5,0.0,78.0,46.4,71.2
2026-02-06,679:WA:SNTL,Paradise,5150,rainier,19.0,51.0,41.9,0.0,78.0,47.4,71.7
2026-02-07,679:WA:SNTL,Paradise,5150,rainier,19.6,50.0,33.4,0.8,78.8,47.0,72.1
2026-02-08,679:WA:SNTL,Paradise,5150,rainier,19.7,51.0,27.7,0.3,79.1,47.0,72.3
2026-02-09,679:WA:SNTL,Paradise,5150,rainier,20.1,51.0,24.4,0.5,79.6,47.2,72.4
2026-02-10,679:WA:SNTL,Paradise,5150,rainier,20.1,51.0,28.9,0.0,79.6,47.2,72.4
2026-02-11,679:WA:SNTL,Paradise,5150,rainier,20.1,53.0,30.7,0.1,79.7,47.5,72.5
2026-02-12,679:WA:SNTL,Paradise,5150,rainier,20.2,50.0,26.6,0.0,79.7,48.4,72.8
2026-02-13,679:WA:SNTL,Paradise,5150,rainier,20.4,52.0,27.5,0.1,79.8,48.6,73.1
2026-02-14,679:WA:SNTL,Paradise,5150,rainier,20.6,54.0,26.8,0.2,80.0,49.0,73.6
2026-02-15,679:WA:SNTL,Paradise,5150,rainier,20.8,55.0,27.1,0.1,80.1,49.2,73.8
2026-02-16,679:WA:SNTL,Paradise,5150,rainier,21.0,55.0,16.2,0.1,80.2,49.8,74.0
2026-02-17,679:WA:SNTL,Paradise,5150,rainier,21.0,56.0,17.6,0.2,80.4,51.6,74.7
2026-02-18,679:WA:SNTL,Paradise,5150,rainier,21.2,59.0,19.0,0.1,80.5,52.3,75.0
2026-02-19,679:WA:SNTL,Paradise,5150,rainier,21.4,60.0,16.3,0.2,80.7,52.8,75.1
2026-02-20,679:WA:SNTL,Paradise,5150,rainier,21.4,60.0,21.0,0.0,80.7,54.4,75.5
2026-02-21,679:WA:SNTL,Paradise,5150,rainier,21.9,62.0,26.8,0.3,81.0,55.6,76.0
2026-02-22,679:WA:SNTL,Paradise,5150,rainier,22.0,67.0,32.2,0.1,81.1,55.9,77.0
2026-02-23,679:WA:SNTL,Paradise,5150,rainier,23.2,72.0,27.5,1.0,82.1,55.9,78.1
2026-02-24,679:WA:SNTL,Paradise,5150,rainier,23.6,65.0,23.9,0.4,82.5,56.0,78.2
2026-02-25,679:WA:SNTL,Paradise,5150,rainier,23.6,67.0,23.0,0.0,82.5,56.4,78.6
2026-02-26,679:WA:SNTL,Paradise,5150,rainier,23.6,66.0,25.9,0.0,82.5,56.9,78.9
2026-02-27,679:WA:SNTL,Paradise,5150,rainier,23.7,67.0,26.2,0.0,82.5,57.2,80.0
2026-02-28,679:WA:SNTL,Paradise,5150,rainier,23.7,66.0,34.7,0.0,82.5,57.8,80.8
2026-03-01,679:WA:SNTL,Paradise,5150,rainier,23.7,66.0,32.4,0.0,82.5,59.0,81.2
2026-03-02,679:WA:SNTL,Paradise,5150,rainier,23.8,64.0,34.3,0.0,82.5,59.6,81.4
2026-03-03,679:WA:SNTL,Paradise,5150,rainier,24.1,63.0,32.9,0.2,82.7,60.7,81.8
2026-03-04,679:WA:SNTL,Paradise,5150,rainier,25.0,67.0,28.8,0.9,83.6,61.4,82.0
2026-03-05,679:WA:SNTL,Paradise,5150,rainier,25.3,68.0,27.0,0.3,83.9,62.0,82.6
2026-03-06,679:WA:SNTL,Paradise,5150,rainier,26.6,70.0,33.8,1.2,85.1,62.2,82.8
2026-03-07,679:WA:SNTL,Paradise,5150,rainier,26.3,67.0,33.4,0.2,85.3,62.7,83.0
2026-03-08,679:WA:SNTL,Paradise,5150,rainier,26.5,62.0,21.2,1.3,86.6,63.0,84.2
2026-03-09,679:WA:SNTL,Paradise,5150,rainier,27.1,72.0,17.6,0.6,87.2,64.4,85.1
2026-03-10,679:WA:SNTL,Paradise,5150,rainier,27.6,78.0,22.8,0.5,87.7,65.0,85.6
2026-03-11,679:WA:SNTL,Paradise,5150,rainier,30.7,88.0,33.8,2.7,90.4,65.2,85.8
2026-03-12,679:WA:SNTL,Paradise,5150,rainier,32.7,99.0,30.6,2.0,92.4,65.6,85.9
2026-03-13,679:WA:SNTL,Paradise,5150,rainier,36.9,119.0,27.0,4.2,96.6,65.8,86.0
2026-03-14,679:WA:SNTL,Paradise,5150,rainier,36.9,114.0,18.1,1.1,97.7,65.6,86.6
2026-03-15,679:WA:SNTL,Paradise,5150,rainier,37.7,112.0,33.6,0.6,98.3,66.4,87.2
2026-03-16,679:WA:SNTL,Paradise,5150,rainier,37.4,106.0,43.7,0.2,98.5,66.8,88.0
2026-03-17,679:WA:SNTL,Paradise,5150,rainier,38.2,100.0,39.2,1.5,100.0,67.0,88.2
2026-03-18,679:WA:SNTL,Paradise,5150,rainier,37.5,93.0,43.9,0.5,100.5,67.3,88.5
2026-03-19,679:WA:SNTL,Paradise,5150,rainier,38.6,86.0,41.4,2.4,102.9,67.6,88.7
2026-03-20,679:WA:SNTL,Paradise,5150,rainier,36.7,84.0,31.5,0.9,103.8,67.8,88.8
2026-03-21,679:WA:SNTL,Paradise,5150,rainier,35.9,82.0,22.6,0.1,103.9,68.0,89.1
2026-03-22,679:WA:SNTL,Paradise,5150,rainier,35.9,81.0,33.6,0.0,103.9,68.4,89.2
2026-03-23,679:WA:SNTL,Paradise,5150,rainier,35.7,82.0,36.7,0.0,103.9,68.9,89.4
2026-03-24,679:WA:SNTL,Paradise,5150,rainier,36.7,80.0,29.3,1.5,105.4,68.6,90.1
2026-03-25,679:WA:SNTL,Paradise,5150,rainier,36.4,85.0,18.3,0.5,105.9,69.2,92.2
2026-03-26,679:WA:SNTL,Paradise,5150,rainier,36.4,79.0,27.1,0.0,105.9,69.7,92.2
2026-03-27,679:WA:SNTL,Paradise,5150,rainier,36.4,81.0,34.5,0.0,105.9,70.3,92.5
2026-03-28,679:WA:SNTL,Paradise,5150,rainier,36.3,78.0,29.3,0.0,105.9,71.4,93.7
2026-03-29,679:WA:SNTL,Paradise,5150,rainier,36.7,82.0,22.5,0.2,106.1,71.6,94.4
2026-03-30,679:WA:SNTL,Paradise,5150,rainier,36.9,79.0,26.6,0.0,106.1,71.9,94.7
2026-03-31,679:WA:SNTL,Paradise,5150,rainier,36.7,79.0,33.1,0.0,106.1,72.4,94.7
2026-04-01,679:WA:SNTL,Paradise,5150,rainier,37.8,88.0,25.3,0.8,106.9,72.6,94.7
2026-04-02,679:WA:SNTL,Paradise,5150,rainier,38.3,90.0,25.0,0.5,107.4,72.6,94.7
2026-04-03,679:WA:SNTL,Paradise,5150,rainier,38.4,84.0,30.7,0.0,107.4,73.2,94.8
2026-04-04,679:WA:SNTL,Paradise,5150,rainier,38.4,86.0,42.3,0.0,107.4,73.6,95.5
2026-04-05,679:WA:SNTL,Paradise,5150,rainier,38.2,84.0,45.9,0.0,107.4,74.2,96.2
2026-04-06,679:WA:SNTL,Paradise,5150,rainier,38.2,82.0,38.3,0.0,107.4,74.4,97.0
2026-04-07,679:WA:SNTL,Paradise,5150,rainier,38.2,81.0,28.8,0.0,107.4,75.2,97.7
2026-04-08,679:WA:SNTL,Paradise,5150,rainier,37.9,80.0,35.6,0.0,107.4,76.3,98.0
2026-04-09,679:WA:SNTL,Paradise,5150,rainier,37.4,79.0,43.9,0.0,107.4,76.2,98.0
2026-04-10,679:WA:SNTL,Paradise,5150,rainier,37.2,77.0,41.0,0.0,107.4,76.5,98.0
2026-04-11,679:WA:SNTL,Paradise,5150,rainier,37.2,76.0,33.1,0.4,107.8,76.4,98.0
2026-04-12,679:WA:SNTL,Paradise,5150,rainier,36.6,76.0,33.4,0.2,108.0,77.0,98.0
2026-04-13,679:WA:SNTL,Paradise,5150,rainier,36.3,74.0,26.1,0.1,108.1,77.6,98.0
2026-04-14,679:WA:SNTL,Paradise,5150,rainier,37.2,81.0,29.7,0.6,108.7,78.5,98.2
2026-04-15,679:WA:SNTL,Paradise,5150,rainier,38.2,95.0,20.5,1.1,109.8,78.7,98.2
2026-04-16,679:WA:SNTL,Paradise,5150,rainier,38.3,90.0,24.3,0.0,109.8,79.2,98.5
2026-04-17,679:WA:SNTL,Paradise,5150,rainier,38.4,86.0,29.7,0.0,109.8,79.5,98.9
2026-04-18,679:WA:SNTL,Paradise,5150,rainier,38.2,83.0,43.5,0.0,109.8,79.6,99.2
2026-04-19,679:WA:SNTL,Paradise,5150,rainier,38.0,80.0,47.7,0.0,109.8,80.2,99.4
2026-04-20,679:WA:SNTL,Paradise,5150,rainier,37.8,77.0,39.9,0.0,109.8,81.0,99.5
2026-04-21,679:WA:SNTL,Paradise,5150,rainier,37.4,75.0,34.2,0.2,110.0,81.0,99.6
2026-04-22,679:WA:SNTL,Paradise,5150,rainier,38.3,78.0,30.9,1.2,111.2,81.0,100.3
2026-04-23,679:WA:SNTL,Paradise,5150,rainier,38.7,76.0,30.7,0.4,111.6,80.8,101.2
2026-04-24,679:WA:SNTL,Paradise,5150,rainier,38.6,80.0,30.4,0.0,111.6,80.5,101.8
2026-04-25,679:WA:SNTL,Paradise,5150,rainier,38.5,78.0,31.8,0.0,111.6,80.4,102.0
2026-04-26,679:WA:SNTL,Paradise,5150,rainier,38.3,77.0,32.0,0.0,111.6,80.6,102.2
2026-04-27,679:WA:SNTL,Paradise,5150,rainier,38.1,78.0,32.0,0.0,111.6,80.4,102.4
2026-04-28,679:WA:SNTL,Paradise,5150,rainier,38.0,77.0,30.9,0.0,111.6,80.0,102.5
2026-04-29,679:WA:SNTL,Paradise,5150,rainier,37.6,75.0,44.8,0.0,111.6,79.9,102.7
2026-04-30,679:WA:SNTL,Paradise,5150,rainier,37.1,73.0,44.6,0.0,111.6,80.7,102.8
2026-05-01,679:WA:SNTL,Paradise,5150,rainier,36.3,70.0,50.0,0.0,111.6,80.8,102.8
2026-05-02,679:WA:SNTL,Paradise,5150,rainier,35.3,66.0,50.9,0.0,111.6,80.6,103.4
2026-05-03,679:WA:SNTL,Paradise,5150,rainier,34.2,64.0,50.9,0.0,111.6,80.2,103.7
2026-05-04,679:WA:SNTL,Paradise,5150,rainier,33.2,61.0,46.2,0.0,111.6,80.0,104.1
2026-05-05,679:WA:SNTL,Paradise,5150,rainier,32.2,56.0,44.2,0.0,111.6,79.3,104.6
2026-05-06,679:WA:SNTL,Paradise,5150,rainier,31.2,54.0,37.6,0.0,111.6,78.4,105.4
2026-05-07,679:WA:SNTL,Paradise,5150,rainier,30.1,53.0,37.8,0.0,111.6,78.0,105.6
2026-05-08,679:WA:SNTL,Paradise,5150,rainier,29.2,50.0,35.4,0.0,111.6,77.6,105.8
2026-05-09,679:WA:SNTL,Paradise,5150,rainier,28.4,50.0,48.2,0.0,111.6,77.2,105.8
2026-05-10,679:WA:SNTL,Paradise,5150,rainier,27.7,48.0,36.9,0.0,111.6,76.6,105.8
2026-05-11,679:WA:SNTL,Paradise,5150,rainier,26.6,46.0,50.2,0.0,111.6,76.3,106.0
2026-05-12,679:WA:SNTL,Paradise,5150,rainier,25.6,42.0,44.2,0.0,111.6,75.4,106.2
2026-05-13,679:WA:SNTL,Paradise,5150,rainier,25.7,45.0,34.3,1.9,113.5,74.6,106.6
2026-05-14,679:WA:SNTL,Paradise,5150,rainier,25.0,40.0,31.8,0.3,113.8,73.8,106.6
2026-05-15,679:WA:SNTL,Paradise,5150,rainier,25.8,44.0,27.9,0.8,114.6,72.6,106.8
2026-05-16,679:WA:SNTL,Paradise,5150,rainier,26.9,50.0,26.8,0.8,115.4,71.2,107.4
2026-05-17,679:WA:SNTL,Paradise,5150,rainier,26.9,48.0,31.1,0.0,115.4,70.1,107.6
2026-05-18,679:WA:SNTL,Paradise,5150,rainier,26.5,45.0,32.5,0.0,115.4,69.1,107.7
2026-05-19,679:WA:SNTL,Paradise,5150,rainier,26.4,44.0,36.7,0.0,115.4,68.4,107.7
2026-05-20,679:WA:SNTL,Paradise,5150,rainier,25.7,40.0,39.0,0.0,115.4,67.2,107.9
2026-05-21,679:WA:SNTL,Paradise,5150,rainier,24.8,39.0,44.6,0.0,115.4,66.6,108.2
2026-05-22,679:WA:SNTL,Paradise,5150,rainier,23.7,35.0,44.6,0.0,115.4,65.9,108.4
2026-05-23,679:WA:SNTL,Paradise,5150,rainier,22.6,33.0,41.5,0.0,115.4,65.8,108.9
2026-05-24,679:WA:SNTL,Paradise,5150,rainier,21.4,28.0,48.2,0.0,115.4,66.0,108.9
2026-05-25,679:WA:SNTL,Paradise,5150,rainier,20.9,26.0,33.8,0.0,115.4,66.2,109.1
2026-05-26,679:WA:SNTL,Paradise,5150,rainier,20.0,24.0,36.9,0.0,115.4,65.4,109.4
2026-05-27,679:WA:SNTL,Paradise,5150,rainier,18.7,20.0,48.9,0.0,115.4,65.8,109.4
2026-05-28,679:WA:SNTL,Paradise,5150,rainier,17.3,12.0,46.9,0.0,115.4,66.0,109.4
2026-05-29,679:WA:SNTL,Paradise,5150,rainier,16.6,17.0,31.1,0.1,115.5,64.8,109.4
2026-05-30,679:WA:SNTL,Paradise,5150,rainier,16.1,18.0,29.1,0.0,115.5,64.1,110.0
2026-05-31,679:WA:SNTL,Paradise,5150,rainier,15.2,14.0,39.9,0.0,115.5,63.4,110.0
2026-06-01,679:WA:SNTL,Paradise,5150,rainier,14.0,13.0,48.4,0.0,115.5,62.8,110.0
2026-06-02,679:WA:SNTL,Paradise,5150,rainier,12.6,9.0,53.4,0.0,115.5,61.2,110.0
2026-06-03,679:WA:SNTL,Paradise,5150,rainier,11.7,2.0,38.3,0.1,115.6,60.0,110.0
2026-06-04,679:WA:SNTL,Paradise,5150,rainier,10.3,4.0,36.9,0.0,115.6,58.6,110.0
2026-06-05,679:WA:SNTL,Paradise,5150,rainier,9.6,3.0,32.0,0.2,115.8,57.2,110.2
2026-06-06,679:WA:SNTL,Paradise,5150,rainier,9.8,0.0,30.4,0.7,116.5,56.3,110.2
2026-06-07,679:WA:SNTL,Paradise,5150,rainier,10.0,0.0,32.9,0.4,116.9,55.4,110.8
2026-06-08,679:WA:SNTL,Paradise,5150,rainier,10.1,0.0,40.1,1.6,118.5,53.7,111.2
2026-06-09,679:WA:SNTL,Paradise,5150,rainier,9.0,0.0,33.6,1.1,119.6,52.7,111.6
2026-06-10,679:WA:SNTL,Paradise,5150,rainier,8.5,0.0,34.3,0.0,119.6,51.8,111.6
2026-06-11,679:WA:SNTL,Paradise,5150,rainier,7.2,0.0,39.2,0.0,119.6,50.8,111.6
2026-06-12,679:WA:SNTL,Paradise,5150,rainier,5.9,0.0,51.8,0.0,119.6,49.6,111.8
2026-06-13,679:WA:SNTL,Paradise,5150,rainier,3.8,0.0,54.1,0.0,119.6,48.8,112.1
2026-06-14,679:WA:SNTL,Paradise,5150,rainier,1.6,0.0,59.2,0.0,119.6,47.8,112.2
2026-06-15,679:WA:SNTL,Paradise,5150,rainier,0.1,0.0,53.4,0.0,119.6,46.9,112.2
2026-06-16,679:WA:SNTL,Paradise,5150,rainier,0.0,0.0,45.3,0.0,119.6,46.2,112.3
2026-06-17,679:WA:SNTL,Paradise,5150,rainier,0.0,0.0,43.2,0.0,119.6,45.0,112.5
2026-06-18,679:WA:SNTL,Paradise,5150,rainier,0.0,0.0,57.9,0.0,119.6,44.2,112.8
2026-06-19,679:WA:SNTL,Paradise,5150,rainier,0.0,0.0,47.3,0.0,119.6,43.6,113.2
2026-06-20,679:WA:SNTL,Paradise,5150,rainier,0.0,0.0,42.4,0.0,119.6,42.5,113.2
2026-06-21,679:WA:SNTL,Paradise,5150,rainier,0.0,0.0,48.9,0.0,119.6,41.2,113.5
2026-06-22,679:WA:SNTL,Paradise,5150,rainier,0.0,0.0,57.9,0.0,119.6,39.9,113.6
2026-06-23,679:WA:SNTL,Paradise,5150,rainier,0.0,0.0,57.6,0.0,119.6,38.2,113.8
2026-06-24,679:WA:SNTL,Paradise,5150,rainier,0.0,0.0,48.6,0.1,119.7,36.5,113.8
2026-06-25,679:WA:SNTL,Paradise,5150,rainier,0.0,0.0,41.2,0.4,120.1,35.6,113.8
2026-06-26,679:WA:SNTL,Paradise,5150,rainier,0.0,0.0,38.5,0.5,120.6,34.8,113.8
2026-06-27,679:WA:SNTL,Paradise,5150,rainier,0.0,0.0,39.7,0.0,120.6,33.3,113.8
2026-06-28,679:WA:SNTL,Paradise,5150,rainier,0.0,0.0,39.6,0.3,120.9,31.6,113.9
2026-06-29,679:WA:SNTL,Paradise,5150,rainier,0.0,0.0,41.0,0.1,121.0,29.8,113.9
2026-06-30,679:WA:SNTL,Paradise,5150,rainier,0.0,0.0,37.4,0.2,121.2,27.7,114.0
2026-07-01,679:WA:SNTL,Paradise,5150,rainier,0.0,0.0,39.9,0.0,121.2,26.2,114.1
2026-07-02,679:WA:SNTL,Paradise,5150,rainier,0.0,0.0,46.2,0.0,121.2,24.6,114.1
2026-07-03,679:WA:SNTL,Paradise,5150,rainier,0.0,0.0,43.0,0.0,121.2,23.5,114.1
2026-07-04,679:WA:SNTL,Paradise,5150,rainier,0.0,0.0,40.8,0.0,121.2,22.7,114.1
2026-07-05,679:WA:SNTL,Paradise,5150,rainier,0.0,0.0,56.8,0.0,121.2,21.6,114.1
2026-07-06,679:WA:SNTL,Paradise,5150,rainier,0.0,0.0,55.8,0.0,121.2,19.8,114.1
2026-07-07,679:WA:SNTL,Paradise,5150,rainier,0.0,0.0,44.1,0.0,121.2,16.9,114.1
2026-07-08,679:WA:SNTL,Paradise,5150,rainier,0.0,0.0,46.8,0.0,121.2,14.6,114.1
2026-07-09,679:WA:SNTL,Paradise,5150,rainier,0.0,0.0,48.0,0.0,121.2,12.0,114.1
2026-07-10,679:WA:SNTL,Paradise,5150,rainier,0.0,0.0,47.5,0.0,121.2,9.8,114.1
2026-07-11,679:WA:SNTL,Paradise,5150,rainier,0.0,0.0,45.7,0.0,121.2,7.4,114.1
2026-07-12,679:WA:SNTL,Paradise,5150,rainier,0.0,0.0,45.7,0.0,121.2,4.0,114.2
2026-07-13,679:WA:SNTL,Paradise,5150,rainier,0.0,0.0,53.4,0.0,121.2,1.4,114.4
2026-07-14,679:WA:SNTL,Paradise,5150,rainier,0.0,0.0,55.6,0.0,121.2,0.8,114.4
2026-07-15,679:WA:SNTL,Paradise,5150,rainier,0.0,0.0,63.7,0.0,121.2,0.0,114.4
2026-07-16,679:WA:SNTL,Paradise,5150,rainier,0.0,0.0,45.0,0.0,121.2,0.0,114.4
2026-07-17,679:WA:SNTL,Paradise,5150,rainier,0.0,0.0,44.6,0.0,121.2,0.0,114.4
2026-07-18,679:WA:SNTL,Paradise,5150,rainier,0.0,0.0,44.8,0.0,121.2,0.0,114.4
2026-07-19,679:WA:SNTL,Paradise,5150,rainier,0.0,0.0,59.0,0.0,121.2,0.0,114.4
2026-07-20,679:WA:SNTL,Paradise,5150,rainier,0.0,0.0,64.4,0.0,121.2,0.0,114.4
2026-07-21,679:WA:SNTL,Paradise,5150,rainier,0.0,0.0,65.5,0.0,121.2,0.0,114.4
2026-07-22,679:WA:SNTL,Paradise,5150,rainier,0.0,0.0,58.6,0.0,121.2,0.0,114.4
2026-07-23,679:WA:SNTL,Paradise,5150,rainier,0.0,0.0,52.5,0.0,121.2,0.0,114.4
2026-07-24,679:WA:SNTL,Paradise,5150,rainier,0.0,0.0,52.5,0.0,121.2,0.0,114.4
2026-07-25,679:WA:SNTL,Paradise,5150,rainier,0.0,0.0,44.6,0.2,121.4,0.0,114.4
2026-07-26,679:WA:SNTL,Paradise,5150,rainier,0.0,0.0,45.9,0.0,121.4,0.0,114.4
2026-07-27,679:WA:SNTL,Paradise,5150,rainier,0.0,0.0,49.3,0.0,121.4,0.0,114.4
2026-07-28,679:WA:SNTL,Paradise,5150,rainier,0.0,0.0,46.2,0.0,121.4,0.0,114.4
2026-07-29,679:WA:SNTL,Paradise,5150,rainier,0.0,0.0,45.1,0.0,121.4,0.0,114.4
2026-07-30,679:WA:SNTL,Paradise,5150,rainier,0.0,0.0,47.1,0.0,121.4,0.0,114.4
2026-07-31,679:WA:SNTL,Paradise,5150,rainier,0.0,0.0,50.5,0.0,121.4,0.0,114.4
2026-08-01,679:WA:SNTL,Paradise,5150,rainier,0.0,0.0,40.5,0.0,121.4,0.0,114.6
2026-08-02,679:WA:SNTL,Paradise,5150,rainier,0.0,0.0,38.7,0.0,121.4,0.0,114.6
2026-08-03,679:WA:SNTL,Paradise,5150,rainier,0.0,0.0,53.6,0.0,121.4,0.0,114.6
2026-08-04,679:WA:SNTL,Paradise,5150,rainier,0.0,0.0,58.6,0.0,121.4,0.0,114.6
2026-08-05,679:WA:SNTL,Paradise,5150,rainier,0.0,0.0,56.5,0.0,121.4,0.0,114.6
2026-08-06,679:WA:SNTL,Paradise,5150,rainier,0.0,0.0,59.7,0.0,121.4,0.0,114.6
2026-08-07,679:WA:SNTL,Paradise,5150,rainier,0.0,0.0,54.9,0.0,121.4,0.0,114.6
2026-08-08,679:WA:SNTL,Paradise,5150,rainier,0.0,0.0,48.9,0.0,121.4,0.0,114.7
2026-08-09,679:WA:SNTL,Paradise,5150,rainier,0.0,0.0,48.2,0.0,121.4,0.0,114.8
2026-08-10,679:WA:SNTL,Paradise,5150,rainier,0.0,0.0,47.5,0.0,121.4,0.0,114.8
2026-08-11,679:WA:SNTL,Paradise,5150,rainier,0.0,0.0,46.4,0.0,121.4,0.0,115.0
2026-08-12,679:WA:SNTL,Paradise,5150,rainier,0.0,0.0,48.2,0.0,121.4,0.0,115.2
2026-08-13,679:WA:SNTL,Paradise,5150,rainier,0.0,0.0,56.1,0.0,121.4,0.0,115.2
2026-08-14,679:WA:SNTL,Paradise,5150,rainier,0.0,0.0,57.6,0.0,121.4,0.0,115.2
2026-08-15,679:WA:SNTL,Paradise,5150,rainier,0.0,0.0,54.1,0.0,121.4,0.0,115.2
2026-08-16,679:WA:SNTL,Paradise,5150,rainier,0.0,0.0,49.3,0.0,121.4,0.0,115.3
2026-08-17,679:WA:SNTL,Paradise,5150,rainier,0.0,0.0,50.7,0.0,121.4,0.0,115.3
2026-08-18,679:WA:SNTL,Paradise,5150,rainier,0.0,0.0,51.4,0.0,121.4,0.0,115.3
2026-08-19,679:WA:SNTL,Paradise,5150,rainier,0.0,0.0,57.2,0.0,121.4,0.0,115.3
2026-08-20,679:WA:SNTL,Paradise,5150,rainier,0.0,0.0,63.1,0.0,121.4,0.0,115.3
2026-08-21,679:WA:SNTL,Paradise,5150,rainier,0.0,0.0,67.5,0.0,121.4,0.0,115.7
2026-08-22,679:WA:SNTL,Paradise,5150,rainier,0.0,0.0,46.9,0.0,121.4,0.0,115.7
2026-08-23,679:WA:SNTL,Paradise,5150,rainier,0.0,0.0,46.8,0.0,121.4,0.0,115.7
2026-08-24,679:WA:SNTL,Paradise,5150,rainier,0.0,0.0,62.1,0.0,121.4,0.0,115.7
2026-08-25,679:WA:SNTL,Paradise,5150,rainier,0.0,0.0,56.3,0.0,121.4,0.0,115.7
2026-08-26,679:WA:SNTL,Paradise,5150,rainier,0.0,0.0,54.7,0.0,121.4,0.0,115.7
2026-08-27,679:WA:SNTL,Paradise,5150,rainier,0.0,0.0,44.6,0.1,121.5,0.0,115.7
2026-08-28,679:WA:SNTL,Paradise,5150,rainier,0.0,0.0,42.1,0.0,121.5,0.0,115.7
2026-08-29,679:WA:SNTL,Paradise,5150,rainier,0.0,0.0,38.7,0.5,122.0,0.0,115.8
2026-08-30,679:WA:SNTL,Paradise,5150,rainier,0.0,0.0,49.3,0.0,122.0,0.0,115.8
2026-08-31,679:WA:SNTL,Paradise,5150,rainier,0.0,0.0,54.0,0.0,122.0,0.0,115.8
2026-09-01,679:WA:SNTL,Paradise,5150,rainier,0.0,0.0,43.2,0.0,122.0,0.0,115.8
2026-09-02,679:WA:SNTL,Paradise,5150,rainier,0.0,0.0,35.6,0.5,122.5,0.0,115.8
2026-09-03,679:WA:SNTL,Paradise,5150,rainier,0.0,0.0,36.3,0.3,122.8,0.0,115.8
2026-09-04,679:WA:SNTL,Paradise,5150,rainier,0.0,0.0,41.0,0.0,122.8,0.0,115.8
2026-09-05,679:WA:SNTL,Paradise,5150,rainier,0.0,0.0,41.4,0.7,123.5,0.0,116.0
2026-09-06,679:WA:SNTL,Paradise,5150,rainier,0.0,0.0,41.9,0.0,123.5,0.0,116.2
2026-09-07,679:WA:SNTL,Paradise,5150,rainier,0.0,0.0,39.2,0.0,123.5,0.0,116.2
2026-09-08,679:WA:SNTL,Paradise,5150,rainier,0.0,0.0,50.5,0.0,123.5,0.0,116.2
2026-09-09,679:WA:SNTL,Paradise,5150,rainier,0.0,0.0,54.0,0.0,123.5,0.0,116.2
2026-09-10,679:WA:SNTL,Paradise,5150,rainier,0.0,0.0,39.6,0.1,123.6,0.0,116.2
2026-09-11,679:WA:SNTL,Paradise,5150,rainier,0.0,0.0,48.6,0.0,123.6,0.0,116.2
2026-09-12,679:WA:SNTL,Paradise,5150,rainier,0.0,0.0,39.6,0.0,123.6,0.0,116.3
2026-09-13,679:WA:SNTL,Paradise,5150,rainier,0.0,0.0,38.1,1.6,125.2,0.0,116.8
2026-09-14,679:WA:SNTL,Paradise,5150,rainier,0.0,0.0,39.7,0.0,125.2,0.0,117.0
2026-09-15,679:WA:SNTL,Paradise,5150,rainier,0.0,0.0,42.4,0.0,125.2,0.0,117.0
2026-09-16,679:WA:SNTL,Paradise,5150,rainier,0.0,0.0,53.4,0.0,125.2,0.0,117.0
2026-09-17,679:WA:SNTL,Paradise,5150,rainier,0.0,0.0,47.3,0.0,125.2,0.0,117.0
2026-09-18,679:WA:SNTL,Paradise,5150,rainier,0.0,0.0,50.4,0.0,125.2,0.0,117.0
2026-09-19,679:WA:SNTL,Paradise,5150,rainier,0.0,0.0,54.5,0.0,125.2,0.0,117.0
2026-09-20,679:WA:SNTL,Paradise,5150,rainier,0.0,0.0,57.4,0.0,125.2,0.0,117.0
2026-09-21,679:WA:SNTL,Paradise,5150,rainier,0.0,0.0,41.4,0.0,125.2,0.0,117.1
2026-09-22,679:WA:SNTL,Paradise,5150,rainier,0.0,0.0,38.5,0.0,125.2,0.0,117.1
2026-09-23,679:WA:SNTL,Paradise,5150,rainier,0.0,0.0,40.6,0.0,125.2,0.0,118.2
2026-09-24,679:WA:SNTL,Paradise,5150,rainier,0.0,0.0,42.8,0.2,125.4,0.0,118.2
2026-09-25,679:WA:SNTL,Paradise,5150,rainier,0.0,1.0,31.8,1.2,126.6,0.0,118.2
2026-09-26,679:WA:SNTL,Paradise,5150,rainier,0.0,1.0,40.1,0.0,126.6,0.0,118.2
2026-09-27,679:WA:SNTL,Paradise,5150,rainier,0.0,1.0,39.9,0.0,126.6,0.0,118.2
2026-09-28,679:WA:SNTL,Paradise,5150,rainier,0.0,1.0,43.3,0.0,126.6,0.0,118.2
2026-09-29,679:WA:SNTL,Paradise,5150,rainier,0.0,1.0,45.7,0.8,127.4,0.0,118.4
2026-09-30,679:WA:SNTL,Paradise,5150,rainier,0.0,0.0,43.7,0.1,127.5,0.0,119.1
2025-10-01,1085:WA:SNTL,Cayuse Pass,5260,rainier,0.0,0.0,39.2,,,0.0,
2025-10-02,1085:WA:SNTL,Cayuse Pass,5260,rainier,0.0,0.0,39.7,,,0.0,
2025-10-03,1085:WA:SNTL,Cayuse Pass,5260,rainier,0.0,0.0,40.6,,,0.0,
2025-10-04,1085:WA:SNTL,Cayuse Pass,5260,rainier,0.0,0.0,38.5,,,0.0,
2025-10-05,1085:WA:SNTL,Cayuse Pass,5260,rainier,0.0,0.0,46.0,,,0.0,
2025-10-06,1085:WA:SNTL,Cayuse Pass,5260,rainier,0.0,0.0,49.5,,,0.0,
2025-10-07,1085:WA:SNTL,Cayuse Pass,5260,rainier,0.0,0.0,44.2,,,0.0,
2025-10-08,1085:WA:SNTL,Cayuse Pass,5260,rainier,0.0,0.0,46.6,,,0.0,
2025-10-09,1085:WA:SNTL,Cayuse Pass,5260,rainier,0.0,0.0,51.8,,,0.0,
2025-10-10,1085:WA:SNTL,Cayuse Pass,5260,rainier,0.0,0.0,36.7,,,0.0,
2025-10-11,1085:WA:SNTL,Cayuse Pass,5260,rainier,0.1,0.0,33.1,,,0.0,
2025-10-12,1085:WA:SNTL,Cayuse Pass,5260,rainier,0.6,3.0,30.6,,,0.0,
2025-10-13,1085:WA:SNTL,Cayuse Pass,5260,rainier,0.8,1.0,32.2,,,0.0,
2025-10-14,1085:WA:SNTL,Cayuse Pass,5260,rainier,0.6,2.0,35.6,,,0.0,
2025-10-15,1085:WA:SNTL,Cayuse Pass,5260,rainier,0.3,0.0,36.1,,,0.0,
2025-10-16,1085:WA:SNTL,Cayuse Pass,5260,rainier,0.1,0.0,35.2,,,0.0,
2025-10-17,1085:WA:SNTL,Cayuse Pass,5260,rainier,0.0,0.0,34.2,,,0.0,2.4
2025-10-18,1085:WA:SNTL,Cayuse Pass,5260,rainier,0.1,0.0,39.0,,,0.0,2.6
2025-10-19,1085:WA:SNTL,Cayuse Pass,5260,rainier,0.3,0.0,33.8,,,0.0,2.8
2025-10-20,1085:WA:SNTL,Cayuse Pass,5260,rainier,0.0,0.0,37.9,,,0.0,3.0
2025-10-21,1085:WA:SNTL,Cayuse Pass,5260,rainier,0.0,0.0,51.4,,,0.0,3.0
2025-10-22,1085:WA:SNTL,Cayuse Pass,5260,rainier,0.0,0.0,38.7,,,0.0,3.6
2025-10-23,1085:WA:SNTL,Cayuse Pass,5260,rainier,0.0,0.0,43.3,,,0.0,3.8
2025-10-24,1085:WA:SNTL,Cayuse Pass,5260,rainier,0.1,0.0,32.5,,,0.0,4.4
2025-10-25,1085:WA:SNTL,Cayuse Pass,5260,rainier,1.0,7.0,29.3,,,0.1,4.9
2025-10-26,1085:WA:SNTL,Cayuse Pass,5260,rainier,2.4,16.0,27.5,,,0.1,5.2
2025-10-27,1085:WA:SNTL,Cayuse Pass,5260,rainier,2.6,17.0,28.0,,,0.2,5.8
2025-10-28,1085:WA:SNTL,Cayuse Pass,5260,rainier,2.6,12.0,37.2,,,0.0,6.2
2025-10-29,1085:WA:SNTL,Cayuse Pass,5260,rainier,2.5,12.0,40.1,,,0.0,6.2
2025-10-30,1085:WA:SNTL,Cayuse Pass,5260,rainier,2.4,11.0,39.2,,,0.0,6.6
2025-10-31,1085:WA:SNTL,Cayuse Pass,5260,rainier,2.2,5.0,41.0,,,0.2,6.8
2025-11-01,1085:WA:SNTL,Cayuse Pass,5260,rainier,0.8,2.0,32.2,,,0.2,7.6
2025-11-02,1085:WA:SNTL,Cayuse Pass,5260,rainier,0.8,2.0,34.2,,,0.5,7.8
2025-11-03,1085:WA:SNTL,Cayuse Pass,5260,rainier,1.9,10.0,30.9,,,0.6,7.8
2025-11-04,1085:WA:SNTL,Cayuse Pass,5260,rainier,2.0,10.0,36.5,,,0.6,8.6
2025-11-05,1085:WA:SNTL,Cayuse Pass,5260,rainier,1.7,4.0,36.0,,,0.8,9.2
2025-11-06,1085:WA:SNTL,Cayuse Pass,5260,rainier,1.5,4.0,31.8,,,0.8,9.4
2025-11-07,1085:WA:SNTL,Cayuse Pass,5260,rainier,2.2,8.0,31.1,,,1.1,9.8
2025-11-08,1085:WA:SNTL,Cayuse Pass,5260,rainier,2.1,8.0,40.6,,,1.0,10.2
2025-11-09,1085:WA:SNTL,Cayuse Pass,5260,rainier,1.4,3.0,49.3,,,1.2,10.4
2025-11-10,1085:WA:SNTL,Cayuse Pass,5260,rainier,0.8,1.0,36.5,,,1.5,10.6
2025-11-11,1085:WA:SNTL,Cayuse Pass,5260,rainier,0.5,0.0,44.1,,,1.8,11.0
2025-11-12,1085:WA:SNTL,Cayuse Pass,5260,rainier,0.0,0.0,42.1,,,2.6,11.3
2025-11-13,1085:WA:SNTL,Cayuse Pass,5260,rainier,0.0,0.0,39.4,,,2.5,12.2
2025-11-14,1085:WA:SNTL,Cayuse Pass,5260,rainier,0.0,0.0,40.5,,,2.1,12.2
2025-11-15,1085:WA:SNTL,Cayuse Pass,5260,rainier,0.0,0.0,43.7,,,2.6,12.4
2025-11-16,1085:WA:SNTL,Cayuse Pass,5260,rainier,0.0,0.0,40.6,,,3.2,12.8
2025-11-17,1085:WA:SNTL,Cayuse Pass,5260,rainier,0.0,0.0,27.9,,,3.5,13.0
2025-11-18,1085:WA:SNTL,Cayuse Pass,5260,rainier,0.2,1.0,27.1,,,4.0,13.6
2025-11-19,1085:WA:SNTL,Cayuse Pass,5260,rainier,0.2,1.0,30.4,,,4.2,14.0
2025-11-20,1085:WA:SNTL,Cayuse Pass,5260,rainier,0.4,2.0,30.9,,,4.0,14.4
2025-11-21,1085:WA:SNTL,Cayuse Pass,5260,rainier,0.4,3.0,35.8,,,3.9,15.0
2025-11-22,1085:WA:SNTL,Cayuse Pass,5260,rainier,0.2,1.0,36.0,,,3.9,15.8
2025-11-23,1085:WA:SNTL,Cayuse Pass,5260,rainier,0.3,1.0,28.9,,,4.2,16.2
2025-11-24,1085:WA:SNTL,Cayuse Pass,5260,rainier,0.7,3.0,27.1,,,5.2,16.4
2025-11-25,1085:WA:SNTL,Cayuse Pass,5260,rainier,1.8,11.0,31.5,,,5.3,16.8
2025-11-26,1085:WA:SNTL,Cayuse Pass,5260,rainier,1.8,9.0,37.2,,,5.4,17.2
2025-11-27,1085:WA:SNTL,Cayuse Pass,5260,rainier,3.0,13.0,32.2,,,6.0,17.4
2025-11-28,1085:WA:SNTL,Cayuse Pass,5260,rainier,3.1,15.0,33.8,,,6.4,17.8
2025-11-29,1085:WA:SNTL,Cayuse Pass,5260,rainier,3.1,15.0,26.6,,,6.5,17.8
2025-11-30,1085:WA:SNTL,Cayuse Pass,5260,rainier,3.0,14.0,36.5,,,7.3,18.0
2025-12-01,1085:WA:SNTL,Cayuse Pass,5260,rainier,3.1,12.0,28.9,,,8.1,18.0
2025-12-02,1085:WA:SNTL,Cayuse Pass,5260,rainier,3.2,16.0,30.0,,,10.0,18.2
2025-12-03,1085:WA:SNTL,Cayuse Pass,5260,rainier,3.2,13.0,30.0,,,11.2,18.2
2025-12-04,1085:WA:SNTL,Cayuse Pass,5260,rainier,3.5,15.0,33.8,,,11.4,18.7
2025-12-05,1085:WA:SNTL,Cayuse Pass,5260,rainier,3.6,10.0,34.5,,,11.5,19.6
2025-12-06,1085:WA:SNTL,Cayuse Pass,5260,rainier,3.8,14.0,33.6,,,11.5,20.6
2025-12-07,1085:WA:SNTL,Cayuse Pass,5260,rainier,4.8,17.0,35.1,,,12.0,21.0
2025-12-08,1085:WA:SNTL,Cayuse Pass,5260,rainier,5.0,14.0,36.7,,,11.6,21.4
2025-12-09,1085:WA:SNTL,Cayuse Pass,5260,rainier,5.4,19.0,40.3,,,11.4,22.4
2025-12-10,1085:WA:SNTL,Cayuse Pass,5260,rainier,3.9,10.0,42.8,,,12.2,22.8
2025-12-11,1085:WA:SNTL,Cayuse Pass,5260,rainier,3.2,8.0,42.1,,,12.2,23.6
2025-12-12,1085:WA:SNTL,Cayuse Pass,5260,rainier,2.5,7.0,36.7,,,13.4,23.8
2025-12-13,1085:WA:SNTL,Cayuse Pass,5260,rainier,2.2,6.0,47.5,,,13.4,23.8
2025-12-14,1085:WA:SNTL,Cayuse Pass,5260,rainier,1.8,4.0,41.2,,,13.6,23.8
2025-12-15,1085:WA:SNTL,Cayuse Pass,5260,rainier,0.8,2.0,33.6,,,13.8,24.0
2025-12-16,1085:WA:SNTL,Cayuse Pass,5260,rainier,1.2,3.0,38.1,,,13.9,24.0
2025-12-17,1085:WA:SNTL,Cayuse Pass,5260,rainier,1.5,8.0,28.0,,,14.2,24.4
2025-12-18,1085:WA:SNTL,Cayuse Pass,5260,rainier,3.6,13.0,29.3,,,15.8,25.2
2025-12-19,1085:WA:SNTL,Cayuse Pass,5260,rainier,4.4,19.0,25.2,,,17.0,25.8
2025-12-20,1085:WA:SNTL,Cayuse Pass,5260,rainier,5.7,26.0,27.9,,,17.6,26.6
2025-12-21,1085:WA:SNTL,Cayuse Pass,5260,rainier,6.0,29.0,28.0,,,17.9,26.9
2025-12-22,1085:WA:SNTL,Cayuse Pass,5260,rainier,6.6,29.0,27.3,,,18.4,27.0
2025-12-23,1085:WA:SNTL,Cayuse Pass,5260,rainier,6.7,30.0,30.4,,,19.2,27.7
2025-12-24,1085:WA:SNTL,Cayuse Pass,5260,rainier,7.1,31.0,27.9,,,19.5,28.2
2025-12-25,1085:WA:SNTL,Cayuse Pass,5260,rainier,7.4,31.0,29.8,,,19.8,28.7
2025-12-26,1085:WA:SNTL,Cayuse Pass,5260,rainier,8.0,36.0,21.6,,,19.9,29.0
2025-12-27,1085:WA:SNTL,Cayuse Pass,5260,rainier,8.0,34.0,20.8,,,20.0,29.8
2025-12-28,1085:WA:SNTL,Cayuse Pass,5260,rainier,7.8,33.0,32.5,,,21.0,30.8
2025-12-29,1085:WA:SNTL,Cayuse Pass,5260,rainier,7.8,32.0,39.0,,,22.3,32.0
2025-12-30,1085:WA:SNTL,Cayuse Pass,5260,rainier,7.8,31.0,43.5,,,22.6,32.5
2025-12-31,1085:WA:SNTL,Cayuse Pass,5260,rainier,7.8,30.0,,,,23.1,
2026-01-01,1085:WA:SNTL,Cayuse Pass,5260,rainier,8.0,27.0,38.5,,,23.7,32.8
2026-01-02,1085:WA:SNTL,Cayuse Pass,5260,rainier,7.9,23.0,38.7,,,24.1,33.0
2026-01-03,1085:WA:SNTL,Cayuse Pass,5260,rainier,8.0,24.0,32.7,,,24.2,33.0
2026-01-04,1085:WA:SNTL,Cayuse Pass,5260,rainier,8.8,29.0,28.2,,,24.5,33.1
2026-01-05,1085:WA:SNTL,Cayuse Pass,5260,rainier,9.3,31.0,24.6,,,24.2,33.6
2026-01-06,1085:WA:SNTL,Cayuse Pass,5260,rainier,11.1,45.0,24.4,,,24.6,33.7
2026-01-07,1085:WA:SNTL,Cayuse Pass,5260,rainier,12.3,52.0,23.5,,,25.6,33.9
2026-01-08,1085:WA:SNTL,Cayuse Pass,5260,rainier,12.6,52.0,26.8,,,26.7,34.4
2026-01-09,1085:WA:SNTL,Cayuse Pass,5260,rainier,12.7,51.0,31.6,,,27.2,34.9
2026-01-10,1085:WA:SNTL,Cayuse Pass,5260,rainier,12.6,48.0,34.9,,,27.6,35.2
2026-01-11,1085:WA:SNTL,Cayuse Pass,5260,rainier,13.4,47.0,37.9,,,28.8,35.2
2026-01-12,1085:WA:SNTL,Cayuse Pass,5260,rainier,13.0,43.0,42.1,,,29.0,35.3
2026-01-13,1085:WA:SNTL,Cayuse Pass,5260,rainier,12.7,41.0,51.1,,,29.4,35.4
2026-01-14,1085:WA:SNTL,Cayuse Pass,5260,rainier,12.7,39.0,37.4,,,29.8,35.5
2026-01-15,1085:WA:SNTL,Cayuse Pass,5260,rainier,12.6,38.0,45.9,,,30.0,35.5
2026-01-16,1085:WA:SNTL,Cayuse Pass,5260,rainier,12.6,38.0,42.8,,,30.6,35.5
2026-01-17,1085:WA:SNTL,Cayuse Pass,5260,rainier,12.5,38.0,50.7,,,31.2,36.3
2026-01-18,1085:WA:SNTL,Cayuse Pass,5260,rainier,12.5,37.0,45.0,,,32.0,37.4
2026-01-19,1085:WA:SNTL,Cayuse Pass,5260,rainier,12.5,36.0,47.8,,,32.5,37.6
2026-01-20,1085:WA:SNTL,Cayuse Pass,5260,rainier,12.5,36.0,42.1,,,32.6,37.7
2026-01-21,1085:WA:SNTL,Cayuse Pass,5260,rainier,12.6,36.0,40.6,,,33.3,38.0
2026-01-22,1085:WA:SNTL,Cayuse Pass,5260,rainier,12.6,35.0,31.8,,,34.2,38.1
2026-01-23,1085:WA:SNTL,Cayuse Pass,5260,rainier,12.9,35.0,34.2,,,35.0,38.1
2026-01-24,1085:WA:SNTL,Cayuse Pass,5260,rainier,13.0,35.0,33.8,,,35.2,38.1
2026-01-25,1085:WA:SNTL,Cayuse Pass,5260,rainier,12.9,34.0,34.9,,,36.0,38.2
2026-01-26,1085:WA:SNTL,Cayuse Pass,5260,rainier,12.8,34.0,35.6,,,36.2,38.2
2026-01-27,1085:WA:SNTL,Cayuse Pass,5260,rainier,12.9,33.0,31.8,,,36.2,38.2
2026-01-28,1085:WA:SNTL,Cayuse Pass,5260,rainier,13.9,40.0,33.3,,,36.4,38.2
2026-01-29,1085:WA:SNTL,Cayuse Pass,5260,rainier,15.3,48.0,34.0,,,37.3,38.3
2026-01-30,1085:WA:SNTL,Cayuse Pass,5260,rainier,15.5,46.0,37.4,,,37.6,38.3
2026-01-31,1085:WA:SNTL,Cayuse Pass,5260,rainier,15.2,43.0,44.8,,,37.9,38.7
2026-02-01,1085:WA:SNTL,Cayuse Pass,5260,rainier,15.5,45.0,32.5,,,38.2,39.3
2026-02-02,1085:WA:SNTL,Cayuse Pass,5260,rainier,16.1,47.0,38.1,,,38.2,39.3
2026-02-03,1085:WA:SNTL,Cayuse Pass,5260,rainier,15.9,46.0,49.6,,,38.2,39.3
2026-02-04,1085:WA:SNTL,Cayuse Pass,5260,rainier,15.3,43.0,55.0,,,38.2,39.8
2026-02-05,1085:WA:SNTL,Cayuse Pass,5260,rainier,15.0,41.0,49.3,,,38.8,40.7
2026-02-06,1085:WA:SNTL,Cayuse Pass,5260,rainier,14.8,41.0,40.8,,,39.6,41.6
2026-02-07,1085:WA:SNTL,Cayuse Pass,5260,rainier,14.9,40.0,34.2,,,39.6,41.6
2026-02-08,1085:WA:SNTL,Cayuse Pass,5260,rainier,15.0,41.0,29.3,,,40.8,42.8
2026-02-09,1085:WA:SNTL,Cayuse Pass,5260,rainier,15.5,44.0,27.5,,,41.2,44.5
2026-02-10,1085:WA:SNTL,Cayuse Pass,5260,rainier,15.6,42.0,29.7,,,41.2,44.5
2026-02-11,1085:WA:SNTL,Cayuse Pass,5260,rainier,15.7,42.0,35.6,,,41.2,44.5
2026-02-12,1085:WA:SNTL,Cayuse Pass,5260,rainier,15.7,42.0,29.8,,,41.2,44.9
2026-02-13,1085:WA:SNTL,Cayuse Pass,5260,rainier,16.2,44.0,29.5,,,41.4,45.3
2026-02-14,1085:WA:SNTL,Cayuse Pass,5260,rainier,16.5,47.0,27.5,,,41.8,45.3
2026-02-15,1085:WA:SNTL,Cayuse Pass,5260,rainier,16.7,48.0,29.3,,,42.7,47.5
2026-02-16,1085:WA:SNTL,Cayuse Pass,5260,rainier,16.9,49.0,21.6,,,42.5,48.0
2026-02-17,1085:WA:SNTL,Cayuse Pass,5260,rainier,17.1,50.0,21.6,,,42.6,48.2
2026-02-18,1085:WA:SNTL,Cayuse Pass,5260,rainier,17.7,54.0,21.4,,,42.8,48.2
2026-02-19,1085:WA:SNTL,Cayuse Pass,5260,rainier,18.0,54.0,19.4,,,43.7,48.2
2026-02-20,1085:WA:SNTL,Cayuse Pass,5260,rainier,18.0,54.0,21.7,,,44.6,48.2
2026-02-21,1085:WA:SNTL,Cayuse Pass,5260,rainier,18.6,56.0,26.4,,,45.8,48.7
2026-02-22,1085:WA:SNTL,Cayuse Pass,5260,rainier,19.4,60.0,32.7,,,46.4,49.1
2026-02-23,1085:WA:SNTL,Cayuse Pass,5260,rainier,20.8,66.0,29.3,,,46.8,49.6
2026-02-24,1085:WA:SNTL,Cayuse Pass,5260,rainier,21.4,69.0,23.7,,,47.4,49.9
2026-02-25,1085:WA:SNTL,Cayuse Pass,5260,rainier,21.8,69.0,25.5,,,48.0,50.8
2026-02-26,1085:WA:SNTL,Cayuse Pass,5260,rainier,22.1,68.0,28.4,,,48.8,50.8
2026-02-27,1085:WA:SNTL,Cayuse Pass,5260,rainier,22.3,68.0,28.2,,,49.5,51.4
2026-02-28,1085:WA:SNTL,Cayuse Pass,5260,rainier,22.3,66.0,43.3,,,49.9,51.8
2026-03-01,1085:WA:SNTL,Cayuse Pass,5260,rainier,22.2,64.0,37.6,,,52.5,54.2
2026-03-02,1085:WA:SNTL,Cayuse Pass,5260,rainier,21.9,61.0,36.3,,,53.0,54.6
2026-03-03,1085:WA:SNTL,Cayuse Pass,5260,rainier,21.6,58.0,34.5,,,53.6,54.9
2026-03-04,1085:WA:SNTL,Cayuse Pass,5260,rainier,21.6,59.0,30.9,,,53.8,55.1
2026-03-05,1085:WA:SNTL,Cayuse Pass,5260,rainier,21.9,61.0,28.9,,,54.4,56.1
2026-03-06,1085:WA:SNTL,Cayuse Pass,5260,rainier,22.0,61.0,34.2,,,54.8,56.2
2026-03-07,1085:WA:SNTL,Cayuse Pass,5260,rainier,21.8,59.0,36.0,,,55.0,56.5
2026-03-08,1085:WA:SNTL,Cayuse Pass,5260,rainier,21.6,58.0,22.6,,,55.4,56.6
2026-03-09,1085:WA:SNTL,Cayuse Pass,5260,rainier,22.1,63.0,20.1,,,56.6,56.6
2026-03-10,1085:WA:SNTL,Cayuse Pass,5260,rainier,22.9,70.0,24.4,,,57.0,57.6
2026-03-11,1085:WA:SNTL,Cayuse Pass,5260,rainier,26.2,81.0,34.3,,,57.4,58.5
2026-03-12,1085:WA:SNTL,Cayuse Pass,5260,rainier,28.7,93.0,30.9,,,58.4,61.0
2026-03-13,1085:WA:SNTL,Cayuse Pass,5260,rainier,33.2,119.0,27.9,,,58.4,61.7
2026-03-14,1085:WA:SNTL,Cayuse Pass,5260,rainier,33.2,115.0,19.9,,,58.6,63.7
2026-03-15,1085:WA:SNTL,Cayuse Pass,5260,rainier,33.2,112.0,33.4,,,58.7,65.8
2026-03-16,1085:WA:SNTL,Cayuse Pass,5260,rainier,33.2,105.0,45.7,,,58.5,66.2
2026-03-17,1085:WA:SNTL,Cayuse Pass,5260,rainier,33.3,94.0,40.1,,,58.2,67.0
2026-03-18,1085:WA:SNTL,Cayuse Pass,5260,rainier,32.6,81.0,44.1,,,58.0,67.3
2026-03-19,1085:WA:SNTL,Cayuse Pass,5260,rainier,31.2,73.0,41.2,,,58.2,67.9
2026-03-20,1085:WA:SNTL,Cayuse Pass,5260,rainier,29.6,73.0,33.6,,,58.8,70.2
2026-03-21,1085:WA:SNTL,Cayuse Pass,5260,rainier,29.3,70.0,25.7,,,59.0,70.8
2026-03-22,1085:WA:SNTL,Cayuse Pass,5260,rainier,29.0,71.0,37.2,,,58.8,71.1
2026-03-23,1085:WA:SNTL,Cayuse Pass,5260,rainier,28.6,70.0,37.2,,,59.0,71.1
2026-03-24,1085:WA:SNTL,Cayuse Pass,5260,rainier,29.1,71.0,30.7,,,59.3,71.1
2026-03-25,1085:WA:SNTL,Cayuse Pass,5260,rainier,29.0,72.0,22.1,,,59.5,71.1
2026-03-26,1085:WA:SNTL,Cayuse Pass,5260,rainier,29.4,70.0,31.8,,,59.6,71.1
2026-03-27,1085:WA:SNTL,Cayuse Pass,5260,rainier,28.6,68.0,35.1,,,59.8,71.8
2026-03-28,1085:WA:SNTL,Cayuse Pass,5260,rainier,28.0,65.0,31.5,,,60.4,72.8
2026-03-29,1085:WA:SNTL,Cayuse Pass,5260,rainier,28.5,70.0,21.7,,,60.8,74.9
2026-03-30,1085:WA:SNTL,Cayuse Pass,5260,rainier,28.9,68.0,27.9,,,61.8,75.0
2026-03-31,1085:WA:SNTL,Cayuse Pass,5260,rainier,28.1,67.0,32.4,,,62.2,75.0
2026-04-01,1085:WA:SNTL,Cayuse Pass,5260,rainier,29.2,74.0,27.5,,,62.0,75.0
2026-04-02,1085:WA:SNTL,Cayuse Pass,5260,rainier,29.8,76.0,27.5,,,62.0,75.0
2026-04-03,1085:WA:SNTL,Cayuse Pass,5260,rainier,29.7,74.0,37.8,,,62.0,75.0
2026-04-04,1085:WA:SNTL,Cayuse Pass,5260,rainier,29.2,71.0,49.3,,,62.0,75.0
2026-04-05,1085:WA:SNTL,Cayuse Pass,5260,rainier,28.6,68.0,50.2,,,61.9,75.3
2026-04-06,1085:WA:SNTL,Cayuse Pass,5260,rainier,27.4,65.0,36.9,,,62.2,76.1
2026-04-07,1085:WA:SNTL,Cayuse Pass,5260,rainier,26.8,62.0,34.9,,,63.2,77.9
2026-04-08,1085:WA:SNTL,Cayuse Pass,5260,rainier,25.8,62.0,39.4,,,62.6,77.9
2026-04-09,1085:WA:SNTL,Cayuse Pass,5260,rainier,24.6,59.0,44.4,,,62.0,77.9
2026-04-10,1085:WA:SNTL,Cayuse Pass,5260,rainier,23.8,58.0,44.6,,,61.6,78.2
2026-04-11,1085:WA:SNTL,Cayuse Pass,5260,rainier,23.4,53.0,36.3,,,61.6,78.3
2026-04-12,1085:WA:SNTL,Cayuse Pass,5260,rainier,22.9,55.0,35.8,,,62.0,79.0
2026-04-13,1085:WA:SNTL,Cayuse Pass,5260,rainier,23.1,56.0,28.8,,,62.6,79.8
2026-04-14,1085:WA:SNTL,Cayuse Pass,5260,rainier,24.7,64.0,30.0,,,62.2,79.9
2026-04-15,1085:WA:SNTL,Cayuse Pass,5260,rainier,26.0,74.0,22.8,,,62.0,80.0
2026-04-16,1085:WA:SNTL,Cayuse Pass,5260,rainier,26.2,73.0,27.1,,,61.5,80.6
2026-04-17,1085:WA:SNTL,Cayuse Pass,5260,rainier,26.1,69.0,32.5,,,60.5,80.8
2026-04-18,1085:WA:SNTL,Cayuse Pass,5260,rainier,25.8,64.0,45.1,,,59.8,81.0
2026-04-19,1085:WA:SNTL,Cayuse Pass,5260,rainier,25.4,62.0,48.2,,,58.8,81.4
2026-04-20,1085:WA:SNTL,Cayuse Pass,5260,rainier,24.7,59.0,43.9,,,58.5,81.6
2026-04-21,1085:WA:SNTL,Cayuse Pass,5260,rainier,24.0,52.0,37.0,,,58.2,81.7
2026-04-22,1085:WA:SNTL,Cayuse Pass,5260,rainier,24.1,59.0,32.7,,,58.0,81.7
2026-04-23,1085:WA:SNTL,Cayuse Pass,5260,rainier,24.0,58.0,31.3,,,57.7,81.7
2026-04-24,1085:WA:SNTL,Cayuse Pass,5260,rainier,23.8,56.0,34.3,,,57.2,81.7
2026-04-25,1085:WA:SNTL,Cayuse Pass,5260,rainier,23.3,55.0,36.3,,,57.8,81.7
2026-04-26,1085:WA:SNTL,Cayuse Pass,5260,rainier,22.6,53.0,35.6,,,57.4,81.7
2026-04-27,1085:WA:SNTL,Cayuse Pass,5260,rainier,21.9,51.0,34.9,,,57.1,81.7
2026-04-28,1085:WA:SNTL,Cayuse Pass,5260,rainier,21.6,50.0,32.9,,,56.4,81.9
2026-04-29,1085:WA:SNTL,Cayuse Pass,5260,rainier,20.7,51.0,45.7,,,56.0,81.9
2026-04-30,1085:WA:SNTL,Cayuse Pass,5260,rainier,19.4,48.0,47.3,,,55.6,82.0
2026-05-01,1085:WA:SNTL,Cayuse Pass,5260,rainier,18.1,43.0,49.8,,,55.4,82.0
2026-05-02,1085:WA:SNTL,Cayuse Pass,5260,rainier,16.5,42.0,54.7,,,55.5,82.0
2026-05-03,1085:WA:SNTL,Cayuse Pass,5260,rainier,14.8,37.0,53.6,,,55.8,82.0
2026-05-04,1085:WA:SNTL,Cayuse Pass,5260,rainier,12.8,32.0,51.8,,,56.2,82.0
2026-05-05,1085:WA:SNTL,Cayuse Pass,5260,rainier,10.8,27.0,45.0,,,56.2,82.0
2026-05-06,1085:WA:SNTL,Cayuse Pass,5260,rainier,9.7,23.0,39.9,,,56.0,82.1
2026-05-07,1085:WA:SNTL,Cayuse Pass,5260,rainier,8.2,20.0,40.5,,,55.8,82.1
2026-05-08,1085:WA:SNTL,Cayuse Pass,5260,rainier,7.2,14.0,38.7,,,54.7,82.1
2026-05-09,1085:WA:SNTL,Cayuse Pass,5260,rainier,5.8,14.0,48.2,,,53.8,82.1
2026-05-10,1085:WA:SNTL,Cayuse Pass,5260,rainier,4.6,11.0,38.7,,,53.2,82.1
2026-05-11,1085:WA:SNTL,Cayuse Pass,5260,rainier,3.0,9.0,51.4,,,52.6,82.1
2026-05-12,1085:WA:SNTL,Cayuse Pass,5260,rainier,1.2,0.0,46.6,,,51.7,82.1
2026-05-13,1085:WA:SNTL,Cayuse Pass,5260,rainier,0.8,0.0,36.0,,,51.2,82.1
2026-05-14,1085:WA:SNTL,Cayuse Pass,5260,rainier,0.7,0.0,33.8,,,50.2,82.3
2026-05-15,1085:WA:SNTL,Cayuse Pass,5260,rainier,1.5,6.0,30.0,,,48.8,82.3
2026-05-16,1085:WA:SNTL,Cayuse Pass,5260,rainier,2.4,14.0,29.3,,,48.0,82.3
2026-05-17,1085:WA:SNTL,Cayuse Pass,5260,rainier,2.3,5.0,33.3,,,47.0,82.5
2026-05-18,1085:WA:SNTL,Cayuse Pass,5260,rainier,1.7,4.0,35.6,,,46.4,82.7
2026-05-19,1085:WA:SNTL,Cayuse Pass,5260,rainier,1.2,3.0,39.0,,,46.0,82.7
2026-05-20,1085:WA:SNTL,Cayuse Pass,5260,rainier,0.3,1.0,41.7,,,45.6,82.8
2026-05-21,1085:WA:SNTL,Cayuse Pass,5260,rainier,0.0,0.0,46.9,,,45.4,83.3
2026-05-22,1085:WA:SNTL,Cayuse Pass,5260,rainier,0.0,0.0,46.6,,,44.0,84.0
2026-05-23,1085:WA:SNTL,Cayuse Pass,5260,rainier,0.0,0.0,42.4,,,42.8,84.4
2026-05-24,1085:WA:SNTL,Cayuse Pass,5260,rainier,0.0,0.0,47.3,,,41.9,84.5
2026-05-25,1085:WA:SNTL,Cayuse Pass,5260,rainier,0.0,0.0,35.4,,,41.1,84.6
2026-05-26,1085:WA:SNTL,Cayuse Pass,5260,rainier,0.0,0.0,38.3,,,40.2,84.7
2026-05-27,1085:WA:SNTL,Cayuse Pass,5260,rainier,0.0,0.0,53.6,,,39.6,85.2
2026-05-28,1085:WA:SNTL,Cayuse Pass,5260,rainier,0.0,0.0,47.3,,,38.8,85.2
2026-05-29,1085:WA:SNTL,Cayuse Pass,5260,rainier,0.0,0.0,33.6,,,37.9,86.1
2026-05-30,1085:WA:SNTL,Cayuse Pass,5260,rainier,0.0,0.0,32.9,,,36.4,86.3
2026-05-31,1085:WA:SNTL,Cayuse Pass,5260,rainier,0.0,0.0,41.2,,,34.8,86.3
2026-06-01,1085:WA:SNTL,Cayuse Pass,5260,rainier,0.0,0.0,49.5,,,32.8,86.3
2026-06-02,1085:WA:SNTL,Cayuse Pass,5260,rainier,0.0,0.0,52.5,,,31.1,86.3
2026-06-03,1085:WA:SNTL,Cayuse Pass,5260,rainier,0.0,0.0,40.3,,,29.6,86.3
2026-06-04,1085:WA:SNTL,Cayuse Pass,5260,rainier,0.0,0.0,38.3,,,28.3,86.3
2026-06-05,1085:WA:SNTL,Cayuse Pass,5260,rainier,0.0,0.0,34.7,,,26.7,86.3
2026-06-06,1085:WA:SNTL,Cayuse Pass,5260,rainier,0.0,0.0,32.5,,,25.6,86.4
2026-06-07,1085:WA:SNTL,Cayuse Pass,5260,rainier,0.0,0.0,38.5,,,24.8,86.5
2026-06-08,1085:WA:SNTL,Cayuse Pass,5260,rainier,0.0,0.0,41.0,,,23.9,86.6
2026-06-09,1085:WA:SNTL,Cayuse Pass,5260,rainier,0.0,0.0,35.6,,,22.8,86.7
2026-06-10,1085:WA:SNTL,Cayuse Pass,5260,rainier,0.0,0.0,36.5,,,22.2,86.7
2026-06-11,1085:WA:SNTL,Cayuse Pass,5260,rainier,0.0,0.0,41.2,,,21.2,87.2
2026-06-12,1085:WA:SNTL,Cayuse Pass,5260,rainier,0.0,0.0,51.3,,,20.0,87.5
2026-06-13,1085:WA:SNTL,Cayuse Pass,5260,rainier,0.0,0.0,55.0,,,18.8,87.5
2026-06-14,1085:WA:SNTL,Cayuse Pass,5260,rainier,0.0,0.0,60.3,,,17.6,87.6
2026-06-15,1085:WA:SNTL,Cayuse Pass,5260,rainier,0.0,0.0,53.2,,,16.2,87.9
2026-06-16,1085:WA:SNTL,Cayuse Pass,5260,rainier,0.0,0.0,44.8,,,15.0,88.2
2026-06-17,1085:WA:SNTL,Cayuse Pass,5260,rainier,0.0,0.0,42.4,,,13.6,88.2
2026-06-18,1085:WA:SNTL,Cayuse Pass,5260,rainier,0.0,0.0,57.4,,,12.8,88.2
2026-06-19,1085:WA:SNTL,Cayuse Pass,5260,rainier,0.0,0.0,48.7,,,11.0,88.2
2026-06-20,1085:WA:SNTL,Cayuse Pass,5260,rainier,0.0,0.0,42.6,,,9.1,88.2
2026-06-21,1085:WA:SNTL,Cayuse Pass,5260,rainier,0.0,0.0,47.3,,,8.2,88.2
2026-06-22,1085:WA:SNTL,Cayuse Pass,5260,rainier,0.0,0.0,57.4,,,6.8,88.2
2026-06-23,1085:WA:SNTL,Cayuse Pass,5260,rainier,0.0,0.0,60.1,,,5.2,88.2
2026-06-24,1085:WA:SNTL,Cayuse Pass,5260,rainier,0.0,0.0,50.7,,,3.6,88.4
2026-06-25,1085:WA:SNTL,Cayuse Pass,5260,rainier,0.0,0.0,42.1,,,2.8,88.8
2026-06-26,1085:WA:SNTL,Cayuse Pass,5260,rainier,0.0,0.0,40.5,,,2.2,88.8
2026-06-27,1085:WA:SNTL,Cayuse Pass,5260,rainier,0.0,0.0,39.7,,,1.7,88.8
2026-06-28,1085:WA:SNTL,Cayuse Pass,5260,rainier,0.0,0.0,41.4,,,0.3,88.8
2026-06-29,1085:WA:SNTL,Cayuse Pass,5260,rainier,0.0,0.0,42.3,,,0.0,88.8
2026-06-30,1085:WA:SNTL,Cayuse Pass,5260,rainier,0.0,0.0,39.0,,,0.0,88.8
2026-07-01,1085:WA:SNTL,Cayuse Pass,5260,rainier,0.0,0.0,40.5,,,0.0,88.8
2026-07-02,1085:WA:SNTL,Cayuse Pass,5260,rainier,0.0,0.0,46.9,,,0.0,88.8
2026-07-03,1085:WA:SNTL,Cayuse Pass,5260,rainier,0.0,0.0,47.7,,,0.0,88.8
2026-07-04,1085:WA:SNTL,Cayuse Pass,5260,rainier,0.0,0.0,45.5,,,0.0,88.8
2026-07-05,1085:WA:SNTL,Cayuse Pass,5260,rainier,0.0,0.0,57.4,,,0.0,88.8
2026-07-06,1085:WA:SNTL,Cayuse Pass,5260,rainier,0.0,0.0,55.8,,,0.0,88.8
2026-07-07,1085:WA:SNTL,Cayuse Pass,5260,rainier,0.0,0.0,45.9,,,0.0,88.8
2026-07-08,1085:WA:SNTL,Cayuse Pass,5260,rainier,0.0,0.0,45.9,,,0.0,88.8
2026-07-09,1085:WA:SNTL,Cayuse Pass,5260,rainier,0.0,0.0,47.8,,,0.0,88.8
2026-07-10,1085:WA:SNTL,Cayuse Pass,5260,rainier,0.0,0.0,49.3,,,0.0,88.8
2026-07-11,1085:WA:SNTL,Cayuse Pass,5260,rainier,0.0,0.0,45.3,,,0.0,88.8
2026-07-12,1085:WA:SNTL,Cayuse Pass,5260,rainier,0.0,0.0,46.9,,,0.0,88.8
2026-07-13,1085:WA:SNTL,Cayuse Pass,5260,rainier,0.0,0.0,55.0,,,0.0,88.8
2026-07-14,1085:WA:SNTL,Cayuse Pass,5260,rainier,0.0,0.0,56.1,,,0.0,88.8
2026-07-15,1085:WA:SNTL,Cayuse Pass,5260,rainier,0.0,0.0,62.2,,,0.0,88.8
2026-07-16,1085:WA:SNTL,Cayuse Pass,5260,rainier,0.0,0.0,47.1,,,0.0,88.8
2026-07-17,1085:WA:SNTL,Cayuse Pass,5260,rainier,0.0,0.0,46.2,,,0.0,88.8
2026-07-18,1085:WA:SNTL,Cayuse Pass,5260,rainier,0.0,0.0,45.0,,,0.0,88.8
2026-07-19,1085:WA:SNTL,Cayuse Pass,5260,rainier,0.0,0.0,61.7,,,0.0,88.8
2026-07-20,1085:WA:SNTL,Cayuse Pass,5260,rainier,0.0,0.0,64.9,,,0.0,89.1
2026-07-21,1085:WA:SNTL,Cayuse Pass,5260,rainier,0.0,0.0,67.5,,,0.0,89.3
2026-07-22,1085:WA:SNTL,Cayuse Pass,5260,rainier,0.0,0.0,55.8,,,0.0,89.3
2026-07-23,1085:WA:SNTL,Cayuse Pass,5260,rainier,0.0,0.0,52.3,,,0.0,89.3
2026-07-24,1085:WA:SNTL,Cayuse Pass,5260,rainier,0.0,0.0,51.8,,,0.0,89.3
2026-07-25,1085:WA:SNTL,Cayuse Pass,5260,rainier,0.0,0.0,46.2,,,0.0,89.6
2026-07-26,1085:WA:SNTL,Cayuse Pass,5260,rainier,0.0,0.0,48.2,,,0.0,89.6
2026-07-27,1085:WA:SNTL,Cayuse Pass,5260,rainier,0.0,0.0,50.2,,,0.0,89.6
2026-07-28,1085:WA:SNTL,Cayuse Pass,5260,rainier,0.0,0.0,45.7,,,0.0,89.6
2026-07-29,1085:WA:SNTL,Cayuse Pass,5260,rainier,0.0,0.0,47.8,,,0.0,89.6
2026-07-30,1085:WA:SNTL,Cayuse Pass,5260,rainier,0.0,0.0,49.1,,,0.0,89.6
2026-07-31,1085:WA:SNTL,Cayuse Pass,5260,rainier,0.0,0.0,51.6,,,0.0,89.6
2026-08-01,1085:WA:SNTL,Cayuse Pass,5260,rainier,0.0,0.0,42.3,,,0.0,89.6
2026-08-02,1085:WA:SNTL,Cayuse Pass,5260,rainier,0.0,0.0,39.0,,,0.0,89.6
2026-08-03,1085:WA:SNTL,Cayuse Pass,5260,rainier,0.0,0.0,55.0,,,0.0,89.6
2026-08-04,1085:WA:SNTL,Cayuse Pass,5260,rainier,0.0,0.0,60.4,,,0.0,89.6
2026-08-05,1085:WA:SNTL,Cayuse Pass,5260,rainier,0.0,0.0,58.3,,,0.0,89.6
2026-08-06,1085:WA:SNTL,Cayuse Pass,5260,rainier,0.0,0.0,60.1,,,0.0,89.6
2026-08-07,1085:WA:SNTL,Cayuse Pass,5260,rainier,0.0,0.0,54.0,,,0.0,89.6
2026-08-08,1085:WA:SNTL,Cayuse Pass,5260,rainier,0.0,0.0,50.4,,,0.0,89.6
2026-08-09,1085:WA:SNTL,Cayuse Pass,5260,rainier,0.0,0.0,46.8,,,0.0,89.6
2026-08-10,1085:WA:SNTL,Cayuse Pass,5260,rainier,0.0,0.0,46.8,,,0.0,89.6
2026-08-11,1085:WA:SNTL,Cayuse Pass,5260,rainier,0.0,0.0,46.6,,,0.0,89.7
2026-08-12,1085:WA:SNTL,Cayuse Pass,5260,rainier,0.0,0.0,48.0,,,0.0,89.7
2026-08-13,1085:WA:SNTL,Cayuse Pass,5260,rainier,0.0,0.0,56.7,,,0.0,89.7
2026-08-14,1085:WA:SNTL,Cayuse Pass,5260,rainier,0.0,0.0,57.6,,,0.0,89.7
2026-08-15,1085:WA:SNTL,Cayuse Pass,5260,rainier,0.0,0.0,53.8,,,0.0,89.7
2026-08-16,1085:WA:SNTL,Cayuse Pass,5260,rainier,0.0,0.0,50.0,,,0.0,89.7
2026-08-17,1085:WA:SNTL,Cayuse Pass,5260,rainier,0.0,0.0,53.2,,,0.0,89.7
2026-08-18,1085:WA:SNTL,Cayuse Pass,5260,rainier,0.0,0.0,50.5,,,0.0,89.8
2026-08-19,1085:WA:SNTL,Cayuse Pass,5260,rainier,0.0,0.0,57.4,,,0.0,90.1
2026-08-20,1085:WA:SNTL,Cayuse Pass,5260,rainier,0.0,0.0,65.3,,,0.0,90.1
2026-08-21,1085:WA:SNTL,Cayuse Pass,5260,rainier,0.0,0.0,62.1,,,0.0,90.2
2026-08-22,1085:WA:SNTL,Cayuse Pass,5260,rainier,0.0,0.0,47.8,,,0.0,90.2
2026-08-23,1085:WA:SNTL,Cayuse Pass,5260,rainier,0.0,0.0,50.2,,,0.0,90.2
2026-08-24,1085:WA:SNTL,Cayuse Pass,5260,rainier,0.0,0.0,61.7,,,0.0,90.2
2026-08-25,1085:WA:SNTL,Cayuse Pass,5260,rainier,0.0,0.0,57.2,,,0.0,90.2
2026-08-26,1085:WA:SNTL,Cayuse Pass,5260,rainier,0.0,0.0,52.3,,,0.0,90.2
2026-08-27,1085:WA:SNTL,Cayuse Pass,5260,rainier,0.0,0.0,46.0,,,0.0,90.3
2026-08-28,1085:WA:SNTL,Cayuse Pass,5260,rainier,0.0,0.0,43.5,,,0.0,90.5
2026-08-29,1085:WA:SNTL,Cayuse Pass,5260,rainier,0.0,0.0,40.6,,,0.0,90.6
2026-08-30,1085:WA:SNTL,Cayuse Pass,5260,rainier,0.0,0.0,51.6,,,0.0,90.6
2026-08-31,1085:WA:SNTL,Cayuse Pass,5260,rainier,0.0,0.0,56.5,,,0.0,90.6
2026-09-01,1085:WA:SNTL,Cayuse Pass,5260,rainier,0.0,0.0,44.8,,,0.0,90.6
2026-09-02,1085:WA:SNTL,Cayuse Pass,5260,rainier,0.0,0.0,38.5,,,0.0,90.6
2026-09-03,1085:WA:SNTL,Cayuse Pass,5260,rainier,0.0,0.0,39.0,,,0.0,90.6
2026-09-04,1085:WA:SNTL,Cayuse Pass,5260,rainier,0.0,0.0,42.3,,,0.0,90.6
2026-09-05,1085:WA:SNTL,Cayuse Pass,5260,rainier,0.0,0.0,43.9,,,0.0,90.6
2026-09-06,1085:WA:SNTL,Cayuse Pass,5260,rainier,0.0,0.0,42.8,,,0.0,90.6
2026-09-07,1085:WA:SNTL,Cayuse Pass,5260,rainier,0.0,0.0,42.1,,,0.0,90.6
2026-09-08,1085:WA:SNTL,Cayuse Pass,5260,rainier,0.0,0.0,52.2,,,0.0,90.9
2026-09-09,1085:WA:SNTL,Cayuse Pass,5260,rainier,0.0,0.0,54.3,,,0.0,90.9
2026-09-10,1085:WA:SNTL,Cayuse Pass,5260,rainier,0.0,0.0,43.0,,,0.0,90.9
2026-09-11,1085:WA:SNTL,Cayuse Pass,5260,rainier,0.0,0.0,48.9,,,0.0,90.9
2026-09-12,1085:WA:SNTL,Cayuse Pass,5260,rainier,0.0,0.0,41.4,,,0.0,90.9
2026-09-13,1085:WA:SNTL,Cayuse Pass,5260,rainier,0.0,0.0,40.3,,,0.0,90.9
2026-09-14,1085:WA:SNTL,Cayuse Pass,5260,rainier,0.0,0.0,41.0,,,0.0,90.9
2026-09-15,1085:WA:SNTL,Cayuse Pass,5260,rainier,0.0,0.0,45.1,,,0.0,90.9
2026-09-16,1085:WA:SNTL,Cayuse Pass,5260,rainier,0.0,0.0,54.3,,,0.0,90.9
2026-09-17,1085:WA:SNTL,Cayuse Pass,5260,rainier,0.0,0.0,48.4,,,0.0,90.9
2026-09-18,1085:WA:SNTL,Cayuse Pass,5260,rainier,0.0,0.0,53.2,,,0.0,90.9
2026-09-19,1085:WA:SNTL,Cayuse Pass,5260,rainier,0.0,0.0,55.9,,,0.0,91.0
2026-09-20,1085:WA:SNTL,Cayuse Pass,5260,rainier,0.0,0.0,59.0,,,0.0,91.0
2026-09-21,1085:WA:SNTL,Cayuse Pass,5260,rainier,0.0,0.0,45.5,,,0.0,91.0
2026-09-22,1085:WA:SNTL,Cayuse Pass,5260,rainier,0.0,0.0,42.1,,,0.0,91.0
2026-09-23,1085:WA:SNTL,Cayuse Pass,5260,rainier,0.0,0.0,42.4,,,0.0,91.0
2026-09-24,1085:WA:SNTL,Cayuse Pass,5260,rainier,0.0,0.0,43.5,,,0.0,91.0
2026-09-25,1085:WA:SNTL,Cayuse Pass,5260,rainier,0.2,2.0,33.8,,,0.0,
2026-09-26,1085:WA:SNTL,Cayuse Pass,5260,rainier,0.1,1.0,40.1,,,0.0,
2026-09-27,1085:WA:SNTL,Cayuse Pass,5260,rainier,0.2,2.0,42.6,,,0.0,
2026-09-28,1085:WA:SNTL,Cayuse Pass,5260,rainier,0.2,1.0,41.2,,,0.0,
2026-09-29,1085:WA:SNTL,Cayuse Pass,5260,rainier,0.3,2.0,45.3,,,0.0,
2026-09-30,1085:WA:SNTL,Cayuse Pass,5260,rainier,0.2,13.0,47.8,,,0.0,
2025-10-01,642:WA:SNTL,Morse Lake,5400,rainier,0.1,0.0,39.6,0.5,0.5,0.0,0.0
2025-10-02,642:WA:SNTL,Morse Lake,5400,rainier,0.1,0.0,38.7,0.1,0.6,0.0,0.2
2025-10-03,642:WA:SNTL,Morse Lake,5400,rainier,0.1,0.0,41.4,0.0,0.6,0.0,0.2
2025-10-04,642:WA:SNTL,Morse Lake,5400,rainier,0.1,0.0,37.6,0.3,0.9,0.0,0.2
2025-10-05,642:WA:SNTL,Morse Lake,5400,rainier,0.1,0.0,34.5,0.1,1.0,0.0,0.2
2025-10-06,642:WA:SNTL,Morse Lake,5400,rainier,0.1,0.0,39.9,0.0,1.0,0.0,0.4
2025-10-07,642:WA:SNTL,Morse Lake,5400,rainier,0.1,0.0,46.4,0.0,1.0,0.0,0.6
2025-10-08,642:WA:SNTL,Morse Lake,5400,rainier,0.1,0.0,42.4,0.0,1.0,0.0,1.0
2025-10-09,642:WA:SNTL,Morse Lake,5400,rainier,0.1,0.0,42.6,0.2,1.2,0.0,1.1
2025-10-10,642:WA:SNTL,Morse Lake,5400,rainier,0.1,0.0,37.4,0.1,1.3,0.0,1.2
2025-10-11,642:WA:SNTL,Morse Lake,5400,rainier,0.2,0.0,33.4,0.6,1.9,0.0,1.2
2025-10-12,642:WA:SNTL,Morse Lake,5400,rainier,0.5,1.0,30.4,0.5,2.4,0.0,1.2
2025-10-13,642:WA:SNTL,Morse Lake,5400,rainier,0.8,3.0,27.5,0.5,2.9,0.0,1.4
2025-10-14,642:WA:SNTL,Morse Lake,5400,rainier,0.8,1.0,24.6,0.0,2.9,0.0,1.6
2025-10-15,642:WA:SNTL,Morse Lake,5400,rainier,0.8,2.0,32.7,0.0,2.9,0.0,2.0
2025-10-16,642:WA:SNTL,Morse Lake,5400,rainier,0.6,0.0,39.2,0.0,2.9,0.0,2.2
2025-10-17,642:WA:SNTL,Morse Lake,5400,rainier,0.2,0.0,32.7,0.0,2.9,0.0,2.3
2025-10-18,642:WA:SNTL,Morse Lake,5400,rainier,0.2,0.0,40.3,0.4,3.3,0.0,2.4
2025-10-19,642:WA:SNTL,Morse Lake,5400,rainier,0.4,0.0,33.6,1.1,4.4,0.0,2.6
2025-10-20,642:WA:SNTL,Morse Lake,5400,rainier,0.2,0.0,33.1,0.1,4.5,0.0,3.2
2025-10-21,642:WA:SNTL,Morse Lake,5400,rainier,0.2,0.0,32.9,0.0,4.5,0.0,3.2
2025-10-22,642:WA:SNTL,Morse Lake,5400,rainier,0.2,0.0,39.6,0.0,4.5,0.0,3.2
2025-10-23,642:WA:SNTL,Morse Lake,5400,rainier,0.1,0.0,39.4,0.0,4.5,0.1,3.3
2025-10-24,642:WA:SNTL,Morse Lake,5400,rainier,0.3,0.0,32.9,1.5,6.0,0.2,3.8
2025-10-25,642:WA:SNTL,Morse Lake,5400,rainier,1.6,10.0,30.0,1.1,7.1,0.0,3.8
2025-10-26,642:WA:SNTL,Morse Lake,5400,rainier,2.5,17.0,26.2,1.2,8.3,0.2,4.9
2025-10-27,642:WA:SNTL,Morse Lake,5400,rainier,2.6,14.0,23.7,0.2,8.5,0.5,5.0
2025-10-28,642:WA:SNTL,Morse Lake,5400,rainier,2.9,13.0,34.5,0.5,9.0,0.6,5.4
2025-10-29,642:WA:SNTL,Morse Lake,5400,rainier,2.8,9.0,27.1,0.4,9.4,0.8,5.6
2025-10-30,642:WA:SNTL,Morse Lake,5400,rainier,2.7,8.0,26.2,0.0,9.4,0.9,5.9
2025-10-31,642:WA:SNTL,Morse Lake,5400,rainier,2.7,9.0,38.1,0.3,9.7,0.8,6.2
2025-11-01,642:WA:SNTL,Morse Lake,5400,rainier,2.1,5.0,32.5,2.2,11.9,1.2,6.3
2025-11-02,642:WA:SNTL,Morse Lake,5400,rainier,2.2,3.0,29.5,0.1,12.0,1.3,6.8
2025-11-03,642:WA:SNTL,Morse Lake,5400,rainier,3.0,12.0,30.0,0.6,12.6,1.2,7.0
2025-11-04,642:WA:SNTL,Morse Lake,5400,rainier,3.2,12.0,33.6,0.4,13.0,1.2,7.5
2025-11-05,642:WA:SNTL,Morse Lake,5400,rainier,3.8,14.0,34.7,2.0,15.0,1.2,8.2
2025-11-06,642:WA:SNTL,Morse Lake,5400,rainier,4.1,12.0,31.5,1.8,16.8,1.6,8.7
2025-11-07,642:WA:SNTL,Morse Lake,5400,rainier,4.4,13.0,28.4,0.4,17.2,1.6,8.8
2025-11-08,642:WA:SNTL,Morse Lake,5400,rainier,4.3,11.0,32.4,0.0,17.2,1.6,8.8
2025-11-09,642:WA:SNTL,Morse Lake,5400,rainier,4.3,8.0,36.5,0.0,17.2,1.6,9.2
2025-11-10,642:WA:SNTL,Morse Lake,5400,rainier,4.1,12.0,36.0,0.0,17.2,2.0,9.6
2025-11-11,642:WA:SNTL,Morse Lake,5400,rainier,4.1,12.0,37.8,0.0,17.2,2.0,9.7
2025-11-12,642:WA:SNTL,Morse Lake,5400,rainier,4.0,10.0,39.2,0.2,17.4,2.2,11.2
2025-11-13,642:WA:SNTL,Morse Lake,5400,rainier,3.4,11.0,39.4,0.9,18.3,2.3,11.9
2025-11-14,642:WA:SNTL,Morse Lake,5400,rainier,3.1,9.0,41.4,0.3,18.6,2.4,11.9
2025-11-15,642:WA:SNTL,Morse Lake,5400,rainier,2.7,6.0,39.0,0.2,18.8,2.6,12.1
2025-11-16,642:WA:SNTL,Morse Lake,5400,rainier,2.4,4.0,39.6,0.0,18.8,3.0,12.2
2025-11-17,642:WA:SNTL,Morse Lake,5400,rainier,2.3,5.0,28.8,0.2,19.0,3.2,12.4
2025-11-18,642:WA:SNTL,Morse Lake,5400,rainier,2.3,4.0,24.1,0.2,19.2,3.6,13.0
2025-11-19,642:WA:SNTL,Morse Lake,5400,rainier,2.2,4.0,29.5,0.0,19.2,4.1,14.6
2025-11-20,642:WA:SNTL,Morse Lake,5400,rainier,2.5,3.0,26.6,0.0,19.2,4.4,15.6
2025-11-21,642:WA:SNTL,Morse Lake,5400,rainier,2.5,3.0,34.7,0.0,19.2,5.1,15.8
2025-11-22,642:WA:SNTL,Morse Lake,5400,rainier,2.5,4.0,36.0,0.0,19.2,5.8,16.8
2025-11-23,642:WA:SNTL,Morse Lake,5400,rainier,2.7,5.0,28.6,0.3,19.5,5.8,17.4
2025-11-24,642:WA:SNTL,Morse Lake,5400,rainier,2.6,5.0,25.2,0.3,19.8,6.0,18.0
2025-11-25,642:WA:SNTL,Morse Lake,5400,rainier,3.0,8.0,33.1,0.1,19.9,6.6,18.6
2025-11-26,642:WA:SNTL,Morse Lake,5400,rainier,3.0,8.0,33.3,0.1,20.0,6.8,19.4
2025-11-27,642:WA:SNTL,Morse Lake,5400,rainier,4.2,17.0,30.6,1.0,21.0,7.8,19.7
2025-11-28,642:WA:SNTL,Morse Lake,5400,rainier,4.3,15.0,21.9,0.4,21.4,8.6,20.2
2025-11-29,642:WA:SNTL,Morse Lake,5400,rainier,4.3,14.0,18.1,0.0,21.4,8.8,20.8
2025-11-30,642:WA:SNTL,Morse Lake,5400,rainier,4.3,12.0,25.9,0.0,21.4,9.2,21.6
2025-12-01,642:WA:SNTL,Morse Lake,5400,rainier,4.3,16.0,34.3,0.1,21.5,9.3,22.0
2025-12-02,642:WA:SNTL,Morse Lake,5400,rainier,4.6,19.0,24.6,0.4,21.9,10.4,22.2
2025-12-03,642:WA:SNTL,Morse Lake,5400,rainier,4.6,20.0,30.7,0.0,21.9,10.4,22.8
2025-12-04,642:WA:SNTL,Morse Lake,5400,rainier,5.1,19.0,34.3,0.6,22.5,11.0,23.4
2025-12-05,642:WA:SNTL,Morse Lake,5400,rainier,5.1,15.0,35.6,0.3,22.8,11.6,24.6
2025-12-06,642:WA:SNTL,Morse Lake,5400,rainier,5.3,13.0,33.6,0.3,23.1,11.8,25.2
2025-12-07,642:WA:SNTL,Morse Lake,5400,rainier,6.2,18.0,34.7,0.9,24.0,12.0,25.2
2025-12-08,642:WA:SNTL,Morse Lake,5400,rainier,6.6,19.0,37.8,3.1,27.1,12.8,25.3
2025-12-09,642:WA:SNTL,Morse Lake,5400,rainier,7.8,21.0,41.5,1.5,28.6,13.2,25.7
2025-12-10,642:WA:SNTL,Morse Lake,5400,rainier,6.9,17.0,45.3,0.6,29.2,14.4,25.7
2025-12-11,642:WA:SNTL,Morse Lake,5400,rainier,6.3,15.0,41.0,0.5,29.7,14.7,26.5
2025-12-12,642:WA:SNTL,Morse Lake,5400,rainier,6.2,11.0,32.9,0.1,29.8,15.5,26.8
2025-12-13,642:WA:SNTL,Morse Lake,5400,rainier,6.3,14.0,34.5,0.0,29.8,15.6,26.8
2025-12-14,642:WA:SNTL,Morse Lake,5400,rainier,5.8,14.0,42.6,0.0,29.8,15.6,27.7
2025-12-15,642:WA:SNTL,Morse Lake,5400,rainier,5.2,9.0,35.6,1.9,31.7,15.6,28.4
2025-12-16,642:WA:SNTL,Morse Lake,5400,rainier,6.7,18.0,37.6,2.1,33.8,16.4,29.2
2025-12-17,642:WA:SNTL,Morse Lake,5400,rainier,7.7,28.0,28.6,1.6,35.4,16.5,29.6
2025-12-18,642:WA:SNTL,Morse Lake,5400,rainier,10.1,30.0,29.8,2.3,37.7,16.6,30.2
2025-12-19,642:WA:SNTL,Morse Lake,5400,rainier,10.2,30.0,25.7,0.3,38.0,17.5,30.7
2025-12-20,642:WA:SNTL,Morse Lake,5400,rainier,10.7,31.0,28.4,0.5,38.5,18.4,31.4
2025-12-21,642:WA:SNTL,Morse Lake,5400,rainier,10.8,32.0,28.6,0.8,39.3,18.3,32.0
2025-12-22,642:WA:SNTL,Morse Lake,5400,rainier,11.5,36.0,27.7,0.7,40.0,18.8,32.4
2025-12-23,642:WA:SNTL,Morse Lake,5400,rainier,11.6,36.0,28.6,0.1,40.1,19.4,32.5
2025-12-24,642:WA:SNTL,Morse Lake,5400,rainier,12.2,40.0,25.0,0.7,40.8,19.4,32.8
2025-12-25,642:WA:SNTL,Morse Lake,5400,rainier,12.7,45.0,28.6,0.4,41.2,19.6,33.2
2025-12-26,642:WA:SNTL,Morse Lake,5400,rainier,13.2,49.0,21.6,0.5,41.7,19.8,33.6
2025-12-27,642:WA:SNTL,Morse Lake,5400,rainier,13.3,45.0,19.8,0.2,41.9,20.0,33.7
2025-12-28,642:WA:SNTL,Morse Lake,5400,rainier,13.3,43.0,28.0,0.0,41.9,20.6,34.4
2025-12-29,642:WA:SNTL,Morse Lake,5400,rainier,13.3,38.0,23.2,0.1,42.0,21.2,35.0
2025-12-30,642:WA:SNTL,Morse Lake,5400,rainier,13.3,36.0,27.3,0.0,42.0,21.8,35.6
2025-12-31,642:WA:SNTL,Morse Lake,5400,rainier,13.4,35.0,,0.0,42.0,22.0,36.0
2026-01-01,642:WA:SNTL,Morse Lake,5400,rainier,14.0,41.0,34.3,0.1,42.1,22.2,36.1
2026-01-02,642:WA:SNTL,Morse Lake,5400,rainier,14.1,37.0,34.7,0.4,42.5,22.9,36.2
2026-01-03,642:WA:SNTL,Morse Lake,5400,rainier,14.7,39.0,33.3,0.6,43.1,23.3,36.2
2026-01-04,642:WA:SNTL,Morse Lake,5400,rainier,15.2,44.0,28.2,0.8,43.9,23.8,37.0
2026-01-05,642:WA:SNTL,Morse Lake,5400,rainier,15.2,46.0,23.7,0.4,44.3,24.1,37.8
2026-01-06,642:WA:SNTL,Morse Lake,5400,rainier,16.5,60.0,25.3,0.7,45.0,24.4,38.6
2026-01-07,642:WA:SNTL,Morse Lake,5400,rainier,17.1,58.0,24.3,0.5,45.5,24.4,39.2
2026-01-08,642:WA:SNTL,Morse Lake,5400,rainier,17.6,57.0,26.2,0.8,46.3,24.7,39.2
2026-01-09,642:WA:SNTL,Morse Lake,5400,rainier,17.5,56.0,30.0,0.2,46.5,25.2,39.2
2026-01-10,642:WA:SNTL,Morse Lake,5400,rainier,17.5,54.0,30.7,0.0,46.5,25.8,39.2
2026-01-11,642:WA:SNTL,Morse Lake,5400,rainier,17.7,54.0,42.1,0.1,46.6,26.6,39.7
2026-01-12,642:WA:SNTL,Morse Lake,5400,rainier,17.6,48.0,36.3,0.0,46.6,26.7,41.0
2026-01-13,642:WA:SNTL,Morse Lake,5400,rainier,17.5,50.0,35.8,0.0,46.6,26.8,42.6
2026-01-14,642:WA:SNTL,Morse Lake,5400,rainier,17.5,50.0,40.6,0.0,46.6,26.8,43.7
2026-01-15,642:WA:SNTL,Morse Lake,5400,rainier,17.5,49.0,28.8,0.1,46.7,26.9,44.3
2026-01-16,642:WA:SNTL,Morse Lake,5400,rainier,17.5,48.0,29.8,0.0,46.7,27.2,44.6
2026-01-17,642:WA:SNTL,Morse Lake,5400,rainier,17.5,48.0,29.1,0.0,46.7,28.8,45.3
2026-01-18,642:WA:SNTL,Morse Lake,5400,rainier,17.5,48.0,28.4,0.0,46.7,29.3,45.4
2026-01-19,642:WA:SNTL,Morse Lake,5400,rainier,17.6,48.0,34.0,0.0,46.7,29.6,45.7
2026-01-20,642:WA:SNTL,Morse Lake,5400,rainier,17.8,47.0,23.2,0.1,46.8,30.3,45.8
2026-01-21,642:WA:SNTL,Morse Lake,5400,rainier,17.9,47.0,23.7,0.0,46.8,30.6,46.0
2026-01-22,642:WA:SNTL,Morse Lake,5400,rainier,18.0,47.0,17.8,0.0,46.8,30.8,46.2
2026-01-23,642:WA:SNTL,Morse Lake,5400,rainier,18.0,47.0,15.8,0.0,46.8,31.9,46.3
2026-01-24,642:WA:SNTL,Morse Lake,5400,rainier,18.0,47.0,26.2,0.0,46.8,32.0,46.6
2026-01-25,642:WA:SNTL,Morse Lake,5400,rainier,17.8,47.0,25.7,0.0,46.8,32.4,46.7
2026-01-26,642:WA:SNTL,Morse Lake,5400,rainier,17.6,47.0,29.5,0.0,46.8,32.4,46.7
2026-01-27,642:WA:SNTL,Morse Lake,5400,rainier,17.5,47.0,32.0,0.0,46.8,33.6,46.7
2026-01-28,642:WA:SNTL,Morse Lake,5400,rainier,18.0,50.0,34.0,0.4,47.2,34.0,47.2
2026-01-29,642:WA:SNTL,Morse Lake,5400,rainier,18.7,58.0,36.7,1.0,48.2,35.6,48.3
2026-01-30,642:WA:SNTL,Morse Lake,5400,rainier,18.7,58.0,34.9,0.1,48.3,35.9,48.4
2026-01-31,642:WA:SNTL,Morse Lake,5400,rainier,19.2,55.0,31.6,0.2,48.5,37.0,49.0
2026-02-01,642:WA:SNTL,Morse Lake,5400,rainier,19.6,55.0,31.3,0.3,48.8,37.3,49.4
2026-02-02,642:WA:SNTL,Morse Lake,5400,rainier,20.4,58.0,34.3,0.5,49.3,37.7,49.4
2026-02-03,642:WA:SNTL,Morse Lake,5400,rainier,20.4,57.0,35.4,0.0,49.3,37.6,50.2
2026-02-04,642:WA:SNTL,Morse Lake,5400,rainier,20.4,56.0,36.0,0.0,49.3,37.6,51.2
2026-02-05,642:WA:SNTL,Morse Lake,5400,rainier,20.4,56.0,35.1,0.0,49.3,37.6,51.4
2026-02-06,642:WA:SNTL,Morse Lake,5400,rainier,20.3,55.0,43.0,0.0,49.3,38.0,51.5
2026-02-07,642:WA:SNTL,Morse Lake,5400,rainier,21.3,56.0,34.3,0.9,50.2,38.6,51.7
2026-02-08,642:WA:SNTL,Morse Lake,5400,rainier,21.3,56.0,28.4,0.1,50.3,38.5,52.1
2026-02-09,642:WA:SNTL,Morse Lake,5400,rainier,21.2,53.0,27.0,0.1,50.4,38.6,52.4
2026-02-10,642:WA:SNTL,Morse Lake,5400,rainier,21.0,57.0,19.8,0.2,50.6,38.8,52.4
2026-02-11,642:WA:SNTL,Morse Lake,5400,rainier,20.8,57.0,22.6,0.0,50.6,38.6,52.4
2026-02-12,642:WA:SNTL,Morse Lake,5400,rainier,20.6,57.0,26.6,0.0,50.6,39.0,52.6
2026-02-13,642:WA:SNTL,Morse Lake,5400,rainier,21.0,63.0,30.0,0.0,50.6,39.2,52.8
2026-02-14,642:WA:SNTL,Morse Lake,5400,rainier,21.4,60.0,27.1,0.5,51.1,39.4,52.9
2026-02-15,642:WA:SNTL,Morse Lake,5400,rainier,21.7,63.0,29.5,0.1,51.2,39.5,53.1
2026-02-16,642:WA:SNTL,Morse Lake,5400,rainier,21.9,64.0,19.6,0.4,51.6,40.0,53.5
2026-02-17,642:WA:SNTL,Morse Lake,5400,rainier,22.1,64.0,20.5,0.2,51.8,41.0,54.0
2026-02-18,642:WA:SNTL,Morse Lake,5400,rainier,22.2,67.0,20.3,0.1,51.9,41.5,54.0
2026-02-19,642:WA:SNTL,Morse Lake,5400,rainier,22.4,66.0,16.9,0.2,52.1,41.6,54.8
2026-02-20,642:WA:SNTL,Morse Lake,5400,rainier,22.3,66.0,21.2,0.0,52.1,41.8,54.8
2026-02-21,642:WA:SNTL,Morse Lake,5400,rainier,22.8,69.0,24.6,0.5,52.6,42.2,55.0
2026-02-22,642:WA:SNTL,Morse Lake,5400,rainier,23.8,76.0,33.1,0.5,53.1,42.8,55.4
2026-02-23,642:WA:SNTL,Morse Lake,5400,rainier,25.0,82.0,28.0,1.1,54.2,43.2,55.6
2026-02-24,642:WA:SNTL,Morse Lake,5400,rainier,25.3,84.0,24.3,0.6,54.8,43.8,55.8
2026-02-25,642:WA:SNTL,Morse Lake,5400,rainier,25.3,82.0,25.0,0.0,54.8,44.4,56.2
2026-02-26,642:WA:SNTL,Morse Lake,5400,rainier,25.5,80.0,27.5,0.0,54.8,44.0,56.5
2026-02-27,642:WA:SNTL,Morse Lake,5400,rainier,25.6,78.0,24.4,0.0,54.8,44.4,56.6
2026-02-28,642:WA:SNTL,Morse Lake,5400,rainier,25.5,77.0,30.6,0.0,54.8,44.2,56.8
2026-03-01,642:WA:SNTL,Morse Lake,5400,rainier,25.6,76.0,28.2,0.0,54.8,44.4,57.8
2026-03-02,642:WA:SNTL,Morse Lake,5400,rainier,25.6,74.0,36.3,0.0,54.8,44.4,58.4
2026-03-03,642:WA:SNTL,Morse Lake,5400,rainier,25.7,72.0,34.3,0.2,55.0,45.2,58.9
2026-03-04,642:WA:SNTL,Morse Lake,5400,rainier,26.2,76.0,30.6,0.5,55.5,45.4,59.8
2026-03-05,642:WA:SNTL,Morse Lake,5400,rainier,26.2,74.0,29.3,0.1,55.6,45.9,60.4
2026-03-06,642:WA:SNTL,Morse Lake,5400,rainier,26.3,73.0,36.9,0.0,55.6,46.2,60.5
2026-03-07,642:WA:SNTL,Morse Lake,5400,rainier,26.5,70.0,36.3,0.0,55.6,46.4,61.4
2026-03-08,642:WA:SNTL,Morse Lake,5400,rainier,26.6,69.0,22.8,0.2,55.8,47.0,61.6
2026-03-09,642:WA:SNTL,Morse Lake,5400,rainier,27.0,75.0,15.4,0.7,56.5,47.7,61.9
2026-03-10,642:WA:SNTL,Morse Lake,5400,rainier,27.1,76.0,25.0,0.1,56.6,48.4,62.0
2026-03-11,642:WA:SNTL,Morse Lake,5400,rainier,29.7,90.0,35.1,2.3,58.9,48.2,62.1
2026-03-12,642:WA:SNTL,Morse Lake,5400,rainier,31.0,93.0,33.1,1.0,59.9,48.7,62.4
2026-03-13,642:WA:SNTL,Morse Lake,5400,rainier,33.6,110.0,30.6,2.4,62.3,49.8,62.8
2026-03-14,642:WA:SNTL,Morse Lake,5400,rainier,33.6,107.0,16.3,0.4,62.7,49.8,63.8
2026-03-15,642:WA:SNTL,Morse Lake,5400,rainier,33.7,105.0,35.4,0.0,62.7,49.7,64.1
2026-03-16,642:WA:SNTL,Morse Lake,5400,rainier,34.1,98.0,48.0,0.1,62.8,50.0,64.2
2026-03-17,642:WA:SNTL,Morse Lake,5400,rainier,34.4,90.0,39.9,0.2,63.0,50.0,64.3
2026-03-18,642:WA:SNTL,Morse Lake,5400,rainier,33.9,84.0,47.5,0.0,63.0,49.8,64.3
2026-03-19,642:WA:SNTL,Morse Lake,5400,rainier,33.2,79.0,43.0,0.4,63.4,50.2,64.4
2026-03-20,642:WA:SNTL,Morse Lake,5400,rainier,32.2,76.0,33.4,0.4,63.8,50.2,64.4
2026-03-21,642:WA:SNTL,Morse Lake,5400,rainier,31.7,76.0,23.9,0.0,63.8,50.2,64.6
2026-03-22,642:WA:SNTL,Morse Lake,5400,rainier,31.6,75.0,28.6,0.0,63.8,50.6,65.8
2026-03-23,642:WA:SNTL,Morse Lake,5400,rainier,31.3,74.0,37.6,0.0,63.8,51.0,65.8
2026-03-24,642:WA:SNTL,Morse Lake,5400,rainier,32.7,76.0,31.8,1.7,65.5,51.2,66.4
2026-03-25,642:WA:SNTL,Morse Lake,5400,rainier,32.2,74.0,21.9,0.4,65.9,51.4,66.4
2026-03-26,642:WA:SNTL,Morse Lake,5400,rainier,32.7,75.0,22.3,0.0,65.9,51.6,66.4
2026-03-27,642:WA:SNTL,Morse Lake,5400,rainier,32.3,75.0,32.9,0.0,65.9,51.6,66.6
2026-03-28,642:WA:SNTL,Morse Lake,5400,rainier,31.9,73.0,31.5,0.0,65.9,52.4,66.6
2026-03-29,642:WA:SNTL,Morse Lake,5400,rainier,32.1,74.0,22.3,0.2,66.1,53.4,66.8
2026-03-30,642:WA:SNTL,Morse Lake,5400,rainier,32.4,74.0,19.2,0.0,66.1,53.2,66.9
2026-03-31,642:WA:SNTL,Morse Lake,5400,rainier,32.1,72.0,32.2,0.0,66.1,52.7,66.9
2026-04-01,642:WA:SNTL,Morse Lake,5400,rainier,33.1,82.0,27.5,1.0,67.1,52.8,67.0
2026-04-02,642:WA:SNTL,Morse Lake,5400,rainier,33.1,79.0,27.0,0.0,67.1,53.2,67.0
2026-04-03,642:WA:SNTL,Morse Lake,5400,rainier,33.1,77.0,30.2,0.0,67.1,53.0,68.0
2026-04-04,642:WA:SNTL,Morse Lake,5400,rainier,33.2,75.0,34.0,0.0,67.1,53.4,68.8
2026-04-05,642:WA:SNTL,Morse Lake,5400,rainier,32.8,73.0,36.7,0.0,67.1,53.4,68.8
2026-04-06,642:WA:SNTL,Morse Lake,5400,rainier,32.3,71.0,38.8,0.0,67.1,53.7,69.2
2026-04-07,642:WA:SNTL,Morse Lake,5400,rainier,31.6,69.0,28.9,0.0,67.1,54.4,69.8
2026-04-08,642:WA:SNTL,Morse Lake,5400,rainier,31.0,69.0,31.5,0.0,67.1,53.8,70.5
2026-04-09,642:WA:SNTL,Morse Lake,5400,rainier,30.4,67.0,33.4,0.0,67.1,53.9,70.6
2026-04-10,642:WA:SNTL,Morse Lake,5400,rainier,29.8,66.0,36.9,0.0,67.1,54.0,71.0
2026-04-11,642:WA:SNTL,Morse Lake,5400,rainier,29.5,65.0,32.5,0.0,67.1,54.0,71.4
2026-04-12,642:WA:SNTL,Morse Lake,5400,rainier,29.3,64.0,35.8,0.2,67.3,54.5,71.4
2026-04-13,642:WA:SNTL,Morse Lake,5400,rainier,29.4,65.0,29.5,0.2,67.5,54.8,71.4
2026-04-14,642:WA:SNTL,Morse Lake,5400,rainier,30.0,69.0,31.3,0.7,68.2,54.8,71.5
2026-04-15,642:WA:SNTL,Morse Lake,5400,rainier,30.6,75.0,23.4,0.9,69.1,55.0,71.6
2026-04-16,642:WA:SNTL,Morse Lake,5400,rainier,30.8,72.0,27.1,0.0,69.1,54.7,72.0
2026-04-17,642:WA:SNTL,Morse Lake,5400,rainier,30.9,70.0,29.1,0.0,69.1,54.6,72.0
2026-04-18,642:WA:SNTL,Morse Lake,5400,rainier,30.7,67.0,32.4,0.0,69.1,54.6,72.2
2026-04-19,642:WA:SNTL,Morse Lake,5400,rainier,30.3,66.0,36.0,0.0,69.1,54.4,72.4
2026-04-20,642:WA:SNTL,Morse Lake,5400,rainier,29.8,64.0,41.2,0.0,69.1,54.0,72.6
2026-04-21,642:WA:SNTL,Morse Lake,5400,rainier,29.4,63.0,36.9,0.0,69.1,52.9,73.0
2026-04-22,642:WA:SNTL,Morse Lake,5400,rainier,29.2,63.0,35.2,0.3,69.4,52.8,73.2
2026-04-23,642:WA:SNTL,Morse Lake,5400,rainier,28.8,62.0,30.7,0.0,69.4,53.2,73.4
2026-04-24,642:WA:SNTL,Morse Lake,5400,rainier,28.5,60.0,28.9,0.0,69.4,53.5,73.5
2026-04-25,642:WA:SNTL,Morse Lake,5400,rainier,28.2,58.0,28.8,0.0,69.4,53.2,73.6
2026-04-26,642:WA:SNTL,Morse Lake,5400,rainier,27.2,58.0,31.1,0.0,69.4,53.5,73.7
2026-04-27,642:WA:SNTL,Morse Lake,5400,rainier,26.6,57.0,35.6,0.0,69.4,53.7,74.1
2026-04-28,642:WA:SNTL,Morse Lake,5400,rainier,26.3,57.0,32.4,0.0,69.4,53.6,74.5
2026-04-29,642:WA:SNTL,Morse Lake,5400,rainier,25.8,55.0,35.2,0.0,69.4,53.4,74.9
2026-04-30,642:WA:SNTL,Morse Lake,5400,rainier,25.0,52.0,37.4,0.0,69.4,52.9,75.0
2026-05-01,642:WA:SNTL,Morse Lake,5400,rainier,24.1,51.0,39.6,0.0,69.4,52.8,75.2
2026-05-02,642:WA:SNTL,Morse Lake,5400,rainier,23.1,50.0,39.0,0.0,69.4,52.4,75.4
2026-05-03,642:WA:SNTL,Morse Lake,5400,rainier,22.2,47.0,40.3,0.0,69.4,51.9,75.8
2026-05-04,642:WA:SNTL,Morse Lake,5400,rainier,21.0,45.0,40.1,0.0,69.4,51.4,76.0
2026-05-05,642:WA:SNTL,Morse Lake,5400,rainier,19.9,42.0,44.6,0.0,69.4,50.8,76.0
2026-05-06,642:WA:SNTL,Morse Lake,5400,rainier,19.0,39.0,40.1,0.1,69.5,50.7,76.0
2026-05-07,642:WA:SNTL,Morse Lake,5400,rainier,18.3,35.0,35.2,0.2,69.7,50.4,76.0
2026-05-08,642:WA:SNTL,Morse Lake,5400,rainier,17.2,34.0,36.3,0.0,69.7,50.6,76.0
2026-05-09,642:WA:SNTL,Morse Lake,5400,rainier,16.1,32.0,39.6,0.0,69.7,50.7,76.0
2026-05-10,642:WA:SNTL,Morse Lake,5400,rainier,15.2,30.0,38.8,0.1,69.8,50.5,76.4
2026-05-11,642:WA:SNTL,Morse Lake,5400,rainier,13.9,28.0,38.1,0.0,69.8,49.5,76.6
2026-05-12,642:WA:SNTL,Morse Lake,5400,rainier,12.5,23.0,45.5,0.0,69.8,48.2,76.6
2026-05-13,642:WA:SNTL,Morse Lake,5400,rainier,12.0,23.0,35.6,1.2,71.0,47.4,76.7
2026-05-14,642:WA:SNTL,Morse Lake,5400,rainier,11.6,22.0,34.3,0.1,71.1,47.2,76.8
2026-05-15,642:WA:SNTL,Morse Lake,5400,rainier,11.9,25.0,30.7,0.4,71.5,46.8,76.8
2026-05-16,642:WA:SNTL,Morse Lake,5400,rainier,12.8,28.0,29.5,0.7,72.2,46.6,76.8
2026-05-17,642:WA:SNTL,Morse Lake,5400,rainier,12.7,26.0,35.6,0.1,72.3,46.9,76.8
2026-05-18,642:WA:SNTL,Morse Lake,5400,rainier,12.0,23.0,37.0,0.0,72.3,46.8,77.0
2026-05-19,642:WA:SNTL,Morse Lake,5400,rainier,11.5,21.0,39.6,0.0,72.3,45.8,77.3
2026-05-20,642:WA:SNTL,Morse Lake,5400,rainier,9.9,19.0,36.9,0.0,72.3,44.6,77.8
2026-05-21,642:WA:SNTL,Morse Lake,5400,rainier,8.6,17.0,39.6,0.0,72.3,43.4,78.0
2026-05-22,642:WA:SNTL,Morse Lake,5400,rainier,7.5,15.0,40.1,0.1,72.4,42.2,78.0
2026-05-23,642:WA:SNTL,Morse Lake,5400,rainier,6.1,12.0,39.7,0.0,72.4,43.3,78.3
2026-05-24,642:WA:SNTL,Morse Lake,5400,rainier,4.7,10.0,46.2,0.0,72.4,43.2,78.4
2026-05-25,642:WA:SNTL,Morse Lake,5400,rainier,4.0,7.0,34.9,0.1,72.5,41.7,78.6
2026-05-26,642:WA:SNTL,Morse Lake,5400,rainier,0.0,0.0,37.9,0.0,72.5,39.2,78.8
2026-05-27,642:WA:SNTL,Morse Lake,5400,rainier,0.0,0.0,45.0,0.0,72.5,38.8,78.8
2026-05-28,642:WA:SNTL,Morse Lake,5400,rainier,0.0,0.0,45.9,0.2,72.7,36.6,78.8
2026-05-29,642:WA:SNTL,Morse Lake,5400,rainier,0.0,0.0,34.9,0.5,73.2,34.8,78.8
2026-05-30,642:WA:SNTL,Morse Lake,5400,rainier,0.0,0.0,34.9,0.0,73.2,35.0,78.8
2026-05-31,642:WA:SNTL,Morse Lake,5400,rainier,0.0,0.0,36.5,0.0,73.2,33.8,78.8
2026-06-01,642:WA:SNTL,Morse Lake,5400,rainier,0.0,0.0,40.8,0.0,73.2,32.2,78.8
2026-06-02,642:WA:SNTL,Morse Lake,5400,rainier,0.0,0.0,46.4,0.0,73.2,30.8,78.8
2026-06-03,642:WA:SNTL,Morse Lake,5400,rainier,0.0,0.0,42.1,0.0,73.2,29.4,79.0
2026-06-04,642:WA:SNTL,Morse Lake,5400,rainier,0.0,0.0,37.0,0.1,73.3,29.3,79.1
2026-06-05,642:WA:SNTL,Morse Lake,5400,rainier,0.0,0.0,34.5,0.3,73.6,29.3,79.2
2026-06-06,642:WA:SNTL,Morse Lake,5400,rainier,0.0,0.0,32.7,0.8,74.4,28.9,79.2
2026-06-07,642:WA:SNTL,Morse Lake,5400,rainier,0.0,0.0,32.5,0.0,74.4,28.0,79.2
2026-06-08,642:WA:SNTL,Morse Lake,5400,rainier,0.0,0.0,40.6,1.1,75.5,24.4,79.2
2026-06-09,642:WA:SNTL,Morse Lake,5400,rainier,0.0,0.0,35.2,0.6,76.1,21.7,79.6
2026-06-10,642:WA:SNTL,Morse Lake,5400,rainier,0.0,0.0,31.6,0.0,76.1,19.4,80.0
2026-06-11,642:WA:SNTL,Morse Lake,5400,rainier,0.0,0.0,37.9,0.0,76.1,18.2,80.0
2026-06-12,642:WA:SNTL,Morse Lake,5400,rainier,0.0,0.0,40.3,0.0,76.1,16.9,80.0
2026-06-13,642:WA:SNTL,Morse Lake,5400,rainier,0.0,0.0,44.8,0.0,76.1,16.1,80.0
2026-06-14,642:WA:SNTL,Morse Lake,5400,rainier,0.0,0.0,49.3,0.0,76.1,15.1,80.0
2026-06-15,642:WA:SNTL,Morse Lake,5400,rainier,0.0,0.0,50.4,0.0,76.1,13.8,80.0
2026-06-16,642:WA:SNTL,Morse Lake,5400,rainier,0.0,0.0,48.0,0.1,76.2,12.9,80.0
2026-06-17,642:WA:SNTL,Morse Lake,5400,rainier,0.0,0.0,43.0,0.1,76.3,11.6,80.0
2026-06-18,642:WA:SNTL,Morse Lake,5400,rainier,0.0,0.0,48.6,0.0,76.3,9.8,80.0
2026-06-19,642:WA:SNTL,Morse Lake,5400,rainier,0.0,0.0,47.5,0.0,76.3,8.8,80.0
2026-06-20,642:WA:SNTL,Morse Lake,5400,rainier,0.0,0.0,42.3,0.0,76.3,7.9,80.0
2026-06-21,642:WA:SNTL,Morse Lake,5400,rainier,0.0,0.0,43.3,0.0,76.3,6.4,80.0
2026-06-22,642:WA:SNTL,Morse Lake,5400,rainier,0.0,0.0,48.2,0.0,76.3,4.8,80.0
2026-06-23,642:WA:SNTL,Morse Lake,5400,rainier,0.0,0.0,50.2,0.0,76.3,3.4,80.0
2026-06-24,642:WA:SNTL,Morse Lake,5400,rainier,0.0,0.0,44.2,0.0,76.3,2.1,80.0
2026-06-25,642:WA:SNTL,Morse Lake,5400,rainier,0.0,0.0,42.3,0.1,76.4,0.9,80.2
2026-06-26,642:WA:SNTL,Morse Lake,5400,rainier,0.0,0.0,41.0,0.1,76.5,0.0,80.2
2026-06-27,642:WA:SNTL,Morse Lake,5400,rainier,0.0,0.0,41.2,0.0,76.5,0.0,80.2
2026-06-28,642:WA:SNTL,Morse Lake,5400,rainier,0.0,0.0,42.8,0.0,76.5,0.0,80.2
2026-06-29,642:WA:SNTL,Morse Lake,5400,rainier,0.0,0.0,43.0,0.0,76.5,0.0,80.6
2026-06-30,642:WA:SNTL,Morse Lake,5400,rainier,0.0,0.0,39.0,0.0,76.5,0.0,80.6
2026-07-01,642:WA:SNTL,Morse Lake,5400,rainier,0.0,0.0,41.7,0.0,76.5,0.0,80.6
2026-07-02,642:WA:SNTL,Morse Lake,5400,rainier,0.0,0.0,47.5,0.0,76.5,0.0,80.6
2026-07-03,642:WA:SNTL,Morse Lake,5400,rainier,0.0,0.0,43.0,0.0,76.5,0.0,80.8
2026-07-04,642:WA:SNTL,Morse Lake,5400,rainier,0.0,0.0,39.7,0.0,76.5,0.0,80.8
2026-07-05,642:WA:SNTL,Morse Lake,5400,rainier,0.0,0.0,46.9,0.0,76.5,0.0,80.8
2026-07-06,642:WA:SNTL,Morse Lake,5400,rainier,0.0,0.0,51.3,0.0,76.5,0.0,80.8
2026-07-07,642:WA:SNTL,Morse Lake,5400,rainier,0.0,0.0,48.9,0.0,76.5,0.0,80.8
2026-07-08,642:WA:SNTL,Morse Lake,5400,rainier,0.0,0.0,47.7,0.0,76.5,0.0,80.8
2026-07-09,642:WA:SNTL,Morse Lake,5400,rainier,0.0,0.0,49.3,0.0,76.5,0.0,80.8
2026-07-10,642:WA:SNTL,Morse Lake,5400,rainier,0.0,0.0,49.3,0.0,76.5,0.0,80.8
2026-07-11,642:WA:SNTL,Morse Lake,5400,rainier,0.0,0.0,48.2,0.0,76.5,0.0,80.8
2026-07-12,642:WA:SNTL,Morse Lake,5400,rainier,0.0,0.0,45.3,0.0,76.5,0.0,80.8
2026-07-13,642:WA:SNTL,Morse Lake,5400,rainier,0.0,0.0,49.6,0.0,76.5,0.0,80.8
2026-07-14,642:WA:SNTL,Morse Lake,5400,rainier,0.0,0.0,52.7,0.0,76.5,0.0,80.8
2026-07-15,642:WA:SNTL,Morse Lake,5400,rainier,0.0,0.0,55.2,0.0,76.5,0.0,80.8
2026-07-16,642:WA:SNTL,Morse Lake,5400,rainier,0.0,0.0,43.9,0.1,76.6,0.0,80.8
2026-07-17,642:WA:SNTL,Morse Lake,5400,rainier,0.0,0.0,47.7,0.0,76.6,0.0,80.8
2026-07-18,642:WA:SNTL,Morse Lake,5400,rainier,0.0,0.0,43.5,0.0,76.6,0.0,80.8
2026-07-19,642:WA:SNTL,Morse Lake,5400,rainier,0.0,0.0,49.8,0.0,76.6,0.0,80.8
2026-07-20,642:WA:SNTL,Morse Lake,5400,rainier,0.0,0.0,52.3,0.0,76.6,0.0,80.8
2026-07-21,642:WA:SNTL,Morse Lake,5400,rainier,0.0,0.0,57.4,0.0,76.6,0.0,80.8
2026-07-22,642:WA:SNTL,Morse Lake,5400,rainier,0.0,0.0,55.9,0.2,76.8,0.0,80.8
2026-07-23,642:WA:SNTL,Morse Lake,5400,rainier,0.0,0.0,50.7,0.1,76.9,0.0,80.8
2026-07-24,642:WA:SNTL,Morse Lake,5400,rainier,0.0,0.0,54.3,0.0,76.9,0.0,80.8
2026-07-25,642:WA:SNTL,Morse Lake,5400,rainier,0.0,0.0,46.6,0.1,77.0,0.0,80.8
2026-07-26,642:WA:SNTL,Morse Lake,5400,rainier,0.0,0.0,48.6,0.0,77.0,0.0,80.8
2026-07-27,642:WA:SNTL,Morse Lake,5400,rainier,0.0,0.0,51.8,0.0,77.0,0.0,80.8
2026-07-28,642:WA:SNTL,Morse Lake,5400,rainier,0.0,0.0,42.4,0.1,77.1,0.0,80.8
2026-07-29,642:WA:SNTL,Morse Lake,5400,rainier,0.0,0.0,45.7,0.0,77.1,0.0,80.8
2026-07-30,642:WA:SNTL,Morse Lake,5400,rainier,0.0,0.0,45.3,0.0,77.1,0.0,80.8
2026-07-31,642:WA:SNTL,Morse Lake,5400,rainier,0.0,0.0,,0.0,77.1,0.0,80.9
2026-08-01,642:WA:SNTL,Morse Lake,5400,rainier,0.0,0.0,41.5,0.0,77.1,0.0,81.0
2026-08-02,642:WA:SNTL,Morse Lake,5400,rainier,0.0,0.0,38.8,0.0,77.1,0.0,81.0
2026-08-03,642:WA:SNTL,Morse Lake,5400,rainier,0.0,0.0,43.9,0.0,77.1,0.0,81.0
2026-08-04,642:WA:SNTL,Morse Lake,5400,rainier,0.0,0.0,49.1,0.0,77.1,0.0,81.0
2026-08-05,642:WA:SNTL,Morse Lake,5400,rainier,0.0,0.0,50.4,0.0,77.1,0.0,81.0
2026-08-06,642:WA:SNTL,Morse Lake,5400,rainier,0.0,0.0,51.4,0.0,77.1,0.0,81.0
2026-08-07,642:WA:SNTL,Morse Lake,5400,rainier,0.0,0.0,54.1,0.0,77.1,0.0,81.0
2026-08-08,642:WA:SNTL,Morse Lake,5400,rainier,0.0,0.0,46.9,0.0,77.1,0.0,81.0
2026-08-09,642:WA:SNTL,Morse Lake,5400,rainier,0.0,0.0,46.6,0.0,77.1,0.0,81.0
2026-08-10,642:WA:SNTL,Morse Lake,5400,rainier,0.0,0.0,47.7,0.0,77.1,0.0,81.0
2026-08-11,642:WA:SNTL,Morse Lake,5400,rainier,0.0,0.0,49.8,0.0,77.1,0.0,81.2
2026-08-12,642:WA:SNTL,Morse Lake,5400,rainier,0.0,0.0,46.2,0.1,77.2,0.0,81.2
2026-08-13,642:WA:SNTL,Morse Lake,5400,rainier,0.0,0.0,46.0,0.0,77.2,0.0,81.2
2026-08-14,642:WA:SNTL,Morse Lake,5400,rainier,0.0,0.0,48.6,0.0,77.2,0.0,81.2
2026-08-15,642:WA:SNTL,Morse Lake,5400,rainier,0.0,0.0,48.7,0.0,77.2,0.0,81.2
2026-08-16,642:WA:SNTL,Morse Lake,5400,rainier,0.0,0.0,48.9,0.0,77.2,0.0,81.2
2026-08-17,642:WA:SNTL,Morse Lake,5400,rainier,0.0,0.0,48.7,0.0,77.2,0.0,81.2
2026-08-18,642:WA:SNTL,Morse Lake,5400,rainier,0.0,0.0,54.1,0.0,77.2,0.0,81.2
2026-08-19,642:WA:SNTL,Morse Lake,5400,rainier,0.0,0.0,50.2,0.0,77.2,0.0,81.6
2026-08-20,642:WA:SNTL,Morse Lake,5400,rainier,0.0,0.0,55.8,0.0,77.2,0.0,81.8
2026-08-21,642:WA:SNTL,Morse Lake,5400,rainier,0.0,0.0,57.9,0.0,77.2,0.0,81.8
2026-08-22,642:WA:SNTL,Morse Lake,5400,rainier,0.0,0.0,48.7,0.0,77.2,0.0,81.8
2026-08-23,642:WA:SNTL,Morse Lake,5400,rainier,0.0,0.0,43.7,0.0,77.2,0.0,81.9
2026-08-24,642:WA:SNTL,Morse Lake,5400,rainier,0.0,0.0,48.6,0.0,77.2,0.0,82.0
2026-08-25,642:WA:SNTL,Morse Lake,5400,rainier,0.0,0.0,50.4,0.0,77.2,0.0,82.2
2026-08-26,642:WA:SNTL,Morse Lake,5400,rainier,0.0,0.0,53.6,0.0,77.2,0.0,82.4
2026-08-27,642:WA:SNTL,Morse Lake,5400,rainier,0.0,0.0,44.8,0.1,77.3,0.0,82.5
2026-08-28,642:WA:SNTL,Morse Lake,5400,rainier,0.0,0.0,44.6,0.0,77.3,0.0,82.5
2026-08-29,642:WA:SNTL,Morse Lake,5400,rainier,0.0,0.0,39.2,0.2,77.5,0.0,82.5
2026-08-30,642:WA:SNTL,Morse Lake,5400,rainier,0.0,0.0,43.9,0.0,77.5,0.0,82.6
2026-08-31,642:WA:SNTL,Morse Lake,5400,rainier,0.0,0.0,47.5,0.0,77.5,0.0,82.6
2026-09-01,642:WA:SNTL,Morse Lake,5400,rainier,0.0,0.0,45.7,0.0,77.5,0.0,82.6
2026-09-02,642:WA:SNTL,Morse Lake,5400,rainier,0.0,0.0,37.8,0.6,78.1,0.0,82.6
2026-09-03,642:WA:SNTL,Morse Lake,5400,rainier,0.0,0.0,37.8,0.0,78.1,0.0,82.6
2026-09-04,642:WA:SNTL,Morse Lake,5400,rainier,0.0,0.0,36.0,0.3,78.4,0.0,82.6
2026-09-05,642:WA:SNTL,Morse Lake,5400,rainier,0.0,0.0,36.7,0.2,78.6,0.0,82.6
2026-09-06,642:WA:SNTL,Morse Lake,5400,rainier,0.0,0.0,44.1,0.0,78.6,0.0,82.6
2026-09-07,642:WA:SNTL,Morse Lake,5400,rainier,0.0,0.0,41.0,0.1,78.7,0.0,82.6
2026-09-08,642:WA:SNTL,Morse Lake,5400,rainier,0.0,0.0,43.7,0.0,78.7,0.0,82.6
2026-09-09,642:WA:SNTL,Morse Lake,5400,rainier,0.0,0.0,51.6,0.0,78.7,0.0,82.6
2026-09-10,642:WA:SNTL,Morse Lake,5400,rainier,0.0,0.0,38.8,0.1,78.8,0.0,82.8
2026-09-11,642:WA:SNTL,Morse Lake,5400,rainier,0.0,0.0,41.2,0.0,78.8,0.0,83.0
2026-09-12,642:WA:SNTL,Morse Lake,5400,rainier,0.0,0.0,43.2,0.0,78.8,0.0,83.3
2026-09-13,642:WA:SNTL,Morse Lake,5400,rainier,0.0,0.0,38.3,1.3,80.1,0.0,83.4
2026-09-14,642:WA:SNTL,Morse Lake,5400,rainier,0.0,0.0,40.3,0.1,80.2,0.0,83.4
2026-09-15,642:WA:SNTL,Morse Lake,5400,rainier,0.0,0.0,39.4,0.0,80.2,0.0,83.4
2026-09-16,642:WA:SNTL,Morse Lake,5400,rainier,0.0,0.0,41.5,0.2,80.4,0.0,83.6
2026-09-17,642:WA:SNTL,Morse Lake,5400,rainier,0.0,0.0,43.7,0.1,80.5,0.0,83.6
2026-09-18,642:WA:SNTL,Morse Lake,5400,rainier,0.0,0.0,44.8,0.1,80.6,0.0,83.6
2026-09-19,642:WA:SNTL,Morse Lake,5400,rainier,0.0,0.0,46.4,0.0,80.6,0.0,83.6
2026-09-20,642:WA:SNTL,Morse Lake,5400,rainier,0.0,0.0,45.9,0.0,80.6,0.0,84.2
2026-09-21,642:WA:SNTL,Morse Lake,5400,rainier,0.0,0.0,42.1,0.1,80.7,0.0,84.2
2026-09-22,642:WA:SNTL,Morse Lake,5400,rainier,0.0,0.0,38.1,0.1,80.8,0.0,84.5
2026-09-23,642:WA:SNTL,Morse Lake,5400,rainier,0.0,0.0,37.8,0.0,80.8,0.0,84.5
2026-09-24,642:WA:SNTL,Morse Lake,5400,rainier,0.0,0.0,43.9,0.0,80.8,0.0,84.5
2026-09-25,642:WA:SNTL,Morse Lake,5400,rainier,0.0,1.0,30.9,0.9,81.7,0.0,84.6
2026-09-26,642:WA:SNTL,Morse Lake,5400,rainier,0.0,1.0,32.0,0.1,81.8,0.0,84.6
2026-09-27,642:WA:SNTL,Morse Lake,5400,rainier,0.0,1.0,35.6,0.0,81.8,0.0,84.6
2026-09-28,642:WA:SNTL,Morse Lake,5400,rainier,0.0,1.0,43.0,,81.6,0.0,85.3
2026-09-29,642:WA:SNTL,Morse Lake,5400,rainier,0.0,1.0,46.8,,81.5,0.0,85.4
2026-09-30,642:WA:SNTL,Morse Lake,5400,rainier,0.0,0.0,41.2,0.2,81.7,0.0,85.8
2025-10-01,418:WA:SNTL,Corral Pass,5810,rainier,0.0,0.0,38.3,0.0,0.0,0.0,0.0
2025-10-02,418:WA:SNTL,Corral Pass,5810,rainier,0.1,0.0,38.8,0.1,0.1,0.0,0.1
2025-10-03,418:WA:SNTL,Corral Pass,5810,rainier,0.0,0.0,38.8,0.0,0.1,0.0,0.1
2025-10-04,418:WA:SNTL,Corral Pass,5810,rainier,0.0,0.0,36.5,0.1,0.2,0.0,0.2
2025-10-05,418:WA:SNTL,Corral Pass,5810,rainier,0.0,0.0,41.5,0.0,0.2,0.0,0.4
2025-10-06,418:WA:SNTL,Corral Pass,5810,rainier,0.2,0.0,50.0,0.1,0.3,0.0,0.5
2025-10-07,418:WA:SNTL,Corral Pass,5810,rainier,0.1,0.0,43.5,0.0,0.3,0.0,0.5
2025-10-08,418:WA:SNTL,Corral Pass,5810,rainier,0.1,0.0,44.6,0.0,0.3,0.0,0.9
2025-10-09,418:WA:SNTL,Corral Pass,5810,rainier,0.2,0.0,52.0,0.3,0.6,0.0,1.0
2025-10-10,418:WA:SNTL,Corral Pass,5810,rainier,0.1,0.0,35.2,0.0,0.6,0.0,1.2
2025-10-11,418:WA:SNTL,Corral Pass,5810,rainier,0.0,0.0,31.8,0.1,0.7,0.0,1.2
2025-10-12,418:WA:SNTL,Corral Pass,5810,rainier,0.5,7.0,29.1,0.4,1.1,0.0,1.4
2025-10-13,418:WA:SNTL,Corral Pass,5810,rainier,0.7,2.0,30.2,0.3,1.4,0.0,1.5
2025-10-14,418:WA:SNTL,Corral Pass,5810,rainier,0.8,4.0,35.2,0.0,1.4,0.0,1.6
2025-10-15,418:WA:SNTL,Corral Pass,5810,rainier,0.8,3.0,38.7,0.0,1.4,0.0,1.6
2025-10-16,418:WA:SNTL,Corral Pass,5810,rainier,0.8,0.0,38.1,0.1,1.5,0.0,1.7
2025-10-17,418:WA:SNTL,Corral Pass,5810,rainier,0.1,0.0,33.1,0.0,1.5,0.0,1.9
2025-10-18,418:WA:SNTL,Corral Pass,5810,rainier,0.2,0.0,39.9,0.9,2.4,0.0,2.1
2025-10-19,418:WA:SNTL,Corral Pass,5810,rainier,0.6,0.0,32.9,0.6,3.0,0.1,2.2
2025-10-20,418:WA:SNTL,Corral Pass,5810,rainier,0.2,0.0,37.2,0.0,3.0,0.1,2.3
2025-10-21,418:WA:SNTL,Corral Pass,5810,rainier,0.3,0.0,51.1,0.1,3.1,0.2,2.4
2025-10-22,418:WA:SNTL,Corral Pass,5810,rainier,0.1,0.0,37.0,0.0,3.1,0.3,2.6
2025-10-23,418:WA:SNTL,Corral Pass,5810,rainier,0.2,0.0,44.1,0.0,3.1,0.2,2.7
2025-10-24,418:WA:SNTL,Corral Pass,5810,rainier,0.3,0.0,30.6,0.7,3.8,0.4,2.7
2025-10-25,418:WA:SNTL,Corral Pass,5810,rainier,0.9,4.0,28.0,0.4,4.2,0.3,3.0
2025-10-26,418:WA:SNTL,Corral Pass,5810,rainier,1.3,9.0,26.6,0.3,4.5,0.4,3.5
2025-10-27,418:WA:SNTL,Corral Pass,5810,rainier,1.4,7.0,30.6,0.1,4.6,0.5,3.8
2025-10-28,418:WA:SNTL,Corral Pass,5810,rainier,1.6,3.0,35.2,0.6,5.2,0.5,4.3
2025-10-29,418:WA:SNTL,Corral Pass,5810,rainier,1.6,5.0,37.8,0.1,5.3,0.5,4.4
2025-10-30,418:WA:SNTL,Corral Pass,5810,rainier,1.7,5.0,43.2,0.2,5.5,0.5,4.7
2025-10-31,418:WA:SNTL,Corral Pass,5810,rainier,1.7,0.0,41.0,0.9,6.4,0.6,4.8
2025-11-01,418:WA:SNTL,Corral Pass,5810,rainier,0.8,0.0,31.1,0.6,7.0,0.9,5.4
2025-11-02,418:WA:SNTL,Corral Pass,5810,rainier,0.8,2.0,33.3,0.1,7.1,0.9,5.8
2025-11-03,418:WA:SNTL,Corral Pass,5810,rainier,1.2,3.0,31.6,0.3,7.4,0.8,5.9
2025-11-04,418:WA:SNTL,Corral Pass,5810,rainier,1.5,5.0,33.6,0.2,7.6,1.0,6.1
2025-11-05,418:WA:SNTL,Corral Pass,5810,rainier,1.9,5.0,34.2,1.2,8.8,1.3,6.1
2025-11-06,418:WA:SNTL,Corral Pass,5810,rainier,2.2,4.0,29.7,0.8,9.6,1.6,6.3
2025-11-07,418:WA:SNTL,Corral Pass,5810,rainier,2.5,6.0,28.4,0.3,9.9,1.8,6.3
2025-11-08,418:WA:SNTL,Corral Pass,5810,rainier,2.8,7.0,53.6,0.3,10.2,1.9,6.3
2025-11-09,418:WA:SNTL,Corral Pass,5810,rainier,2.5,5.0,45.5,0.0,10.2,2.0,7.0
2025-11-10,418:WA:SNTL,Corral Pass,5810,rainier,2.2,4.0,34.0,0.0,10.2,2.2,7.0
2025-11-11,418:WA:SNTL,Corral Pass,5810,rainier,2.3,6.0,43.0,0.0,10.2,2.2,7.0
2025-11-12,418:WA:SNTL,Corral Pass,5810,rainier,1.8,3.0,44.4,0.0,10.2,2.1,7.8
2025-11-13,418:WA:SNTL,Corral Pass,5810,rainier,0.9,0.0,38.3,0.2,10.4,2.1,8.2
2025-11-14,418:WA:SNTL,Corral Pass,5810,rainier,0.7,0.0,39.9,0.1,10.5,2.2,8.5
2025-11-15,418:WA:SNTL,Corral Pass,5810,rainier,0.3,0.0,41.9,0.0,10.5,2.3,8.9
2025-11-16,418:WA:SNTL,Corral Pass,5810,rainier,0.2,0.0,39.4,0.0,10.5,2.3,9.2
2025-11-17,418:WA:SNTL,Corral Pass,5810,rainier,0.1,0.0,25.9,0.0,10.5,2.4,9.5
2025-11-18,418:WA:SNTL,Corral Pass,5810,rainier,0.0,0.0,27.3,0.0,10.5,2.8,9.5
2025-11-19,418:WA:SNTL,Corral Pass,5810,rainier,0.1,0.0,29.1,0.1,10.6,2.9,9.8
2025-11-20,418:WA:SNTL,Corral Pass,5810,rainier,0.1,0.0,32.7,0.0,10.6,3.2,10.1
2025-11-21,418:WA:SNTL,Corral Pass,5810,rainier,0.0,0.0,40.8,0.2,10.8,3.8,10.6
2025-11-22,418:WA:SNTL,Corral Pass,5810,rainier,0.1,0.0,34.9,0.0,10.8,3.9,11.0
2025-11-23,418:WA:SNTL,Corral Pass,5810,rainier,0.2,0.0,26.1,0.2,11.0,4.0,11.7
2025-11-24,418:WA:SNTL,Corral Pass,5810,rainier,0.0,0.0,24.6,0.0,11.0,4.1,12.3
2025-11-25,418:WA:SNTL,Corral Pass,5810,rainier,1.2,4.0,34.2,0.7,11.7,5.1,12.6
2025-11-26,418:WA:SNTL,Corral Pass,5810,rainier,1.3,6.0,35.4,0.1,11.8,5.4,13.0
2025-11-27,418:WA:SNTL,Corral Pass,5810,rainier,2.2,9.0,33.3,0.4,12.2,5.4,13.5
2025-11-28,418:WA:SNTL,Corral Pass,5810,rainier,2.3,14.0,34.0,0.3,12.5,5.9,13.8
2025-11-29,418:WA:SNTL,Corral Pass,5810,rainier,2.1,10.0,22.6,0.0,12.5,6.5,14.4
2025-11-30,418:WA:SNTL,Corral Pass,5810,rainier,2.2,13.0,32.4,0.1,12.6,6.8,14.6
2025-12-01,418:WA:SNTL,Corral Pass,5810,rainier,2.5,9.0,32.7,0.2,12.8,7.1,14.8
2025-12-02,418:WA:SNTL,Corral Pass,5810,rainier,2.7,12.0,29.7,0.2,13.0,7.5,14.8
2025-12-03,418:WA:SNTL,Corral Pass,5810,rainier,2.8,8.0,29.7,0.1,13.1,7.4,14.8
2025-12-04,418:WA:SNTL,Corral Pass,5810,rainier,4.1,13.0,34.3,1.1,14.2,7.4,14.8
2025-12-05,418:WA:SNTL,Corral Pass,5810,rainier,4.4,10.0,33.1,0.6,14.8,7.6,15.0
2025-12-06,418:WA:SNTL,Corral Pass,5810,rainier,5.1,15.0,31.8,0.5,15.3,7.6,15.1
2025-12-07,418:WA:SNTL,Corral Pass,5810,rainier,5.6,19.0,34.2,0.4,15.7,8.0,15.3
2025-12-08,418:WA:SNTL,Corral Pass,5810,rainier,6.0,18.0,36.0,2.8,18.5,8.2,15.5
2025-12-09,418:WA:SNTL,Corral Pass,5810,rainier,6.9,20.0,41.7,1.4,19.9,8.3,16.6
2025-12-10,418:WA:SNTL,Corral Pass,5810,rainier,5.7,14.0,41.7,0.7,20.6,8.4,16.7
2025-12-11,418:WA:SNTL,Corral Pass,5810,rainier,5.1,12.0,41.0,0.9,21.5,9.3,16.7
2025-12-12,418:WA:SNTL,Corral Pass,5810,rainier,4.8,11.0,35.8,0.0,21.5,9.3,16.8
2025-12-13,418:WA:SNTL,Corral Pass,5810,rainier,5.0,13.0,46.2,0.1,21.6,9.4,17.2
2025-12-14,418:WA:SNTL,Corral Pass,5810,rainier,4.7,12.0,45.5,0.0,21.6,9.5,17.6
2025-12-15,418:WA:SNTL,Corral Pass,5810,rainier,4.0,7.0,32.2,0.7,22.3,10.0,18.0
2025-12-16,418:WA:SNTL,Corral Pass,5810,rainier,4.7,12.0,37.0,0.9,23.2,10.1,18.2
2025-12-17,418:WA:SNTL,Corral Pass,5810,rainier,5.1,14.0,27.1,0.5,23.7,10.4,18.3
2025-12-18,418:WA:SNTL,Corral Pass,5810,rainier,6.7,20.0,26.4,1.6,25.3,11.3,18.4
2025-12-19,418:WA:SNTL,Corral Pass,5810,rainier,7.1,25.0,23.2,0.3,25.6,11.3,18.8
2025-12-20,418:WA:SNTL,Corral Pass,5810,rainier,7.7,30.0,24.8,0.4,26.0,11.8,19.5
2025-12-21,418:WA:SNTL,Corral Pass,5810,rainier,8.0,32.0,26.4,0.4,26.4,12.2,19.5
2025-12-22,418:WA:SNTL,Corral Pass,5810,rainier,8.6,32.0,25.9,0.4,26.8,12.5,19.6
2025-12-23,418:WA:SNTL,Corral Pass,5810,rainier,8.8,31.0,28.4,0.2,27.0,12.5,19.8
2025-12-24,418:WA:SNTL,Corral Pass,5810,rainier,9.5,31.0,29.5,0.5,27.5,12.7,19.8
2025-12-25,418:WA:SNTL,Corral Pass,5810,rainier,9.7,31.0,28.2,0.1,27.6,12.8,19.8
2025-12-26,418:WA:SNTL,Corral Pass,5810,rainier,10.3,37.0,19.9,0.4,28.0,13.0,19.8
2025-12-27,418:WA:SNTL,Corral Pass,5810,rainier,10.4,37.0,18.9,0.1,28.1,13.7,20.2
2025-12-28,418:WA:SNTL,Corral Pass,5810,rainier,10.6,36.0,30.4,0.2,28.3,14.1,20.9
2025-12-29,418:WA:SNTL,Corral Pass,5810,rainier,10.7,35.0,45.1,0.0,28.3,14.2,21.6
2025-12-30,418:WA:SNTL,Corral Pass,5810,rainier,10.6,34.0,44.2,0.0,28.3,14.3,21.6
2025-12-31,418:WA:SNTL,Corral Pass,5810,rainier,10.6,33.0,,0.0,28.3,14.6,21.6
2026-01-01,418:WA:SNTL,Corral Pass,5810,rainier,10.6,32.0,38.3,0.2,28.5,14.8,21.9
2026-01-02,418:WA:SNTL,Corral Pass,5810,rainier,10.9,30.0,38.8,0.3,28.8,14.9,22.0
2026-01-03,418:WA:SNTL,Corral Pass,5810,rainier,11.2,32.0,33.8,0.1,28.9,15.5,22.3
2026-01-04,418:WA:SNTL,Corral Pass,5810,rainier,11.6,33.0,26.6,0.2,29.1,15.6,22.7
2026-01-05,418:WA:SNTL,Corral Pass,5810,rainier,11.6,32.0,21.9,0.0,29.1,16.0,23.0
2026-01-06,418:WA:SNTL,Corral Pass,5810,rainier,13.3,51.0,21.9,1.2,30.3,16.2,23.1
2026-01-07,418:WA:SNTL,Corral Pass,5810,rainier,13.6,50.0,23.2,0.4,30.7,16.4,23.3
2026-01-08,418:WA:SNTL,Corral Pass,5810,rainier,14.1,50.0,25.7,0.4,31.1,16.4,23.6
2026-01-09,418:WA:SNTL,Corral Pass,5810,rainier,14.2,48.0,37.6,0.1,31.2,17.1,24.3
2026-01-10,418:WA:SNTL,Corral Pass,5810,rainier,14.2,46.0,35.4,0.0,31.2,17.4,24.5
2026-01-11,418:WA:SNTL,Corral Pass,5810,rainier,14.4,43.0,41.4,0.4,31.6,17.5,24.9
2026-01-12,418:WA:SNTL,Corral Pass,5810,rainier,14.2,38.0,41.7,0.0,31.6,18.0,25.8
2026-01-13,418:WA:SNTL,Corral Pass,5810,rainier,14.2,38.0,49.8,0.0,31.6,18.2,26.4
2026-01-14,418:WA:SNTL,Corral Pass,5810,rainier,13.9,35.0,37.4,0.0,31.6,18.4,26.7
2026-01-15,418:WA:SNTL,Corral Pass,5810,rainier,14.1,37.0,44.4,0.0,31.6,18.8,27.2
2026-01-16,418:WA:SNTL,Corral Pass,5810,rainier,14.1,38.0,41.9,0.0,31.6,18.6,27.6
2026-01-17,418:WA:SNTL,Corral Pass,5810,rainier,14.2,37.0,48.6,0.0,31.6,18.9,28.0
2026-01-18,418:WA:SNTL,Corral Pass,5810,rainier,14.3,37.0,44.4,0.0,31.6,18.9,28.4
2026-01-19,418:WA:SNTL,Corral Pass,5810,rainier,14.4,37.0,42.8,0.0,31.6,19.7,28.4
2026-01-20,418:WA:SNTL,Corral Pass,5810,rainier,14.4,37.0,42.6,0.0,31.6,20.1,28.4
2026-01-21,418:WA:SNTL,Corral Pass,5810,rainier,14.4,37.0,37.0,0.0,31.6,20.2,28.9
2026-01-22,418:WA:SNTL,Corral Pass,5810,rainier,13.9,36.0,32.0,0.0,31.6,20.4,29.0
2026-01-23,418:WA:SNTL,Corral Pass,5810,rainier,13.5,36.0,30.7,0.0,31.6,20.4,30.0
2026-01-24,418:WA:SNTL,Corral Pass,5810,rainier,13.3,36.0,31.8,0.0,31.6,20.7,30.4
2026-01-25,418:WA:SNTL,Corral Pass,5810,rainier,13.0,36.0,31.5,0.0,31.6,20.8,30.5
2026-01-26,418:WA:SNTL,Corral Pass,5810,rainier,12.7,36.0,32.9,0.0,31.6,20.8,30.5
2026-01-27,418:WA:SNTL,Corral Pass,5810,rainier,12.6,36.0,33.1,0.0,31.6,21.0,30.5
2026-01-28,418:WA:SNTL,Corral Pass,5810,rainier,12.8,37.0,36.0,0.3,31.9,21.7,30.5
2026-01-29,418:WA:SNTL,Corral Pass,5810,rainier,13.2,39.0,37.6,0.2,32.1,21.7,30.6
2026-01-30,418:WA:SNTL,Corral Pass,5810,rainier,13.4,37.0,37.2,0.2,32.3,21.9,30.8
2026-01-31,418:WA:SNTL,Corral Pass,5810,rainier,13.7,36.0,44.4,0.0,32.3,22.7,30.9
2026-02-01,418:WA:SNTL,Corral Pass,5810,rainier,14.1,40.0,29.5,0.2,32.5,23.3,31.1
2026-02-02,418:WA:SNTL,Corral Pass,5810,rainier,14.7,38.0,37.9,0.5,33.0,23.4,31.4
2026-02-03,418:WA:SNTL,Corral Pass,5810,rainier,14.9,39.0,49.6,0.1,33.1,23.4,31.5
2026-02-04,418:WA:SNTL,Corral Pass,5810,rainier,14.9,37.0,54.3,0.0,33.1,23.6,31.5
2026-02-05,418:WA:SNTL,Corral Pass,5810,rainier,15.0,37.0,48.0,0.0,33.1,23.8,32.4
2026-02-06,418:WA:SNTL,Corral Pass,5810,rainier,15.0,37.0,39.7,0.0,33.1,23.9,33.2
2026-02-07,418:WA:SNTL,Corral Pass,5810,rainier,15.0,35.0,33.4,0.0,33.1,24.2,33.8
2026-02-08,418:WA:SNTL,Corral Pass,5810,rainier,14.9,35.0,28.2,0.0,33.1,24.4,33.9
2026-02-09,418:WA:SNTL,Corral Pass,5810,rainier,15.0,37.0,24.8,0.0,33.1,24.5,34.1
2026-02-10,418:WA:SNTL,Corral Pass,5810,rainier,14.8,38.0,27.1,0.0,33.1,24.6,34.2
2026-02-11,418:WA:SNTL,Corral Pass,5810,rainier,14.9,37.0,35.1,0.0,33.1,24.7,34.2
2026-02-12,418:WA:SNTL,Corral Pass,5810,rainier,14.9,36.0,27.3,0.0,33.1,24.7,34.3
2026-02-13,418:WA:SNTL,Corral Pass,5810,rainier,15.3,38.0,28.6,0.2,33.3,24.7,34.3
2026-02-14,418:WA:SNTL,Corral Pass,5810,rainier,16.2,38.0,25.7,0.1,33.4,24.7,34.5
2026-02-15,418:WA:SNTL,Corral Pass,5810,rainier,16.9,38.0,26.2,0.0,33.4,24.8,34.8
2026-02-16,418:WA:SNTL,Corral Pass,5810,rainier,17.2,40.0,17.4,0.0,33.4,24.7,34.8
2026-02-17,418:WA:SNTL,Corral Pass,5810,rainier,17.3,41.0,19.4,0.2,33.6,25.1,34.9
2026-02-18,418:WA:SNTL,Corral Pass,5810,rainier,17.3,50.0,19.4,0.4,34.0,25.5,35.4
2026-02-19,418:WA:SNTL,Corral Pass,5810,rainier,16.8,47.0,16.0,0.1,34.1,26.0,35.5
2026-02-20,418:WA:SNTL,Corral Pass,5810,rainier,16.1,45.0,20.7,0.1,34.2,26.1,36.3
2026-02-21,418:WA:SNTL,Corral Pass,5810,rainier,15.7,46.0,27.5,0.2,34.4,26.8,36.4
2026-02-22,418:WA:SNTL,Corral Pass,5810,rainier,15.7,46.0,33.8,0.3,34.7,27.3,37.4
2026-02-23,418:WA:SNTL,Corral Pass,5810,rainier,16.6,57.0,28.4,0.8,35.5,27.4,37.4
2026-02-24,418:WA:SNTL,Corral Pass,5810,rainier,16.7,56.0,19.4,0.1,35.6,27.8,37.4
2026-02-25,418:WA:SNTL,Corral Pass,5810,rainier,16.8,51.0,23.0,0.1,35.7,28.1,37.5
2026-02-26,418:WA:SNTL,Corral Pass,5810,rainier,17.0,52.0,25.0,0.0,35.7,28.3,37.6
2026-02-27,418:WA:SNTL,Corral Pass,5810,rainier,17.2,51.0,26.1,0.0,35.7,28.6,37.7
2026-02-28,418:WA:SNTL,Corral Pass,5810,rainier,17.4,51.0,41.7,0.1,35.8,28.6,38.8
2026-03-01,418:WA:SNTL,Corral Pass,5810,rainier,17.7,50.0,37.2,0.0,35.8,28.2,39.8
2026-03-02,418:WA:SNTL,Corral Pass,5810,rainier,17.7,46.0,34.3,0.1,35.9,28.4,40.2
2026-03-03,418:WA:SNTL,Corral Pass,5810,rainier,17.9,50.0,33.8,0.2,36.1,29.2,40.4
2026-03-04,418:WA:SNTL,Corral Pass,5810,rainier,18.2,53.0,29.3,0.2,36.3,29.6,40.6
2026-03-05,418:WA:SNTL,Corral Pass,5810,rainier,18.3,48.0,27.9,0.0,36.3,30.0,40.7
2026-03-06,418:WA:SNTL,Corral Pass,5810,rainier,18.7,49.0,37.4,0.5,36.8,30.0,40.8
2026-03-07,418:WA:SNTL,Corral Pass,5810,rainier,18.9,47.0,34.7,0.0,36.8,30.0,40.8
2026-03-08,418:WA:SNTL,Corral Pass,5810,rainier,18.6,48.0,21.0,0.0,36.8,30.0,40.8
2026-03-09,418:WA:SNTL,Corral Pass,5810,rainier,18.8,53.0,18.1,0.4,37.2,30.8,40.9
2026-03-10,418:WA:SNTL,Corral Pass,5810,rainier,18.9,54.0,23.0,0.3,37.5,31.1,40.9
2026-03-11,418:WA:SNTL,Corral Pass,5810,rainier,21.3,66.0,34.2,2.4,39.9,31.2,41.1
2026-03-12,418:WA:SNTL,Corral Pass,5810,rainier,23.3,78.0,28.2,2.0,41.9,31.2,41.1
2026-03-13,418:WA:SNTL,Corral Pass,5810,rainier,28.1,108.0,28.4,4.8,46.7,31.4,41.5
2026-03-14,418:WA:SNTL,Corral Pass,5810,rainier,28.0,104.0,18.7,0.4,47.1,31.8,42.0
2026-03-15,418:WA:SNTL,Corral Pass,5810,rainier,28.6,100.0,34.5,0.5,47.6,31.9,42.2
2026-03-16,418:WA:SNTL,Corral Pass,5810,rainier,30.4,94.0,44.6,0.2,47.8,32.1,42.4
2026-03-17,418:WA:SNTL,Corral Pass,5810,rainier,30.3,82.0,41.0,0.8,48.6,32.2,42.5
2026-03-18,418:WA:SNTL,Corral Pass,5810,rainier,29.5,75.0,42.3,0.1,48.7,32.3,42.6
2026-03-19,418:WA:SNTL,Corral Pass,5810,rainier,28.8,68.0,40.8,0.2,48.9,32.3,42.8
2026-03-20,418:WA:SNTL,Corral Pass,5810,rainier,28.1,66.0,31.1,0.1,49.0,32.3,43.2
2026-03-21,418:WA:SNTL,Corral Pass,5810,rainier,27.2,67.0,23.2,0.0,49.0,32.6,43.4
2026-03-22,418:WA:SNTL,Corral Pass,5810,rainier,27.0,67.0,36.7,0.0,49.0,32.8,43.4
2026-03-23,418:WA:SNTL,Corral Pass,5810,rainier,26.6,66.0,36.5,0.1,49.1,32.9,43.7
2026-03-24,418:WA:SNTL,Corral Pass,5810,rainier,27.8,65.0,29.5,0.6,49.7,33.4,43.7
2026-03-25,418:WA:SNTL,Corral Pass,5810,rainier,27.2,68.0,20.5,0.1,49.8,33.5,43.8
2026-03-26,418:WA:SNTL,Corral Pass,5810,rainier,27.3,66.0,34.5,0.1,49.9,34.1,44.2
2026-03-27,418:WA:SNTL,Corral Pass,5810,rainier,27.3,65.0,35.6,0.2,50.1,34.3,44.3
2026-03-28,418:WA:SNTL,Corral Pass,5810,rainier,27.1,64.0,29.1,0.0,50.1,34.5,44.5
2026-03-29,418:WA:SNTL,Corral Pass,5810,rainier,27.1,66.0,20.7,0.0,50.1,34.5,44.6
2026-03-30,418:WA:SNTL,Corral Pass,5810,rainier,27.4,66.0,26.4,0.0,50.1,34.6,45.0
2026-03-31,418:WA:SNTL,Corral Pass,5810,rainier,27.1,65.0,31.1,0.2,50.3,35.0,45.4
2026-04-01,418:WA:SNTL,Corral Pass,5810,rainier,27.7,70.0,25.7,0.5,50.8,35.0,45.5
2026-04-02,418:WA:SNTL,Corral Pass,5810,rainier,27.8,68.0,25.5,0.0,50.8,35.0,45.5
2026-04-03,418:WA:SNTL,Corral Pass,5810,rainier,28.2,66.0,35.4,0.0,50.8,35.2,45.6
2026-04-04,418:WA:SNTL,Corral Pass,5810,rainier,28.5,65.0,49.1,0.2,51.0,35.3,45.6
2026-04-05,418:WA:SNTL,Corral Pass,5810,rainier,28.3,64.0,47.8,0.0,51.0,35.3,46.1
2026-04-06,418:WA:SNTL,Corral Pass,5810,rainier,28.0,62.0,38.8,0.0,51.0,35.4,46.1
2026-04-07,418:WA:SNTL,Corral Pass,5810,rainier,27.5,62.0,32.2,0.0,51.0,35.2,46.2
2026-04-08,418:WA:SNTL,Corral Pass,5810,rainier,27.2,61.0,37.6,0.0,51.0,35.6,46.5
2026-04-09,418:WA:SNTL,Corral Pass,5810,rainier,26.8,59.0,42.6,0.0,51.0,35.8,46.5
2026-04-10,418:WA:SNTL,Corral Pass,5810,rainier,26.4,58.0,43.5,0.0,51.0,36.2,46.5
2026-04-11,418:WA:SNTL,Corral Pass,5810,rainier,26.2,58.0,38.3,0.0,51.0,36.4,46.8
2026-04-12,418:WA:SNTL,Corral Pass,5810,rainier,26.0,56.0,34.5,0.1,51.1,37.2,46.9
2026-04-13,418:WA:SNTL,Corral Pass,5810,rainier,25.7,56.0,27.9,0.0,51.1,37.6,47.9
2026-04-14,418:WA:SNTL,Corral Pass,5810,rainier,26.2,65.0,30.6,0.5,51.6,37.8,48.1
2026-04-15,418:WA:SNTL,Corral Pass,5810,rainier,26.9,73.0,21.9,0.8,52.4,37.8,48.3
2026-04-16,418:WA:SNTL,Corral Pass,5810,rainier,27.0,70.0,25.0,0.2,52.6,37.8,48.4
2026-04-17,418:WA:SNTL,Corral Pass,5810,rainier,27.1,67.0,32.9,0.0,52.6,38.1,48.4
2026-04-18,418:WA:SNTL,Corral Pass,5810,rainier,27.6,63.0,42.1,0.2,52.8,38.1,48.7
2026-04-19,418:WA:SNTL,Corral Pass,5810,rainier,27.4,60.0,47.8,0.0,52.8,38.2,48.8
2026-04-20,418:WA:SNTL,Corral Pass,5810,rainier,26.8,58.0,43.9,0.0,52.8,38.0,49.1
2026-04-21,418:WA:SNTL,Corral Pass,5810,rainier,26.3,56.0,34.5,0.1,52.9,37.7,49.4
2026-04-22,418:WA:SNTL,Corral Pass,5810,rainier,26.7,60.0,32.9,0.4,53.3,37.7,49.7
2026-04-23,418:WA:SNTL,Corral Pass,5810,rainier,26.3,56.0,30.4,0.0,53.3,37.4,49.8
2026-04-24,418:WA:SNTL,Corral Pass,5810,rainier,26.2,58.0,32.5,0.0,53.3,37.3,49.9
2026-04-25,418:WA:SNTL,Corral Pass,5810,rainier,25.9,57.0,34.7,0.0,53.3,37.3,50.0
2026-04-26,418:WA:SNTL,Corral Pass,5810,rainier,25.6,56.0,33.3,0.0,53.3,37.3,50.0
2026-04-27,418:WA:SNTL,Corral Pass,5810,rainier,25.1,54.0,33.4,0.2,53.5,36.8,50.1
2026-04-28,418:WA:SNTL,Corral Pass,5810,rainier,24.7,53.0,31.3,0.0,53.5,37.1,50.3
2026-04-29,418:WA:SNTL,Corral Pass,5810,rainier,24.4,53.0,43.5,0.1,53.6,37.2,50.6
2026-04-30,418:WA:SNTL,Corral Pass,5810,rainier,23.8,51.0,46.2,0.0,53.6,37.3,50.6
2026-05-01,418:WA:SNTL,Corral Pass,5810,rainier,23.0,50.0,49.5,0.0,53.6,37.6,50.6
2026-05-02,418:WA:SNTL,Corral Pass,5810,rainier,22.1,48.0,52.7,0.0,53.6,37.2,50.6
2026-05-03,418:WA:SNTL,Corral Pass,5810,rainier,20.9,45.0,49.8,0.0,53.6,37.0,50.6
2026-05-04,418:WA:SNTL,Corral Pass,5810,rainier,19.6,43.0,50.5,0.0,53.6,36.3,51.1
2026-05-05,418:WA:SNTL,Corral Pass,5810,rainier,18.4,40.0,48.0,0.0,53.6,35.7,51.2
2026-05-06,418:WA:SNTL,Corral Pass,5810,rainier,17.1,37.0,37.6,0.0,53.6,35.5,51.3
2026-05-07,418:WA:SNTL,Corral Pass,5810,rainier,16.0,34.0,39.0,0.0,53.6,35.5,51.3
2026-05-08,418:WA:SNTL,Corral Pass,5810,rainier,15.2,34.0,37.2,0.0,53.6,35.4,51.3
2026-05-09,418:WA:SNTL,Corral Pass,5810,rainier,14.5,33.0,50.5,0.0,53.6,35.3,51.3
2026-05-10,418:WA:SNTL,Corral Pass,5810,rainier,13.8,31.0,37.6,0.0,53.6,34.6,51.5
2026-05-11,418:WA:SNTL,Corral Pass,5810,rainier,12.7,29.0,49.1,0.1,53.7,34.4,51.6
2026-05-12,418:WA:SNTL,Corral Pass,5810,rainier,11.3,24.0,45.3,0.0,53.7,34.4,51.8
2026-05-13,418:WA:SNTL,Corral Pass,5810,rainier,10.8,22.0,34.9,0.6,54.3,34.0,52.0
2026-05-14,418:WA:SNTL,Corral Pass,5810,rainier,10.3,21.0,32.5,0.1,54.4,33.2,52.3
2026-05-15,418:WA:SNTL,Corral Pass,5810,rainier,10.6,26.0,29.1,0.2,54.6,33.1,52.3
2026-05-16,418:WA:SNTL,Corral Pass,5810,rainier,12.0,35.0,28.2,1.0,55.6,32.9,52.3
2026-05-17,418:WA:SNTL,Corral Pass,5810,rainier,12.0,28.0,33.3,0.2,55.8,32.5,52.4
2026-05-18,418:WA:SNTL,Corral Pass,5810,rainier,11.8,26.0,36.0,0.0,55.8,32.3,52.4
2026-05-19,418:WA:SNTL,Corral Pass,5810,rainier,11.3,24.0,37.0,0.0,55.8,32.0,52.4
2026-05-20,418:WA:SNTL,Corral Pass,5810,rainier,10.2,22.0,40.6,0.0,55.8,31.0,52.4
2026-05-21,418:WA:SNTL,Corral Pass,5810,rainier,9.1,21.0,46.4,0.0,55.8,30.8,52.5
2026-05-22,418:WA:SNTL,Corral Pass,5810,rainier,7.7,15.0,44.4,0.0,55.8,30.6,53.6
2026-05-23,418:WA:SNTL,Corral Pass,5810,rainier,6.3,12.0,41.5,0.0,55.8,30.5,53.7
2026-05-24,418:WA:SNTL,Corral Pass,5810,rainier,4.9,11.0,45.1,0.0,55.8,30.8,53.7
2026-05-25,418:WA:SNTL,Corral Pass,5810,rainier,4.3,6.0,34.0,0.0,55.8,30.1,53.8
2026-05-26,418:WA:SNTL,Corral Pass,5810,rainier,0.0,0.0,36.9,0.2,56.0,29.4,54.3
2026-05-27,418:WA:SNTL,Corral Pass,5810,rainier,0.0,0.0,53.1,0.0,56.0,29.4,54.4
2026-05-28,418:WA:SNTL,Corral Pass,5810,rainier,0.0,0.0,47.1,0.1,56.1,29.0,55.0
2026-05-29,418:WA:SNTL,Corral Pass,5810,rainier,0.0,0.0,33.3,0.0,56.1,29.0,55.2
2026-05-30,418:WA:SNTL,Corral Pass,5810,rainier,0.0,0.0,32.2,0.0,56.1,28.5,55.2
2026-05-31,418:WA:SNTL,Corral Pass,5810,rainier,0.0,0.0,41.2,0.0,56.1,27.9,55.2
2026-06-01,418:WA:SNTL,Corral Pass,5810,rainier,0.0,0.0,47.7,0.1,56.2,27.1,55.3
2026-06-02,418:WA:SNTL,Corral Pass,5810,rainier,0.0,0.0,53.6,0.0,56.2,25.9,55.3
2026-06-03,418:WA:SNTL,Corral Pass,5810,rainier,0.0,0.0,37.8,0.0,56.2,25.2,55.3
2026-06-04,418:WA:SNTL,Corral Pass,5810,rainier,0.0,0.0,36.7,0.0,56.2,24.1,55.3
2026-06-05,418:WA:SNTL,Corral Pass,5810,rainier,0.0,0.0,32.5,0.1,56.3,23.0,55.3
2026-06-06,418:WA:SNTL,Corral Pass,5810,rainier,0.0,0.0,31.6,0.2,56.5,21.6,55.4
2026-06-07,418:WA:SNTL,Corral Pass,5810,rainier,0.0,0.0,40.1,0.0,56.5,20.5,55.4
2026-06-08,418:WA:SNTL,Corral Pass,5810,rainier,0.0,0.0,40.3,0.7,57.2,19.8,55.4
2026-06-09,418:WA:SNTL,Corral Pass,5810,rainier,0.0,0.0,33.6,0.4,57.6,19.3,55.4
2026-06-10,418:WA:SNTL,Corral Pass,5810,rainier,0.0,0.0,34.9,0.1,57.7,18.7,55.4
2026-06-11,418:WA:SNTL,Corral Pass,5810,rainier,0.0,0.0,39.6,0.1,57.8,17.8,55.5
2026-06-12,418:WA:SNTL,Corral Pass,5810,rainier,0.0,0.0,50.7,0.0,57.8,16.9,55.6
2026-06-13,418:WA:SNTL,Corral Pass,5810,rainier,0.0,0.0,53.1,0.0,57.8,15.9,55.9
2026-06-14,418:WA:SNTL,Corral Pass,5810,rainier,0.0,0.0,59.2,0.0,57.8,15.2,55.9
2026-06-15,418:WA:SNTL,Corral Pass,5810,rainier,0.0,0.0,53.4,0.0,57.8,14.5,56.0
2026-06-16,418:WA:SNTL,Corral Pass,5810,rainier,0.0,0.0,43.7,0.0,57.8,14.3,56.5
2026-06-17,418:WA:SNTL,Corral Pass,5810,rainier,0.0,0.0,42.1,0.0,57.8,13.6,56.6
2026-06-18,418:WA:SNTL,Corral Pass,5810,rainier,0.0,0.0,56.5,0.0,57.8,13.2,56.8
2026-06-19,418:WA:SNTL,Corral Pass,5810,rainier,0.0,0.0,46.6,0.0,57.8,12.4,56.8
2026-06-20,418:WA:SNTL,Corral Pass,5810,rainier,0.0,0.0,40.1,0.0,57.8,11.4,57.0
2026-06-21,418:WA:SNTL,Corral Pass,5810,rainier,0.0,0.0,46.6,0.0,57.8,10.5,57.0
2026-06-22,418:WA:SNTL,Corral Pass,5810,rainier,0.0,0.0,57.0,0.0,57.8,9.2,57.0
2026-06-23,418:WA:SNTL,Corral Pass,5810,rainier,0.0,0.0,57.9,0.0,57.8,8.3,57.0
2026-06-24,418:WA:SNTL,Corral Pass,5810,rainier,0.0,0.0,50.2,0.0,57.8,7.1,57.1
2026-06-25,418:WA:SNTL,Corral Pass,5810,rainier,0.0,0.0,41.4,0.1,57.9,5.5,57.4
2026-06-26,418:WA:SNTL,Corral Pass,5810,rainier,0.0,0.0,37.6,0.1,58.0,3.8,57.7
2026-06-27,418:WA:SNTL,Corral Pass,5810,rainier,0.0,0.0,38.8,0.2,58.2,2.8,57.8
2026-06-28,418:WA:SNTL,Corral Pass,5810,rainier,0.0,0.0,40.1,0.2,58.4,2.0,57.8
2026-06-29,418:WA:SNTL,Corral Pass,5810,rainier,0.0,0.0,41.0,0.0,58.4,1.1,57.8
2026-06-30,418:WA:SNTL,Corral Pass,5810,rainier,0.0,0.0,37.6,0.0,58.4,0.7,57.8
2026-07-01,418:WA:SNTL,Corral Pass,5810,rainier,0.0,0.0,39.6,0.0,58.4,0.2,57.8
2026-07-02,418:WA:SNTL,Corral Pass,5810,rainier,0.0,0.0,46.2,0.0,58.4,0.0,58.0
2026-07-03,418:WA:SNTL,Corral Pass,5810,rainier,0.0,0.0,45.7,0.0,58.4,0.0,58.1
2026-07-04,418:WA:SNTL,Corral Pass,5810,rainier,0.0,0.0,43.0,0.0,58.4,0.0,58.1
2026-07-05,418:WA:SNTL,Corral Pass,5810,rainier,0.0,0.0,55.8,0.0,58.4,0.0,58.1
2026-07-06,418:WA:SNTL,Corral Pass,5810,rainier,0.0,0.0,56.5,0.0,58.4,0.0,58.1
2026-07-07,418:WA:SNTL,Corral Pass,5810,rainier,0.0,0.0,44.6,0.0,58.4,0.0,58.3
2026-07-08,418:WA:SNTL,Corral Pass,5810,rainier,0.0,0.0,43.3,0.0,58.4,0.0,58.4
2026-07-09,418:WA:SNTL,Corral Pass,5810,rainier,0.0,0.0,48.0,0.0,58.4,0.0,58.4
2026-07-10,418:WA:SNTL,Corral Pass,5810,rainier,0.0,0.0,46.9,0.0,58.4,0.0,58.4
2026-07-11,418:WA:SNTL,Corral Pass,5810,rainier,0.0,0.0,44.6,0.0,58.4,0.0,58.4
2026-07-12,418:WA:SNTL,Corral Pass,5810,rainier,0.0,0.0,46.4,0.0,58.4,0.0,58.4
2026-07-13,418:WA:SNTL,Corral Pass,5810,rainier,0.0,0.0,54.7,0.0,58.4,0.0,58.4
2026-07-14,418:WA:SNTL,Corral Pass,5810,rainier,0.0,0.0,59.4,0.0,58.4,0.0,58.4
2026-07-15,418:WA:SNTL,Corral Pass,5810,rainier,0.0,0.0,61.5,0.0,58.4,0.0,58.4
2026-07-16,418:WA:SNTL,Corral Pass,5810,rainier,0.0,0.0,45.5,0.0,58.4,0.0,58.4
2026-07-17,418:WA:SNTL,Corral Pass,5810,rainier,0.0,0.0,45.1,0.0,58.4,0.0,58.4
2026-07-18,418:WA:SNTL,Corral Pass,5810,rainier,0.0,0.0,45.5,0.0,58.4,0.0,58.5
2026-07-19,418:WA:SNTL,Corral Pass,5810,rainier,0.0,0.0,63.5,0.1,58.5,0.0,58.6
2026-07-20,418:WA:SNTL,Corral Pass,5810,rainier,0.0,0.0,64.2,0.0,58.5,0.0,58.6
2026-07-21,418:WA:SNTL,Corral Pass,5810,rainier,0.0,0.0,65.8,0.0,58.5,0.0,58.6
2026-07-22,418:WA:SNTL,Corral Pass,5810,rainier,0.0,0.0,56.1,0.5,59.0,0.0,58.6
2026-07-23,418:WA:SNTL,Corral Pass,5810,rainier,0.0,0.0,51.1,0.0,59.0,0.0,59.0
2026-07-24,418:WA:SNTL,Corral Pass,5810,rainier,0.0,0.0,50.7,0.0,59.0,0.0,58.6
2026-07-25,418:WA:SNTL,Corral Pass,5810,rainier,0.0,0.0,43.9,0.0,59.0,0.0,59.0
2026-07-26,418:WA:SNTL,Corral Pass,5810,rainier,0.0,0.0,46.0,0.0,59.0,0.0,59.0
2026-07-27,418:WA:SNTL,Corral Pass,5810,rainier,0.0,0.0,48.6,0.0,59.0,0.0,59.0
2026-07-28,418:WA:SNTL,Corral Pass,5810,rainier,0.0,0.0,45.5,0.0,59.0,0.0,59.0
2026-07-29,418:WA:SNTL,Corral Pass,5810,rainier,0.0,0.0,46.4,0.0,59.0,0.0,59.0
2026-07-30,418:WA:SNTL,Corral Pass,5810,rainier,0.0,0.0,47.5,0.0,59.0,0.0,59.0
2026-07-31,418:WA:SNTL,Corral Pass,5810,rainier,0.0,0.0,49.6,0.0,59.0,0.0,59.0
2026-08-01,418:WA:SNTL,Corral Pass,5810,rainier,0.0,0.0,39.6,0.0,59.0,0.0,59.0
2026-08-02,418:WA:SNTL,Corral Pass,5810,rainier,0.0,0.0,38.8,0.0,59.0,0.0,59.0
2026-08-03,418:WA:SNTL,Corral Pass,5810,rainier,0.0,0.0,53.6,0.1,59.1,0.0,59.0
2026-08-04,418:WA:SNTL,Corral Pass,5810,rainier,0.0,0.0,57.7,0.0,59.1,0.0,59.0
2026-08-05,418:WA:SNTL,Corral Pass,5810,rainier,0.0,0.0,55.2,0.0,59.1,0.0,59.0
2026-08-06,418:WA:SNTL,Corral Pass,5810,rainier,0.0,0.0,59.7,0.0,59.1,0.0,59.0
2026-08-07,418:WA:SNTL,Corral Pass,5810,rainier,0.0,0.0,52.5,0.0,59.1,0.0,59.0
2026-08-08,418:WA:SNTL,Corral Pass,5810,rainier,0.0,0.0,49.5,0.0,59.1,0.0,59.0
2026-08-09,418:WA:SNTL,Corral Pass,5810,rainier,0.0,0.0,45.0,0.0,59.1,0.0,59.0
2026-08-10,418:WA:SNTL,Corral Pass,5810,rainier,0.0,0.0,45.1,0.0,59.1,0.0,59.0
2026-08-11,418:WA:SNTL,Corral Pass,5810,rainier,0.0,0.0,45.1,0.0,59.1,0.0,59.0
2026-08-12,418:WA:SNTL,Corral Pass,5810,rainier,0.0,0.0,46.4,0.1,59.2,0.0,59.0
2026-08-13,418:WA:SNTL,Corral Pass,5810,rainier,0.0,0.0,53.8,0.0,59.2,0.0,59.0
2026-08-14,418:WA:SNTL,Corral Pass,5810,rainier,0.0,0.0,56.3,0.0,59.2,0.0,59.0
2026-08-15,418:WA:SNTL,Corral Pass,5810,rainier,0.0,0.0,56.7,0.0,59.2,0.0,59.0
2026-08-16,418:WA:SNTL,Corral Pass,5810,rainier,0.0,0.0,52.9,0.0,59.2,0.0,59.0
2026-08-17,418:WA:SNTL,Corral Pass,5810,rainier,0.0,0.0,51.6,0.0,59.2,0.0,59.0
2026-08-18,418:WA:SNTL,Corral Pass,5810,rainier,0.0,0.0,51.4,0.0,59.2,0.0,59.2
2026-08-19,418:WA:SNTL,Corral Pass,5810,rainier,0.0,0.0,60.3,0.0,59.2,0.0,59.3
2026-08-20,418:WA:SNTL,Corral Pass,5810,rainier,0.0,0.0,64.4,0.0,59.2,0.0,59.3
2026-08-21,418:WA:SNTL,Corral Pass,5810,rainier,0.0,0.0,62.2,0.0,59.2,0.0,59.3
2026-08-22,418:WA:SNTL,Corral Pass,5810,rainier,0.0,0.0,45.0,0.0,59.2,0.0,59.3
2026-08-23,418:WA:SNTL,Corral Pass,5810,rainier,0.0,0.0,50.0,0.0,59.2,0.0,59.3
2026-08-24,418:WA:SNTL,Corral Pass,5810,rainier,0.0,0.0,60.1,0.0,59.2,0.0,59.3
2026-08-25,418:WA:SNTL,Corral Pass,5810,rainier,0.0,0.0,59.0,0.0,59.2,0.0,59.3
2026-08-26,418:WA:SNTL,Corral Pass,5810,rainier,0.0,0.0,49.1,0.0,59.2,0.0,59.3
2026-08-27,418:WA:SNTL,Corral Pass,5810,rainier,0.0,0.0,42.6,0.0,59.2,0.0,59.3
2026-08-28,418:WA:SNTL,Corral Pass,5810,rainier,0.0,0.0,40.3,0.0,59.2,0.0,59.3
2026-08-29,418:WA:SNTL,Corral Pass,5810,rainier,0.0,0.0,36.9,0.0,59.2,0.0,59.5
2026-08-30,418:WA:SNTL,Corral Pass,5810,rainier,0.0,0.0,52.2,0.2,59.4,0.0,59.5
2026-08-31,418:WA:SNTL,Corral Pass,5810,rainier,0.0,0.0,55.9,0.1,59.5,0.0,59.6
2026-09-01,418:WA:SNTL,Corral Pass,5810,rainier,0.0,0.0,41.9,0.0,59.5,0.0,59.7
2026-09-02,418:WA:SNTL,Corral Pass,5810,rainier,0.0,0.0,36.0,0.0,59.5,0.0,59.8
2026-09-03,418:WA:SNTL,Corral Pass,5810,rainier,0.0,0.0,36.7,0.2,59.7,0.0,60.0
2026-09-04,418:WA:SNTL,Corral Pass,5810,rainier,0.0,0.0,39.7,0.2,59.9,0.0,59.6
2026-09-05,418:WA:SNTL,Corral Pass,5810,rainier,0.0,0.0,38.5,0.1,60.0,0.0,60.3
2026-09-06,418:WA:SNTL,Corral Pass,5810,rainier,0.0,0.0,41.0,0.1,60.1,0.0,60.4
2026-09-07,418:WA:SNTL,Corral Pass,5810,rainier,0.0,0.0,40.1,0.0,60.1,0.0,60.4
2026-09-08,418:WA:SNTL,Corral Pass,5810,rainier,0.0,0.0,49.8,0.0,60.1,0.0,60.4
2026-09-09,418:WA:SNTL,Corral Pass,5810,rainier,0.0,0.0,51.4,0.0,60.1,0.0,60.4
2026-09-10,418:WA:SNTL,Corral Pass,5810,rainier,0.0,0.0,40.8,0.0,60.1,0.0,60.7
2026-09-11,418:WA:SNTL,Corral Pass,5810,rainier,0.0,0.0,45.9,0.0,60.1,0.0,60.7
2026-09-12,418:WA:SNTL,Corral Pass,5810,rainier,0.0,0.0,39.7,0.0,60.1,0.0,60.8
2026-09-13,418:WA:SNTL,Corral Pass,5810,rainier,0.0,0.0,36.5,0.9,61.0,0.0,60.8
2026-09-14,418:WA:SNTL,Corral Pass,5810,rainier,0.0,0.0,37.8,0.1,61.1,0.0,60.9
2026-09-15,418:WA:SNTL,Corral Pass,5810,rainier,0.0,0.0,38.8,0.0,61.1,0.0,60.9
2026-09-16,418:WA:SNTL,Corral Pass,5810,rainier,0.0,0.0,51.6,0.2,61.3,0.0,60.9
2026-09-17,418:WA:SNTL,Corral Pass,5810,rainier,0.0,0.0,45.5,0.0,61.3,0.0,60.9
2026-09-18,418:WA:SNTL,Corral Pass,5810,rainier,0.0,0.0,52.5,0.0,61.3,0.0,60.9
2026-09-19,418:WA:SNTL,Corral Pass,5810,rainier,0.0,0.0,53.6,0.0,61.3,0.0,61.1
2026-09-20,418:WA:SNTL,Corral Pass,5810,rainier,0.0,0.0,55.8,0.0,61.3,0.0,61.3
2026-09-21,418:WA:SNTL,Corral Pass,5810,rainier,0.0,0.0,41.7,0.0,61.3,0.0,61.5
2026-09-22,418:WA:SNTL,Corral Pass,5810,rainier,0.0,0.0,39.7,0.0,61.3,0.0,61.6
2026-09-23,418:WA:SNTL,Corral Pass,5810,rainier,0.0,0.0,46.2,0.0,61.3,0.0,61.6
2026-09-24,418:WA:SNTL,Corral Pass,5810,rainier,0.0,0.0,42.8,0.0,61.3,0.0,61.6
2026-09-25,418:WA:SNTL,Corral Pass,5810,rainier,0.0,0.0,30.2,,61.1,0.0,61.6
2026-09-26,418:WA:SNTL,Corral Pass,5810,rainier,0.0,0.0,37.8,0.1,61.2,0.0,61.6
2026-09-27,418:WA:SNTL,Corral Pass,5810,rainier,0.0,0.0,39.7,0.0,61.2,0.0,61.6
2026-09-28,418:WA:SNTL,Corral Pass,5810,rainier,0.1,0.0,37.9,0.2,61.4,0.0,61.6
2026-09-29,418:WA:SNTL,Corral Pass,5810,rainier,0.2,0.0,42.6,0.4,61.8,0.0,61.7
2026-09-30,418:WA:SNTL,Corral Pass,5810,rainier,0.1,0.0,45.0,,61.7,0.0,62.8
2025-10-01,375:WA:SNTL,Bumping Ridge,4600,rainier,0.0,0.0,39.2,0.3,0.3,0.0,0.0
2025-10-02,375:WA:SNTL,Bumping Ridge,4600,rainier,0.0,0.0,38.3,0.0,0.3,0.0,0.1
2025-10-03,375:WA:SNTL,Bumping Ridge,4600,rainier,0.0,0.0,42.6,0.0,0.3,0.0,0.2
2025-10-04,375:WA:SNTL,Bumping Ridge,4600,rainier,0.0,0.0,36.5,0.0,0.3,0.0,0.2
2025-10-05,375:WA:SNTL,Bumping Ridge,4600,rainier,0.0,0.0,36.7,0.0,0.3,0.0,0.3
2025-10-06,375:WA:SNTL,Bumping Ridge,4600,rainier,0.0,0.0,44.6,0.0,0.3,0.0,0.4
2025-10-07,375:WA:SNTL,Bumping Ridge,4600,rainier,0.0,0.0,45.7,0.0,0.3,0.0,0.5
2025-10-08,375:WA:SNTL,Bumping Ridge,4600,rainier,0.0,0.0,44.6,0.0,0.3,0.0,0.6
2025-10-09,375:WA:SNTL,Bumping Ridge,4600,rainier,0.1,0.0,54.3,0.0,0.3,0.0,0.7
2025-10-10,375:WA:SNTL,Bumping Ridge,4600,rainier,0.0,0.0,38.3,0.1,0.4,0.0,0.8
2025-10-11,375:WA:SNTL,Bumping Ridge,4600,rainier,0.1,0.0,33.6,0.5,0.9,0.0,1.0
2025-10-12,375:WA:SNTL,Bumping Ridge,4600,rainier,0.2,1.0,30.2,0.4,1.3,0.0,1.1
2025-10-13,375:WA:SNTL,Bumping Ridge,4600,rainier,0.5,3.0,28.0,0.5,1.8,0.0,1.2
2025-10-14,375:WA:SNTL,Bumping Ridge,4600,rainier,0.4,2.0,26.4,0.0,1.8,0.0,1.2
2025-10-15,375:WA:SNTL,Bumping Ridge,4600,rainier,0.5,2.0,32.7,0.0,1.8,0.0,1.6
2025-10-16,375:WA:SNTL,Bumping Ridge,4600,rainier,0.4,1.0,39.2,0.0,1.8,0.0,1.6
2025-10-17,375:WA:SNTL,Bumping Ridge,4600,rainier,0.1,0.0,31.6,0.0,1.8,0.0,2.1
2025-10-18,375:WA:SNTL,Bumping Ridge,4600,rainier,0.2,0.0,41.0,0.5,2.3,0.0,2.5
2025-10-19,375:WA:SNTL,Bumping Ridge,4600,rainier,0.1,0.0,33.3,1.6,3.9,0.0,2.6
2025-10-20,375:WA:SNTL,Bumping Ridge,4600,rainier,0.0,0.0,33.8,0.0,3.9,0.0,2.6
2025-10-21,375:WA:SNTL,Bumping Ridge,4600,rainier,0.0,0.0,34.9,0.0,3.9,0.0,2.8
2025-10-22,375:WA:SNTL,Bumping Ridge,4600,rainier,0.0,0.0,40.5,0.0,3.9,0.0,3.0
2025-10-23,375:WA:SNTL,Bumping Ridge,4600,rainier,0.0,0.0,38.1,0.0,3.9,0.0,3.0
2025-10-24,375:WA:SNTL,Bumping Ridge,4600,rainier,0.0,0.0,33.1,0.8,4.7,0.0,3.2
2025-10-25,375:WA:SNTL,Bumping Ridge,4600,rainier,0.8,7.0,29.5,0.9,5.6,0.0,3.4
2025-10-26,375:WA:SNTL,Bumping Ridge,4600,rainier,1.4,13.0,27.5,0.9,6.5,0.0,4.2
2025-10-27,375:WA:SNTL,Bumping Ridge,4600,rainier,1.4,11.0,24.8,0.2,6.7,0.0,4.2
2025-10-28,375:WA:SNTL,Bumping Ridge,4600,rainier,1.7,9.0,37.2,0.3,7.0,0.0,5.1
2025-10-29,375:WA:SNTL,Bumping Ridge,4600,rainier,1.4,8.0,28.0,0.3,7.3,0.0,5.1
2025-10-30,375:WA:SNTL,Bumping Ridge,4600,rainier,1.3,7.0,28.8,0.0,7.3,0.0,5.5
2025-10-31,375:WA:SNTL,Bumping Ridge,4600,rainier,1.4,4.0,42.4,0.4,7.7,0.0,5.6
2025-11-01,375:WA:SNTL,Bumping Ridge,4600,rainier,0.4,1.0,32.9,2.2,9.9,0.0,5.9
2025-11-02,375:WA:SNTL,Bumping Ridge,4600,rainier,0.4,1.0,30.7,0.1,10.0,0.2,6.2
2025-11-03,375:WA:SNTL,Bumping Ridge,4600,rainier,1.1,5.0,29.8,0.6,10.6,0.2,6.4
2025-11-04,375:WA:SNTL,Bumping Ridge,4600,rainier,1.4,7.0,32.4,0.2,10.8,0.3,6.8
2025-11-05,375:WA:SNTL,Bumping Ridge,4600,rainier,1.2,4.0,36.9,1.3,12.1,0.3,7.8
2025-11-06,375:WA:SNTL,Bumping Ridge,4600,rainier,1.0,1.0,32.0,2.0,14.1,0.3,8.2
2025-11-07,375:WA:SNTL,Bumping Ridge,4600,rainier,1.1,4.0,29.1,0.4,14.5,0.2,8.2
2025-11-08,375:WA:SNTL,Bumping Ridge,4600,rainier,1.1,4.0,31.5,0.0,14.5,0.1,8.3
2025-11-09,375:WA:SNTL,Bumping Ridge,4600,rainier,1.1,4.0,46.4,0.0,14.5,0.1,8.4
2025-11-10,375:WA:SNTL,Bumping Ridge,4600,rainier,0.9,2.0,37.4,0.0,14.5,0.2,8.7
2025-11-11,375:WA:SNTL,Bumping Ridge,4600,rainier,0.8,2.0,35.6,0.0,14.5,0.5,9.2
2025-11-12,375:WA:SNTL,Bumping Ridge,4600,rainier,0.8,2.0,46.4,0.0,14.5,0.8,9.8
2025-11-13,375:WA:SNTL,Bumping Ridge,4600,rainier,0.1,0.0,40.3,0.6,15.1,0.6,10.2
2025-11-14,375:WA:SNTL,Bumping Ridge,4600,rainier,0.0,0.0,41.7,0.7,15.8,0.6,10.6
2025-11-15,375:WA:SNTL,Bumping Ridge,4600,rainier,0.0,0.0,42.3,0.0,15.8,0.6,10.6
2025-11-16,375:WA:SNTL,Bumping Ridge,4600,rainier,0.0,0.0,41.5,0.0,15.8,0.6,10.8
2025-11-17,375:WA:SNTL,Bumping Ridge,4600,rainier,0.0,0.0,28.4,0.2,16.0,0.8,11.8
2025-11-18,375:WA:SNTL,Bumping Ridge,4600,rainier,0.0,0.0,24.4,0.0,16.0,0.8,12.0
2025-11-19,375:WA:SNTL,Bumping Ridge,4600,rainier,0.0,0.0,29.5,0.0,16.0,1.0,12.9
2025-11-20,375:WA:SNTL,Bumping Ridge,4600,rainier,0.0,0.0,27.9,0.0,16.0,1.0,13.2
2025-11-21,375:WA:SNTL,Bumping Ridge,4600,rainier,0.0,0.0,34.2,0.0,16.0,1.8,14.5
2025-11-22,375:WA:SNTL,Bumping Ridge,4600,rainier,0.0,0.0,36.9,0.0,16.0,1.8,14.8
2025-11-23,375:WA:SNTL,Bumping Ridge,4600,rainier,0.0,0.0,28.9,0.4,16.4,2.0,15.4
2025-11-24,375:WA:SNTL,Bumping Ridge,4600,rainier,0.0,0.0,25.7,0.1,16.5,2.4,16.4
2025-11-25,375:WA:SNTL,Bumping Ridge,4600,rainier,0.6,6.0,32.7,0.4,16.9,2.3,17.0
2025-11-26,375:WA:SNTL,Bumping Ridge,4600,rainier,0.7,4.0,31.1,0.1,17.0,2.4,17.3
2025-11-27,375:WA:SNTL,Bumping Ridge,4600,rainier,1.6,10.0,30.0,0.9,17.9,2.6,17.6
2025-11-28,375:WA:SNTL,Bumping Ridge,4600,rainier,1.7,10.0,24.3,0.4,18.3,3.0,18.4
2025-11-29,375:WA:SNTL,Bumping Ridge,4600,rainier,1.7,7.0,20.1,0.0,18.3,3.3,18.6
2025-11-30,375:WA:SNTL,Bumping Ridge,4600,rainier,1.7,9.0,26.2,0.0,18.3,3.4,18.6
2025-12-01,375:WA:SNTL,Bumping Ridge,4600,rainier,1.8,9.0,31.3,0.0,18.3,4.0,18.8
2025-12-02,375:WA:SNTL,Bumping Ridge,4600,rainier,1.8,9.0,25.3,0.1,18.4,4.5,19.0
2025-12-03,375:WA:SNTL,Bumping Ridge,4600,rainier,1.8,9.0,28.6,0.0,18.4,4.6,20.5
2025-12-04,375:WA:SNTL,Bumping Ridge,4600,rainier,2.0,8.0,34.7,0.0,18.4,4.7,21.0
2025-12-05,375:WA:SNTL,Bumping Ridge,4600,rainier,2.0,7.0,34.2,0.6,19.0,4.6,21.2
2025-12-06,375:WA:SNTL,Bumping Ridge,4600,rainier,2.2,8.0,34.2,0.6,19.6,5.0,21.2
2025-12-07,375:WA:SNTL,Bumping Ridge,4600,rainier,2.6,8.0,35.8,1.0,20.6,5.2,21.3
2025-12-08,375:WA:SNTL,Bumping Ridge,4600,rainier,2.2,6.0,40.6,4.7,25.3,5.6,21.6
2025-12-09,375:WA:SNTL,Bumping Ridge,4600,rainier,2.5,5.0,42.1,2.1,27.4,5.8,21.6
2025-12-10,375:WA:SNTL,Bumping Ridge,4600,rainier,1.0,2.0,44.6,1.9,29.3,6.4,21.6
2025-12-11,375:WA:SNTL,Bumping Ridge,4600,rainier,0.2,0.0,43.9,0.4,29.7,6.6,21.6
2025-12-12,375:WA:SNTL,Bumping Ridge,4600,rainier,0.0,0.0,38.7,0.3,30.0,7.1,21.7
2025-12-13,375:WA:SNTL,Bumping Ridge,4600,rainier,0.0,0.0,47.7,0.0,30.0,7.4,21.8
2025-12-14,375:WA:SNTL,Bumping Ridge,4600,rainier,0.0,0.0,40.8,0.0,30.0,7.4,22.5
2025-12-15,375:WA:SNTL,Bumping Ridge,4600,rainier,0.0,0.0,33.1,2.3,32.3,7.5,22.9
2025-12-16,375:WA:SNTL,Bumping Ridge,4600,rainier,0.2,0.0,39.4,2.4,34.7,7.6,23.8
2025-12-17,375:WA:SNTL,Bumping Ridge,4600,rainier,0.4,6.0,28.4,1.5,36.2,7.6,24.0
2025-12-18,375:WA:SNTL,Bumping Ridge,4600,rainier,1.9,13.0,30.4,2.2,38.4,7.8,24.6
2025-12-19,375:WA:SNTL,Bumping Ridge,4600,rainier,2.2,14.0,25.2,0.7,39.1,8.3,25.2
2025-12-20,375:WA:SNTL,Bumping Ridge,4600,rainier,2.9,20.0,27.9,0.6,39.7,8.5,25.2
2025-12-21,375:WA:SNTL,Bumping Ridge,4600,rainier,3.2,22.0,28.6,0.3,40.0,8.5,25.2
2025-12-22,375:WA:SNTL,Bumping Ridge,4600,rainier,3.6,23.0,27.7,0.5,40.5,8.8,25.5
2025-12-23,375:WA:SNTL,Bumping Ridge,4600,rainier,3.6,23.0,27.5,0.1,40.6,9.3,25.6
2025-12-24,375:WA:SNTL,Bumping Ridge,4600,rainier,3.9,23.0,28.2,0.2,40.8,9.2,25.8
2025-12-25,375:WA:SNTL,Bumping Ridge,4600,rainier,4.2,24.0,28.2,0.4,41.2,9.0,25.8
2025-12-26,375:WA:SNTL,Bumping Ridge,4600,rainier,4.7,30.0,22.1,0.5,41.7,9.2,25.8
2025-12-27,375:WA:SNTL,Bumping Ridge,4600,rainier,4.7,28.0,20.3,0.2,41.9,9.5,26.2
2025-12-28,375:WA:SNTL,Bumping Ridge,4600,rainier,4.7,26.0,23.9,0.0,41.9,9.8,26.6
2025-12-29,375:WA:SNTL,Bumping Ridge,4600,rainier,4.6,24.0,20.1,0.1,42.0,10.6,26.7
2025-12-30,375:WA:SNTL,Bumping Ridge,4600,rainier,4.6,24.0,20.5,0.0,42.0,10.7,26.8
2025-12-31,375:WA:SNTL,Bumping Ridge,4600,rainier,4.6,23.0,,0.0,42.0,11.1,27.0
2026-01-01,375:WA:SNTL,Bumping Ridge,4600,rainier,5.2,22.0,32.2,0.3,42.3,11.4,27.2
2026-01-02,375:WA:SNTL,Bumping Ridge,4600,rainier,5.1,18.0,34.2,0.9,43.2,11.6,27.5
2026-01-03,375:WA:SNTL,Bumping Ridge,4600,rainier,5.1,17.0,33.1,0.3,43.5,11.6,27.6
2026-01-04,375:WA:SNTL,Bumping Ridge,4600,rainier,5.4,19.0,28.0,0.4,43.9,12.2,28.2
2026-01-05,375:WA:SNTL,Bumping Ridge,4600,rainier,5.4,19.0,24.4,0.2,44.1,12.2,29.1
2026-01-06,375:WA:SNTL,Bumping Ridge,4600,rainier,6.8,38.0,26.1,1.4,45.5,12.4,30.0
2026-01-07,375:WA:SNTL,Bumping Ridge,4600,rainier,7.3,40.0,23.9,0.7,46.2,12.4,30.6
2026-01-08,375:WA:SNTL,Bumping Ridge,4600,rainier,7.4,38.0,25.9,0.2,46.4,12.6,30.7
2026-01-09,375:WA:SNTL,Bumping Ridge,4600,rainier,7.4,35.0,31.3,0.0,46.4,12.8,31.0
2026-01-10,375:WA:SNTL,Bumping Ridge,4600,rainier,7.4,33.0,27.7,0.0,46.4,12.9,31.6
2026-01-11,375:WA:SNTL,Bumping Ridge,4600,rainier,7.7,32.0,33.3,0.3,46.7,13.2,31.8
2026-01-12,375:WA:SNTL,Bumping Ridge,4600,rainier,7.5,29.0,42.1,0.0,46.7,13.4,32.0
2026-01-13,375:WA:SNTL,Bumping Ridge,4600,rainier,7.5,28.0,39.6,0.0,46.7,14.2,32.7
2026-01-14,375:WA:SNTL,Bumping Ridge,4600,rainier,7.4,28.0,34.7,0.0,46.7,14.6,33.0
2026-01-15,375:WA:SNTL,Bumping Ridge,4600,rainier,7.4,27.0,29.7,0.0,46.7,15.0,33.8
2026-01-16,375:WA:SNTL,Bumping Ridge,4600,rainier,7.4,27.0,30.4,0.1,46.8,15.2,34.4
2026-01-17,375:WA:SNTL,Bumping Ridge,4600,rainier,7.3,27.0,25.7,0.0,46.8,15.2,35.2
2026-01-18,375:WA:SNTL,Bumping Ridge,4600,rainier,7.3,26.0,26.6,0.0,46.8,15.4,35.6
2026-01-19,375:WA:SNTL,Bumping Ridge,4600,rainier,7.2,26.0,38.3,0.0,46.8,15.6,35.6
2026-01-20,375:WA:SNTL,Bumping Ridge,4600,rainier,7.2,26.0,22.6,0.2,47.0,16.0,35.6
2026-01-21,375:WA:SNTL,Bumping Ridge,4600,rainier,7.2,26.0,13.1,0.0,47.0,16.2,35.6
2026-01-22,375:WA:SNTL,Bumping Ridge,4600,rainier,7.2,26.0,16.5,0.0,47.0,16.2,35.6
2026-01-23,375:WA:SNTL,Bumping Ridge,4600,rainier,7.1,26.0,11.8,0.0,47.0,16.4,35.7
2026-01-24,375:WA:SNTL,Bumping Ridge,4600,rainier,7.2,26.0,26.1,0.0,47.0,17.1,35.9
2026-01-25,375:WA:SNTL,Bumping Ridge,4600,rainier,7.2,26.0,28.6,0.0,47.0,17.0,36.1
2026-01-26,375:WA:SNTL,Bumping Ridge,4600,rainier,7.4,26.0,31.8,0.0,47.0,17.0,36.6
2026-01-27,375:WA:SNTL,Bumping Ridge,4600,rainier,7.5,26.0,28.8,0.0,47.0,17.5,37.0
2026-01-28,375:WA:SNTL,Bumping Ridge,4600,rainier,8.0,29.0,34.3,0.5,47.5,17.8,37.2
2026-01-29,375:WA:SNTL,Bumping Ridge,4600,rainier,8.2,28.0,35.8,0.9,48.4,18.2,37.7
2026-01-30,375:WA:SNTL,Bumping Ridge,4600,rainier,8.2,28.0,39.2,0.2,48.6,18.3,38.2
2026-01-31,375:WA:SNTL,Bumping Ridge,4600,rainier,8.1,26.0,33.3,0.1,48.7,18.4,39.1
2026-02-01,375:WA:SNTL,Bumping Ridge,4600,rainier,8.4,28.0,32.4,0.6,49.3,18.6,39.4
2026-02-02,375:WA:SNTL,Bumping Ridge,4600,rainier,8.8,30.0,35.6,0.4,49.7,18.4,39.7
2026-02-03,375:WA:SNTL,Bumping Ridge,4600,rainier,8.7,29.0,35.4,0.0,49.7,18.2,39.8
2026-02-04,375:WA:SNTL,Bumping Ridge,4600,rainier,8.8,28.0,35.1,0.0,49.7,18.2,39.8
2026-02-05,375:WA:SNTL,Bumping Ridge,4600,rainier,8.7,28.0,33.3,0.0,49.7,18.2,39.8
2026-02-06,375:WA:SNTL,Bumping Ridge,4600,rainier,8.6,27.0,42.3,0.0,49.7,18.5,40.3
2026-02-07,375:WA:SNTL,Bumping Ridge,4600,rainier,9.1,28.0,34.2,1.0,50.7,18.6,40.7
2026-02-08,375:WA:SNTL,Bumping Ridge,4600,rainier,8.9,28.0,29.1,0.1,50.8,18.8,40.8
2026-02-09,375:WA:SNTL,Bumping Ridge,4600,rainier,9.2,29.0,24.1,0.3,51.1,18.8,40.9
2026-02-10,375:WA:SNTL,Bumping Ridge,4600,rainier,9.2,29.0,22.3,0.1,51.2,18.8,41.0
2026-02-11,375:WA:SNTL,Bumping Ridge,4600,rainier,9.0,29.0,25.7,0.0,51.2,18.8,41.0
2026-02-12,375:WA:SNTL,Bumping Ridge,4600,rainier,8.8,29.0,29.1,0.0,51.2,19.0,41.8
2026-02-13,375:WA:SNTL,Bumping Ridge,4600,rainier,8.7,27.0,29.8,0.1,51.3,19.2,42.2
2026-02-14,375:WA:SNTL,Bumping Ridge,4600,rainier,8.8,32.0,27.3,0.1,51.4,19.4,42.2
2026-02-15,375:WA:SNTL,Bumping Ridge,4600,rainier,9.0,32.0,29.8,0.2,51.6,19.6,42.2
2026-02-16,375:WA:SNTL,Bumping Ridge,4600,rainier,9.2,32.0,20.5,0.3,51.9,19.8,42.5
2026-02-17,375:WA:SNTL,Bumping Ridge,4600,rainier,9.3,35.0,17.4,0.3,52.2,20.0,43.2
2026-02-18,375:WA:SNTL,Bumping Ridge,4600,rainier,9.5,35.0,20.3,0.1,52.3,20.2,43.5
2026-02-19,375:WA:SNTL,Bumping Ridge,4600,rainier,9.6,36.0,17.2,0.1,52.4,20.4,43.6
2026-02-20,375:WA:SNTL,Bumping Ridge,4600,rainier,9.6,36.0,19.8,0.0,52.4,21.0,43.8
2026-02-21,375:WA:SNTL,Bumping Ridge,4600,rainier,9.8,37.0,25.7,0.2,52.6,21.2,44.0
2026-02-22,375:WA:SNTL,Bumping Ridge,4600,rainier,10.2,41.0,33.4,0.2,52.8,21.2,44.0
2026-02-23,375:WA:SNTL,Bumping Ridge,4600,rainier,11.2,49.0,27.9,1.1,53.9,21.4,44.0
2026-02-24,375:WA:SNTL,Bumping Ridge,4600,rainier,11.6,48.0,23.9,0.4,54.3,21.8,44.0
2026-02-25,375:WA:SNTL,Bumping Ridge,4600,rainier,11.7,48.0,24.8,0.1,54.4,22.3,44.1
2026-02-26,375:WA:SNTL,Bumping Ridge,4600,rainier,11.8,45.0,28.0,0.0,54.4,22.4,44.3
2026-02-27,375:WA:SNTL,Bumping Ridge,4600,rainier,11.8,45.0,28.9,0.0,54.4,22.4,44.6
2026-02-28,375:WA:SNTL,Bumping Ridge,4600,rainier,11.9,45.0,30.2,0.0,54.4,22.6,45.0
2026-03-01,375:WA:SNTL,Bumping Ridge,4600,rainier,12.0,44.0,29.8,0.0,54.4,22.7,46.0
2026-03-02,375:WA:SNTL,Bumping Ridge,4600,rainier,11.9,43.0,37.2,0.0,54.4,23.0,46.0
2026-03-03,375:WA:SNTL,Bumping Ridge,4600,rainier,11.8,41.0,34.7,0.5,54.9,23.6,46.1
2026-03-04,375:WA:SNTL,Bumping Ridge,4600,rainier,11.7,37.0,30.6,0.2,55.1,23.8,46.3
2026-03-05,375:WA:SNTL,Bumping Ridge,4600,rainier,11.8,39.0,29.3,0.1,55.2,24.0,46.4
2026-03-06,375:WA:SNTL,Bumping Ridge,4600,rainier,11.8,38.0,35.4,0.0,55.2,24.1,46.4
2026-03-07,375:WA:SNTL,Bumping Ridge,4600,rainier,11.6,37.0,37.4,0.0,55.2,24.4,46.4
2026-03-08,375:WA:SNTL,Bumping Ridge,4600,rainier,11.4,35.0,23.4,0.4,55.6,25.0,46.9
2026-03-09,375:WA:SNTL,Bumping Ridge,4600,rainier,11.5,36.0,19.2,0.5,56.1,25.1,47.6
2026-03-10,375:WA:SNTL,Bumping Ridge,4600,rainier,11.8,40.0,24.6,0.2,56.3,25.4,47.8
2026-03-11,375:WA:SNTL,Bumping Ridge,4600,rainier,14.8,60.0,35.6,2.9,59.2,25.3,47.9
2026-03-12,375:WA:SNTL,Bumping Ridge,4600,rainier,16.4,64.0,30.9,1.7,60.9,25.2,47.9
2026-03-13,375:WA:SNTL,Bumping Ridge,4600,rainier,19.7,73.0,31.5,3.3,64.2,25.3,48.2
2026-03-14,375:WA:SNTL,Bumping Ridge,4600,rainier,19.8,69.0,18.1,0.8,65.0,25.4,48.4
2026-03-15,375:WA:SNTL,Bumping Ridge,4600,rainier,19.9,65.0,34.9,0.1,65.1,25.2,48.5
2026-03-16,375:WA:SNTL,Bumping Ridge,4600,rainier,19.8,60.0,46.6,0.0,65.1,25.2,48.5
2026-03-17,375:WA:SNTL,Bumping Ridge,4600,rainier,19.6,56.0,41.5,0.0,65.1,25.2,48.6
2026-03-18,375:WA:SNTL,Bumping Ridge,4600,rainier,18.7,52.0,43.7,0.1,65.2,25.4,48.6
2026-03-19,375:WA:SNTL,Bumping Ridge,4600,rainier,18.0,49.0,41.7,0.8,66.0,25.5,48.6
2026-03-20,375:WA:SNTL,Bumping Ridge,4600,rainier,16.8,46.0,34.7,0.4,66.4,25.6,49.0
2026-03-21,375:WA:SNTL,Bumping Ridge,4600,rainier,16.6,46.0,24.3,0.0,66.4,25.6,49.4
2026-03-22,375:WA:SNTL,Bumping Ridge,4600,rainier,16.6,46.0,29.1,0.0,66.4,25.6,49.4
2026-03-23,375:WA:SNTL,Bumping Ridge,4600,rainier,16.2,45.0,37.9,0.0,66.4,25.6,49.8
2026-03-24,375:WA:SNTL,Bumping Ridge,4600,rainier,16.3,44.0,32.4,1.8,68.2,25.6,50.2
2026-03-25,375:WA:SNTL,Bumping Ridge,4600,rainier,16.2,47.0,23.2,0.4,68.6,25.8,50.2
2026-03-26,375:WA:SNTL,Bumping Ridge,4600,rainier,16.5,45.0,23.9,0.0,68.6,26.0,50.3
2026-03-27,375:WA:SNTL,Bumping Ridge,4600,rainier,16.3,44.0,37.0,0.0,68.6,26.2,50.4
2026-03-28,375:WA:SNTL,Bumping Ridge,4600,rainier,16.0,44.0,32.2,0.0,68.6,26.6,50.4
2026-03-29,375:WA:SNTL,Bumping Ridge,4600,rainier,16.1,45.0,24.3,0.1,68.7,26.8,51.0
2026-03-30,375:WA:SNTL,Bumping Ridge,4600,rainier,16.4,44.0,22.1,0.0,68.7,26.7,51.2
2026-03-31,375:WA:SNTL,Bumping Ridge,4600,rainier,16.0,44.0,34.0,0.0,68.7,26.8,51.4
2026-04-01,375:WA:SNTL,Bumping Ridge,4600,rainier,16.3,44.0,27.0,0.5,69.2,26.9,51.6
2026-04-02,375:WA:SNTL,Bumping Ridge,4600,rainier,16.4,45.0,27.3,0.0,69.2,27.0,51.6
2026-04-03,375:WA:SNTL,Bumping Ridge,4600,rainier,16.4,44.0,30.7,0.0,69.2,26.9,51.7
2026-04-04,375:WA:SNTL,Bumping Ridge,4600,rainier,16.0,43.0,37.6,0.0,69.2,27.0,51.8
2026-04-05,375:WA:SNTL,Bumping Ridge,4600,rainier,15.6,42.0,40.5,0.0,69.2,27.1,51.8
2026-04-06,375:WA:SNTL,Bumping Ridge,4600,rainier,15.0,40.0,40.8,0.0,69.2,27.2,52.0
2026-04-07,375:WA:SNTL,Bumping Ridge,4600,rainier,14.5,39.0,29.1,0.1,69.3,26.7,52.0
2026-04-08,375:WA:SNTL,Bumping Ridge,4600,rainier,14.1,38.0,32.7,0.0,69.3,26.4,52.2
2026-04-09,375:WA:SNTL,Bumping Ridge,4600,rainier,13.7,37.0,37.4,0.0,69.3,26.3,52.4
2026-04-10,375:WA:SNTL,Bumping Ridge,4600,rainier,13.3,36.0,39.7,0.0,69.3,26.3,52.6
2026-04-11,375:WA:SNTL,Bumping Ridge,4600,rainier,12.9,35.0,32.9,0.0,69.3,26.0,52.7
2026-04-12,375:WA:SNTL,Bumping Ridge,4600,rainier,12.5,34.0,35.6,0.1,69.4,25.9,52.7
2026-04-13,375:WA:SNTL,Bumping Ridge,4600,rainier,12.1,33.0,28.6,0.2,69.6,26.0,52.7
2026-04-14,375:WA:SNTL,Bumping Ridge,4600,rainier,12.7,38.0,31.1,0.8,70.4,26.0,52.7
2026-04-15,375:WA:SNTL,Bumping Ridge,4600,rainier,13.2,42.0,22.5,0.5,70.9,26.0,52.7
2026-04-16,375:WA:SNTL,Bumping Ridge,4600,rainier,13.2,40.0,27.1,0.0,70.9,25.9,53.1
2026-04-17,375:WA:SNTL,Bumping Ridge,4600,rainier,13.2,38.0,28.6,0.0,70.9,25.9,53.2
2026-04-18,375:WA:SNTL,Bumping Ridge,4600,rainier,13.0,36.0,35.4,0.0,70.9,25.8,53.4
2026-04-19,375:WA:SNTL,Bumping Ridge,4600,rainier,12.8,35.0,40.8,0.0,70.9,25.6,53.4
2026-04-20,375:WA:SNTL,Bumping Ridge,4600,rainier,12.3,33.0,42.3,0.0,70.9,25.2,53.4
2026-04-21,375:WA:SNTL,Bumping Ridge,4600,rainier,11.8,31.0,37.0,0.1,71.0,24.7,53.5
2026-04-22,375:WA:SNTL,Bumping Ridge,4600,rainier,11.4,31.0,31.8,0.4,71.4,24.5,53.8
2026-04-23,375:WA:SNTL,Bumping Ridge,4600,rainier,10.8,29.0,29.5,0.0,71.4,24.4,53.9
2026-04-24,375:WA:SNTL,Bumping Ridge,4600,rainier,10.4,28.0,28.8,0.0,71.4,24.5,53.9
2026-04-25,375:WA:SNTL,Bumping Ridge,4600,rainier,10.1,26.0,29.7,0.0,71.4,24.2,53.9
2026-04-26,375:WA:SNTL,Bumping Ridge,4600,rainier,9.7,25.0,32.9,0.0,71.4,24.1,53.9
2026-04-27,375:WA:SNTL,Bumping Ridge,4600,rainier,9.2,24.0,35.2,0.0,71.4,24.0,54.0
2026-04-28,375:WA:SNTL,Bumping Ridge,4600,rainier,8.6,23.0,30.4,0.0,71.4,23.3,54.2
2026-04-29,375:WA:SNTL,Bumping Ridge,4600,rainier,7.9,21.0,39.2,0.0,71.4,22.7,54.5
2026-04-30,375:WA:SNTL,Bumping Ridge,4600,rainier,7.0,18.0,40.8,0.0,71.4,22.4,54.6
2026-05-01,375:WA:SNTL,Bumping Ridge,4600,rainier,6.2,15.0,45.3,0.0,71.4,21.7,54.7
2026-05-02,375:WA:SNTL,Bumping Ridge,4600,rainier,5.0,12.0,47.3,0.0,71.4,21.1,54.8
2026-05-03,375:WA:SNTL,Bumping Ridge,4600,rainier,3.8,8.0,47.7,0.0,71.4,20.8,54.8
2026-05-04,375:WA:SNTL,Bumping Ridge,4600,rainier,2.4,5.0,47.1,0.0,71.4,20.2,55.0
2026-05-05,375:WA:SNTL,Bumping Ridge,4600,rainier,1.2,2.0,48.6,0.0,71.4,19.7,55.1
2026-05-06,375:WA:SNTL,Bumping Ridge,4600,rainier,0.0,0.0,40.8,0.0,71.4,19.5,55.2
2026-05-07,375:WA:SNTL,Bumping Ridge,4600,rainier,0.0,0.0,41.5,0.0,71.4,19.0,55.2
2026-05-08,375:WA:SNTL,Bumping Ridge,4600,rainier,0.0,0.0,39.4,0.0,71.4,18.6,55.5
2026-05-09,375:WA:SNTL,Bumping Ridge,4600,rainier,0.0,0.0,47.1,0.0,71.4,18.4,55.5
2026-05-10,375:WA:SNTL,Bumping Ridge,4600,rainier,0.0,0.0,37.4,0.0,71.4,18.0,55.6
2026-05-11,375:WA:SNTL,Bumping Ridge,4600,rainier,0.0,0.0,44.1,0.0,71.4,17.5,55.7
2026-05-12,375:WA:SNTL,Bumping Ridge,4600,rainier,0.0,0.0,50.4,0.0,71.4,16.8,55.8
2026-05-13,375:WA:SNTL,Bumping Ridge,4600,rainier,0.0,0.0,36.9,0.9,72.3,16.1,55.8
2026-05-14,375:WA:SNTL,Bumping Ridge,4600,rainier,0.0,0.0,35.1,0.3,72.6,15.2,55.8
2026-05-15,375:WA:SNTL,Bumping Ridge,4600,rainier,0.0,0.0,30.6,0.4,73.0,14.9,55.8
2026-05-16,375:WA:SNTL,Bumping Ridge,4600,rainier,0.0,0.0,29.5,0.0,73.0,14.4,55.9
2026-05-17,375:WA:SNTL,Bumping Ridge,4600,rainier,0.0,0.0,31.1,0.0,73.0,13.8,55.9
2026-05-18,375:WA:SNTL,Bumping Ridge,4600,rainier,0.0,0.0,34.9,0.0,73.0,13.2,55.9
2026-05-19,375:WA:SNTL,Bumping Ridge,4600,rainier,0.0,0.0,42.6,0.0,73.0,12.6,56.0
2026-05-20,375:WA:SNTL,Bumping Ridge,4600,rainier,0.0,0.0,39.7,0.0,73.0,12.0,56.1
2026-05-21,375:WA:SNTL,Bumping Ridge,4600,rainier,0.0,0.0,44.8,0.0,73.0,11.6,56.1
2026-05-22,375:WA:SNTL,Bumping Ridge,4600,rainier,0.0,0.0,45.1,0.0,73.0,11.0,56.1
2026-05-23,375:WA:SNTL,Bumping Ridge,4600,rainier,0.0,0.0,43.5,0.0,73.0,10.5,56.3
2026-05-24,375:WA:SNTL,Bumping Ridge,4600,rainier,0.0,0.0,49.8,0.0,73.0,10.0,56.3
2026-05-25,375:WA:SNTL,Bumping Ridge,4600,rainier,0.0,0.0,37.4,0.0,73.0,9.0,56.4
2026-05-26,375:WA:SNTL,Bumping Ridge,4600,rainier,0.0,0.0,37.4,0.0,73.0,8.2,56.4
2026-05-27,375:WA:SNTL,Bumping Ridge,4600,rainier,0.0,0.0,49.8,0.0,73.0,7.5,56.6
2026-05-28,375:WA:SNTL,Bumping Ridge,4600,rainier,0.0,0.0,49.3,1.1,74.1,6.7,56.6
2026-05-29,375:WA:SNTL,Bumping Ridge,4600,rainier,0.0,0.0,37.0,0.0,74.1,5.5,56.6
2026-05-30,375:WA:SNTL,Bumping Ridge,4600,rainier,0.0,0.0,33.6,0.0,74.1,3.8,56.7
2026-05-31,375:WA:SNTL,Bumping Ridge,4600,rainier,0.0,0.0,38.3,0.0,74.1,2.5,56.7
2026-06-01,375:WA:SNTL,Bumping Ridge,4600,rainier,0.0,0.0,49.8,0.0,74.1,1.0,56.7
2026-06-02,375:WA:SNTL,Bumping Ridge,4600,rainier,0.0,0.0,51.4,0.0,74.1,0.3,56.8
2026-06-03,375:WA:SNTL,Bumping Ridge,4600,rainier,0.0,0.0,42.4,0.1,74.2,0.0,56.8
2026-06-04,375:WA:SNTL,Bumping Ridge,4600,rainier,0.0,0.0,39.7,0.0,74.2,0.0,56.8
2026-06-05,375:WA:SNTL,Bumping Ridge,4600,rainier,0.0,0.0,35.4,0.2,74.4,0.0,56.9
2026-06-06,375:WA:SNTL,Bumping Ridge,4600,rainier,0.0,0.0,32.2,0.3,74.7,0.0,57.1
2026-06-07,375:WA:SNTL,Bumping Ridge,4600,rainier,0.0,0.0,32.9,0.0,74.7,0.0,57.2
2026-06-08,375:WA:SNTL,Bumping Ridge,4600,rainier,0.0,0.0,42.4,0.6,75.3,0.0,57.2
2026-06-09,375:WA:SNTL,Bumping Ridge,4600,rainier,0.0,0.0,36.9,0.6,75.9,0.0,57.4
2026-06-10,375:WA:SNTL,Bumping Ridge,4600,rainier,0.0,0.0,34.3,0.0,75.9,0.0,57.6
2026-06-11,375:WA:SNTL,Bumping Ridge,4600,rainier,0.0,0.0,42.8,0.0,75.9,0.0,57.6
2026-06-12,375:WA:SNTL,Bumping Ridge,4600,rainier,0.0,0.0,43.9,0.0,75.9,0.0,57.6
2026-06-13,375:WA:SNTL,Bumping Ridge,4600,rainier,0.0,0.0,50.5,0.0,75.9,0.0,57.6
2026-06-14,375:WA:SNTL,Bumping Ridge,4600,rainier,0.0,0.0,55.8,0.0,75.9,0.0,57.8
2026-06-15,375:WA:SNTL,Bumping Ridge,4600,rainier,0.0,0.0,58.3,0.0,75.9,0.0,57.9
2026-06-16,375:WA:SNTL,Bumping Ridge,4600,rainier,0.0,0.0,45.3,0.0,75.9,0.0,57.9
2026-06-17,375:WA:SNTL,Bumping Ridge,4600,rainier,0.0,0.0,44.6,0.0,75.9,0.0,57.9
2026-06-18,375:WA:SNTL,Bumping Ridge,4600,rainier,0.0,0.0,55.4,0.0,75.9,0.0,57.9
2026-06-19,375:WA:SNTL,Bumping Ridge,4600,rainier,0.0,0.0,51.8,0.0,75.9,0.0,58.0
2026-06-20,375:WA:SNTL,Bumping Ridge,4600,rainier,0.0,0.0,41.9,0.0,75.9,0.0,58.0
2026-06-21,375:WA:SNTL,Bumping Ridge,4600,rainier,0.0,0.0,48.9,0.0,75.9,0.0,58.0
2026-06-22,375:WA:SNTL,Bumping Ridge,4600,rainier,0.0,0.0,54.0,0.0,75.9,0.0,58.0
2026-06-23,375:WA:SNTL,Bumping Ridge,4600,rainier,0.0,0.0,56.3,0.0,75.9,0.0,58.0
2026-06-24,375:WA:SNTL,Bumping Ridge,4600,rainier,0.0,0.0,51.6,0.0,75.9,0.0,58.1
2026-06-25,375:WA:SNTL,Bumping Ridge,4600,rainier,0.0,0.0,43.9,0.0,75.9,0.0,58.2
2026-06-26,375:WA:SNTL,Bumping Ridge,4600,rainier,0.0,0.0,42.4,0.0,75.9,0.0,58.2
2026-06-27,375:WA:SNTL,Bumping Ridge,4600,rainier,0.0,0.0,43.5,0.0,75.9,0.0,58.2
2026-06-28,375:WA:SNTL,Bumping Ridge,4600,rainier,0.0,0.0,41.7,0.0,75.9,0.0,58.2
2026-06-29,375:WA:SNTL,Bumping Ridge,4600,rainier,0.0,0.0,43.7,0.0,75.9,0.0,58.2
2026-06-30,375:WA:SNTL,Bumping Ridge,4600,rainier,0.0,0.0,40.5,0.0,75.9,0.0,58.2
2026-07-01,375:WA:SNTL,Bumping Ridge,4600,rainier,0.0,0.0,40.8,0.0,75.9,0.0,58.2
2026-07-02,375:WA:SNTL,Bumping Ridge,4600,rainier,0.0,0.0,50.0,0.0,75.9,0.0,58.4
2026-07-03,375:WA:SNTL,Bumping Ridge,4600,rainier,0.0,0.0,48.4,0.0,75.9,0.0,58.4
2026-07-04,375:WA:SNTL,Bumping Ridge,4600,rainier,0.0,0.0,45.1,0.0,75.9,0.0,58.4
2026-07-05,375:WA:SNTL,Bumping Ridge,4600,rainier,0.0,0.0,53.2,0.0,75.9,0.0,58.4
2026-07-06,375:WA:SNTL,Bumping Ridge,4600,rainier,0.0,0.0,56.7,0.0,75.9,0.0,58.4
2026-07-07,375:WA:SNTL,Bumping Ridge,4600,rainier,0.0,0.0,50.9,0.0,75.9,0.0,58.4
2026-07-08,375:WA:SNTL,Bumping Ridge,4600,rainier,0.0,0.0,46.6,0.0,75.9,0.0,58.4
2026-07-09,375:WA:SNTL,Bumping Ridge,4600,rainier,0.0,0.0,50.0,0.0,75.9,0.0,58.6
2026-07-10,375:WA:SNTL,Bumping Ridge,4600,rainier,0.0,0.0,52.7,0.0,75.9,0.0,58.6
2026-07-11,375:WA:SNTL,Bumping Ridge,4600,rainier,0.0,0.0,49.5,0.0,75.9,0.0,58.6
2026-07-12,375:WA:SNTL,Bumping Ridge,4600,rainier,0.0,0.0,47.3,0.0,75.9,0.0,58.6
2026-07-13,375:WA:SNTL,Bumping Ridge,4600,rainier,0.0,0.0,56.5,0.0,75.9,0.0,58.6
2026-07-14,375:WA:SNTL,Bumping Ridge,4600,rainier,0.0,0.0,58.1,0.0,75.9,0.0,58.6
2026-07-15,375:WA:SNTL,Bumping Ridge,4600,rainier,0.0,0.0,57.7,0.0,75.9,0.0,58.6
2026-07-16,375:WA:SNTL,Bumping Ridge,4600,rainier,0.0,0.0,49.1,0.0,75.9,0.0,58.6
2026-07-17,375:WA:SNTL,Bumping Ridge,4600,rainier,0.0,0.0,48.7,0.0,75.9,0.0,58.7
2026-07-18,375:WA:SNTL,Bumping Ridge,4600,rainier,0.0,0.0,45.7,0.0,75.9,0.0,59.0
2026-07-19,375:WA:SNTL,Bumping Ridge,4600,rainier,0.0,0.0,55.2,0.0,75.9,0.0,59.0
2026-07-20,375:WA:SNTL,Bumping Ridge,4600,rainier,0.0,0.0,59.5,0.0,75.9,0.0,59.0
2026-07-21,375:WA:SNTL,Bumping Ridge,4600,rainier,0.0,0.0,64.2,0.0,75.9,0.0,59.0
2026-07-22,375:WA:SNTL,Bumping Ridge,4600,rainier,0.0,0.0,57.6,0.1,76.0,0.0,59.0
2026-07-23,375:WA:SNTL,Bumping Ridge,4600,rainier,0.0,0.0,51.1,0.0,76.0,0.0,59.0
2026-07-24,375:WA:SNTL,Bumping Ridge,4600,rainier,0.0,0.0,58.1,0.0,76.0,0.0,59.0
2026-07-25,375:WA:SNTL,Bumping Ridge,4600,rainier,0.0,0.0,47.7,0.2,76.2,0.0,59.0
2026-07-26,375:WA:SNTL,Bumping Ridge,4600,rainier,0.0,0.0,51.3,0.0,76.2,0.0,59.1
2026-07-27,375:WA:SNTL,Bumping Ridge,4600,rainier,0.0,0.0,53.1,0.0,76.2,0.0,59.1
2026-07-28,375:WA:SNTL,Bumping Ridge,4600,rainier,0.0,0.0,48.9,0.0,76.2,0.0,59.1
2026-07-29,375:WA:SNTL,Bumping Ridge,4600,rainier,0.0,0.0,48.7,0.0,76.2,0.0,59.2
2026-07-30,375:WA:SNTL,Bumping Ridge,4600,rainier,0.0,0.0,51.1,0.0,76.2,0.0,59.3
2026-07-31,375:WA:SNTL,Bumping Ridge,4600,rainier,0.0,0.0,56.8,0.0,76.2,0.0,59.3
2026-08-01,375:WA:SNTL,Bumping Ridge,4600,rainier,0.0,0.0,45.0,0.0,76.2,0.0,59.3
2026-08-02,375:WA:SNTL,Bumping Ridge,4600,rainier,0.0,0.0,39.6,0.0,76.2,0.0,59.3
2026-08-03,375:WA:SNTL,Bumping Ridge,4600,rainier,0.0,0.0,49.1,0.0,76.2,0.0,59.3
2026-08-04,375:WA:SNTL,Bumping Ridge,4600,rainier,0.0,0.0,54.9,0.0,76.2,0.0,59.3
2026-08-05,375:WA:SNTL,Bumping Ridge,4600,rainier,0.0,0.0,57.9,0.0,76.2,0.0,59.3
2026-08-06,375:WA:SNTL,Bumping Ridge,4600,rainier,0.0,0.0,58.8,0.0,76.2,0.0,59.4
2026-08-07,375:WA:SNTL,Bumping Ridge,4600,rainier,0.0,0.0,57.4,0.0,76.2,0.0,59.4
2026-08-08,375:WA:SNTL,Bumping Ridge,4600,rainier,0.0,0.0,51.6,0.1,76.3,0.0,59.4
2026-08-09,375:WA:SNTL,Bumping Ridge,4600,rainier,0.0,0.0,48.6,0.0,76.3,0.0,59.4
2026-08-10,375:WA:SNTL,Bumping Ridge,4600,rainier,0.0,0.0,51.4,0.1,76.4,0.0,59.4
2026-08-11,375:WA:SNTL,Bumping Ridge,4600,rainier,0.0,0.0,50.5,0.0,76.4,0.0,59.4
2026-08-12,375:WA:SNTL,Bumping Ridge,4600,rainier,0.0,0.0,49.1,0.0,76.4,0.0,59.4
2026-08-13,375:WA:SNTL,Bumping Ridge,4600,rainier,0.0,0.0,50.0,1.1,77.5,0.0,59.4
2026-08-14,375:WA:SNTL,Bumping Ridge,4600,rainier,0.0,0.0,52.5,0.0,77.5,0.0,59.4
2026-08-15,375:WA:SNTL,Bumping Ridge,4600,rainier,0.0,0.0,50.2,0.0,77.5,0.0,59.4
2026-08-16,375:WA:SNTL,Bumping Ridge,4600,rainier,0.0,0.0,51.8,0.0,77.5,0.0,59.5
2026-08-17,375:WA:SNTL,Bumping Ridge,4600,rainier,0.0,0.0,53.8,0.0,77.5,0.0,59.5
2026-08-18,375:WA:SNTL,Bumping Ridge,4600,rainier,0.0,0.0,52.5,0.0,77.5,0.0,59.5
2026-08-19,375:WA:SNTL,Bumping Ridge,4600,rainier,0.0,0.0,55.9,0.0,77.5,0.0,59.5
2026-08-20,375:WA:SNTL,Bumping Ridge,4600,rainier,0.0,0.0,61.5,0.0,77.5,0.0,59.5
2026-08-21,375:WA:SNTL,Bumping Ridge,4600,rainier,0.0,0.0,63.7,0.0,77.5,0.0,59.6
2026-08-22,375:WA:SNTL,Bumping Ridge,4600,rainier,0.0,0.0,51.6,0.1,77.6,0.0,59.6
2026-08-23,375:WA:SNTL,Bumping Ridge,4600,rainier,0.0,0.0,47.1,0.0,77.6,0.0,59.6
2026-08-24,375:WA:SNTL,Bumping Ridge,4600,rainier,0.0,0.0,54.7,0.0,77.6,0.0,59.6
2026-08-25,375:WA:SNTL,Bumping Ridge,4600,rainier,0.0,0.0,56.7,0.0,77.6,0.0,59.6
2026-08-26,375:WA:SNTL,Bumping Ridge,4600,rainier,0.0,0.0,56.7,0.0,77.6,0.0,59.6
2026-08-27,375:WA:SNTL,Bumping Ridge,4600,rainier,0.0,0.0,48.6,0.2,77.8,0.0,59.6
2026-08-28,375:WA:SNTL,Bumping Ridge,4600,rainier,0.0,0.0,45.7,0.0,77.8,0.0,59.6
2026-08-29,375:WA:SNTL,Bumping Ridge,4600,rainier,0.0,0.0,41.2,0.2,78.0,0.0,59.6
2026-08-30,375:WA:SNTL,Bumping Ridge,4600,rainier,0.0,0.0,45.7,0.0,78.0,0.0,59.6
2026-08-31,375:WA:SNTL,Bumping Ridge,4600,rainier,0.0,0.0,52.5,0.0,78.0,0.0,59.6
2026-09-01,375:WA:SNTL,Bumping Ridge,4600,rainier,0.0,0.0,46.9,0.0,78.0,0.0,59.6
2026-09-02,375:WA:SNTL,Bumping Ridge,4600,rainier,0.0,0.0,40.3,0.5,78.5,0.0,59.6
2026-09-03,375:WA:SNTL,Bumping Ridge,4600,rainier,0.0,0.0,37.6,0.0,78.5,0.0,59.6
2026-09-04,375:WA:SNTL,Bumping Ridge,4600,rainier,0.0,0.0,39.2,0.1,78.6,0.0,59.6
2026-09-05,375:WA:SNTL,Bumping Ridge,4600,rainier,0.0,0.0,38.8,0.2,78.8,0.0,59.6
2026-09-06,375:WA:SNTL,Bumping Ridge,4600,rainier,0.0,0.0,43.9,0.0,78.8,0.0,59.6
2026-09-07,375:WA:SNTL,Bumping Ridge,4600,rainier,0.0,0.0,41.2,0.0,78.8,0.0,59.6
2026-09-08,375:WA:SNTL,Bumping Ridge,4600,rainier,0.0,0.0,47.3,0.0,78.8,0.0,59.7
2026-09-09,375:WA:SNTL,Bumping Ridge,4600,rainier,0.0,0.0,56.7,0.0,78.8,0.0,59.7
2026-09-10,375:WA:SNTL,Bumping Ridge,4600,rainier,0.0,0.0,40.6,0.0,78.8,0.0,59.7
2026-09-11,375:WA:SNTL,Bumping Ridge,4600,rainier,0.0,0.0,46.0,0.0,78.8,0.0,59.7
2026-09-12,375:WA:SNTL,Bumping Ridge,4600,rainier,0.0,0.0,43.7,0.0,78.8,0.0,59.7
2026-09-13,375:WA:SNTL,Bumping Ridge,4600,rainier,0.0,0.0,41.0,1.2,80.0,0.0,59.7
2026-09-14,375:WA:SNTL,Bumping Ridge,4600,rainier,0.0,0.0,43.9,0.0,80.0,0.0,59.7
2026-09-15,375:WA:SNTL,Bumping Ridge,4600,rainier,0.0,0.0,41.2,0.0,80.0,0.0,59.7
2026-09-16,375:WA:SNTL,Bumping Ridge,4600,rainier,0.0,0.0,46.0,0.0,80.0,0.0,59.7
2026-09-17,375:WA:SNTL,Bumping Ridge,4600,rainier,0.0,0.0,47.5,0.0,80.0,0.0,59.8
2026-09-18,375:WA:SNTL,Bumping Ridge,4600,rainier,0.0,0.0,47.7,0.0,80.0,0.0,59.8
2026-09-19,375:WA:SNTL,Bumping Ridge,4600,rainier,0.0,0.0,51.3,0.0,80.0,0.0,60.0
2026-09-20,375:WA:SNTL,Bumping Ridge,4600,rainier,0.0,0.0,51.8,0.0,80.0,0.0,60.0
2026-09-21,375:WA:SNTL,Bumping Ridge,4600,rainier,0.0,0.0,44.2,0.0,80.0,0.0,60.0
2026-09-22,375:WA:SNTL,Bumping Ridge,4600,rainier,0.0,0.0,41.4,0.0,80.0,0.0,60.0
2026-09-23,375:WA:SNTL,Bumping Ridge,4600,rainier,0.0,0.0,38.8,0.0,80.0,0.0,60.2
2026-09-24,375:WA:SNTL,Bumping Ridge,4600,rainier,0.0,0.0,45.9,0.0,80.0,0.0,60.5
2026-09-25,375:WA:SNTL,Bumping Ridge,4600,rainier,0.0,0.0,33.6,0.9,80.9,0.0,61.0
2026-09-26,375:WA:SNTL,Bumping Ridge,4600,rainier,0.0,0.0,33.8,0.0,80.9,0.0,61.0
2026-09-27,375:WA:SNTL,Bumping Ridge,4600,rainier,0.0,0.0,40.1,0.0,80.9,0.0,61.0
2026-09-28,375:WA:SNTL,Bumping Ridge,4600,rainier,0.0,0.0,45.1,0.0,80.9,0.0,61.5
2026-09-29,375:WA:SNTL,Bumping Ridge,4600,rainier,0.0,0.0,48.9,0.0,80.9,0.0,62.2
2026-09-30,375:WA:SNTL,Bumping Ridge,4600,rainier,0.2,0.0,43.3,0.1,81.0,0.0,62.3
2025-10-01,1257:WA:SNTL,Skate Creek,3770,rainier,0.0,,41.9,1.0,1.0,,
2025-10-02,1257:WA:SNTL,Skate Creek,3770,rainier,0.0,,43.3,0.0,1.0,,
2025-10-03,1257:WA:SNTL,Skate Creek,3770,rainier,0.0,,43.9,0.0,1.0,,
2025-10-04,1257:WA:SNTL,Skate Creek,3770,rainier,0.0,,38.5,0.1,1.1,,
2025-10-05,1257:WA:SNTL,Skate Creek,3770,rainier,0.0,,40.6,0.0,1.1,,
2025-10-06,1257:WA:SNTL,Skate Creek,3770,rainier,0.0,,49.1,0.0,1.1,,
2025-10-07,1257:WA:SNTL,Skate Creek,3770,rainier,0.0,,44.6,0.0,1.1,,
2025-10-08,1257:WA:SNTL,Skate Creek,3770,rainier,0.0,,42.8,0.0,1.1,,
2025-10-09,1257:WA:SNTL,Skate Creek,3770,rainier,0.0,,46.2,0.0,1.1,,
2025-10-10,1257:WA:SNTL,Skate Creek,3770,rainier,0.0,,40.3,0.1,1.2,,
2025-10-11,1257:WA:SNTL,Skate Creek,3770,rainier,0.0,,36.0,1.0,2.2,,
2025-10-12,1257:WA:SNTL,Skate Creek,3770,rainier,0.0,,31.5,0.8,3.0,,
2025-10-13,1257:WA:SNTL,Skate Creek,3770,rainier,0.0,,32.9,0.1,3.1,,
2025-10-14,1257:WA:SNTL,Skate Creek,3770,rainier,0.0,,38.3,0.0,3.1,,
2025-10-15,1257:WA:SNTL,Skate Creek,3770,rainier,0.0,,34.9,0.0,3.1,,
2025-10-16,1257:WA:SNTL,Skate Creek,3770,rainier,0.0,,39.9,0.0,3.1,,
2025-10-17,1257:WA:SNTL,Skate Creek,3770,rainier,0.0,,34.9,0.0,3.1,,
2025-10-18,1257:WA:SNTL,Skate Creek,3770,rainier,0.1,,41.4,1.2,4.3,,
2025-10-19,1257:WA:SNTL,Skate Creek,3770,rainier,0.0,,37.4,1.8,6.1,,
2025-10-20,1257:WA:SNTL,Skate Creek,3770,rainier,0.0,,34.5,0.2,6.3,,
2025-10-21,1257:WA:SNTL,Skate Creek,3770,rainier,0.0,,43.3,0.0,6.3,,
2025-10-22,1257:WA:SNTL,Skate Creek,3770,rainier,0.0,,42.1,0.0,6.3,,
2025-10-23,1257:WA:SNTL,Skate Creek,3770,rainier,0.0,,41.9,0.0,6.3,,
2025-10-24,1257:WA:SNTL,Skate Creek,3770,rainier,0.0,,35.2,1.8,8.1,,
2025-10-25,1257:WA:SNTL,Skate Creek,3770,rainier,0.6,,31.5,1.3,9.4,,
2025-10-26,1257:WA:SNTL,Skate Creek,3770,rainier,1.6,,30.9,1.4,10.8,,
2025-10-27,1257:WA:SNTL,Skate Creek,3770,rainier,1.8,,31.8,0.3,11.1,,
2025-10-28,1257:WA:SNTL,Skate Creek,3770,rainier,1.8,,40.6,0.5,11.6,,
2025-10-29,1257:WA:SNTL,Skate Creek,3770,rainier,1.2,,30.9,0.0,11.6,,
2025-10-30,1257:WA:SNTL,Skate Creek,3770,rainier,1.2,,42.4,0.0,11.6,,
2025-10-31,1257:WA:SNTL,Skate Creek,3770,rainier,0.8,,43.0,1.2,12.8,,
2025-11-01,1257:WA:SNTL,Skate Creek,3770,rainier,0.1,,34.5,2.7,15.5,,
2025-11-02,1257:WA:SNTL,Skate Creek,3770,rainier,0.0,,34.3,0.1,15.6,,
2025-11-03,1257:WA:SNTL,Skate Creek,3770,rainier,0.5,,34.2,0.8,16.4,,
2025-11-04,1257:WA:SNTL,Skate Creek,3770,rainier,0.1,,40.8,0.0,16.4,,
2025-11-05,1257:WA:SNTL,Skate Creek,3770,rainier,0.1,,40.3,1.2,17.6,,
2025-11-06,1257:WA:SNTL,Skate Creek,3770,rainier,0.2,,32.7,2.3,19.9,,
2025-11-07,1257:WA:SNTL,Skate Creek,3770,rainier,0.0,,31.1,0.3,20.2,,
2025-11-08,1257:WA:SNTL,Skate Creek,3770,rainier,0.0,,48.6,0.0,20.2,,
2025-11-09,1257:WA:SNTL,Skate Creek,3770,rainier,0.0,,47.5,0.0,20.2,,
2025-11-10,1257:WA:SNTL,Skate Creek,3770,rainier,0.0,,37.9,0.1,20.3,,
2025-11-11,1257:WA:SNTL,Skate Creek,3770,rainier,0.0,,44.8,0.0,20.3,,
2025-11-12,1257:WA:SNTL,Skate Creek,3770,rainier,0.0,,45.0,0.0,20.3,,
2025-11-13,1257:WA:SNTL,Skate Creek,3770,rainier,0.0,,42.4,1.0,21.3,,
2025-11-14,1257:WA:SNTL,Skate Creek,3770,rainier,0.0,,43.5,0.9,22.2,,
2025-11-15,1257:WA:SNTL,Skate Creek,3770,rainier,0.0,,45.7,0.6,22.8,,
2025-11-16,1257:WA:SNTL,Skate Creek,3770,rainier,0.0,,41.2,0.1,22.9,,
2025-11-17,1257:WA:SNTL,Skate Creek,3770,rainier,0.0,,30.2,0.4,23.3,,
2025-11-18,1257:WA:SNTL,Skate Creek,3770,rainier,0.0,,29.7,0.2,23.5,,
2025-11-19,1257:WA:SNTL,Skate Creek,3770,rainier,0.0,,34.5,0.0,23.5,,
2025-11-20,1257:WA:SNTL,Skate Creek,3770,rainier,0.0,,30.6,0.1,23.6,,
2025-11-21,1257:WA:SNTL,Skate Creek,3770,rainier,0.0,,34.7,0.0,23.6,,
2025-11-22,1257:WA:SNTL,Skate Creek,3770,rainier,0.0,,39.0,0.0,23.6,,
2025-11-23,1257:WA:SNTL,Skate Creek,3770,rainier,0.0,,30.6,0.5,24.1,,
2025-11-24,1257:WA:SNTL,Skate Creek,3770,rainier,0.0,,28.0,0.1,24.2,,
2025-11-25,1257:WA:SNTL,Skate Creek,3770,rainier,0.6,,32.0,0.6,24.8,,
2025-11-26,1257:WA:SNTL,Skate Creek,3770,rainier,0.2,,39.9,0.1,24.9,,
2025-11-27,1257:WA:SNTL,Skate Creek,3770,rainier,0.1,,34.2,2.1,27.0,,
2025-11-28,1257:WA:SNTL,Skate Creek,3770,rainier,0.1,,34.7,0.3,27.3,,
2025-11-29,1257:WA:SNTL,Skate Creek,3770,rainier,0.1,,27.7,0.1,27.4,,
2025-11-30,1257:WA:SNTL,Skate Creek,3770,rainier,0.3,,29.7,0.0,27.4,,
2025-12-01,1257:WA:SNTL,Skate Creek,3770,rainier,0.5,,31.8,0.0,27.4,,
2025-12-02,1257:WA:SNTL,Skate Creek,3770,rainier,0.6,,30.7,0.4,27.8,,
2025-12-03,1257:WA:SNTL,Skate Creek,3770,rainier,0.6,,31.3,0.0,27.8,,
2025-12-04,1257:WA:SNTL,Skate Creek,3770,rainier,0.5,,37.4,0.8,28.6,,
2025-12-05,1257:WA:SNTL,Skate Creek,3770,rainier,0.3,,37.6,1.4,30.0,,
2025-12-06,1257:WA:SNTL,Skate Creek,3770,rainier,0.2,,36.3,0.9,30.9,,
2025-12-07,1257:WA:SNTL,Skate Creek,3770,rainier,0.1,,38.3,1.5,32.4,,
2025-12-08,1257:WA:SNTL,Skate Creek,3770,rainier,0.0,,43.2,3.6,36.0,,
2025-12-09,1257:WA:SNTL,Skate Creek,3770,rainier,0.5,,45.3,2.2,38.2,,
2025-12-10,1257:WA:SNTL,Skate Creek,3770,rainier,0.0,0.0,46.0,2.7,40.9,,
2025-12-11,1257:WA:SNTL,Skate Creek,3770,rainier,0.0,,45.9,1.5,42.4,,
2025-12-12,1257:WA:SNTL,Skate Creek,3770,rainier,0.0,,36.9,0.5,42.9,,
2025-12-13,1257:WA:SNTL,Skate Creek,3770,rainier,0.0,,44.6,0.0,42.9,,
2025-12-14,1257:WA:SNTL,Skate Creek,3770,rainier,0.0,,41.4,0.0,42.9,,
2025-12-15,1257:WA:SNTL,Skate Creek,3770,rainier,0.0,,37.6,2.8,45.7,,
2025-12-16,1257:WA:SNTL,Skate Creek,3770,rainier,0.0,,42.6,1.2,46.9,,
2025-12-17,1257:WA:SNTL,Skate Creek,3770,rainier,1.3,,30.6,2.5,49.4,,
2025-12-18,1257:WA:SNTL,Skate Creek,3770,rainier,2.3,,31.1,2.8,52.2,,
2025-12-19,1257:WA:SNTL,Skate Creek,3770,rainier,3.4,,28.0,1.0,53.2,,
2025-12-20,1257:WA:SNTL,Skate Creek,3770,rainier,4.2,,30.0,1.0,54.2,,
2025-12-21,1257:WA:SNTL,Skate Creek,3770,rainier,4.5,,30.9,0.5,54.7,,
2025-12-22,1257:WA:SNTL,Skate Creek,3770,rainier,5.3,,29.8,0.8,55.5,,
2025-12-23,1257:WA:SNTL,Skate Creek,3770,rainier,5.3,,33.3,0.2,55.7,,
2025-12-24,1257:WA:SNTL,Skate Creek,3770,rainier,5.3,,31.8,0.4,56.1,,
2025-12-25,1257:WA:SNTL,Skate Creek,3770,rainier,5.4,,30.6,0.1,56.2,,
2025-12-26,1257:WA:SNTL,Skate Creek,3770,rainier,6.4,,25.2,1.0,57.2,,
2025-12-27,1257:WA:SNTL,Skate Creek,3770,rainier,6.4,,23.5,0.1,57.3,,
2025-12-28,1257:WA:SNTL,Skate Creek,3770,rainier,6.4,,30.2,0.1,57.4,,
2025-12-29,1257:WA:SNTL,Skate Creek,3770,rainier,6.4,,38.5,0.0,57.4,,
2025-12-30,1257:WA:SNTL,Skate Creek,3770,rainier,6.4,,33.8,0.0,57.4,,
2025-12-31,1257:WA:SNTL,Skate Creek,3770,rainier,6.4,,,0.0,57.4,,
2026-01-01,1257:WA:SNTL,Skate Creek,3770,rainier,6.5,,38.1,0.2,57.6,,
2026-01-02,1257:WA:SNTL,Skate Creek,3770,rainier,6.2,,38.3,0.7,58.3,,
2026-01-03,1257:WA:SNTL,Skate Creek,3770,rainier,6.1,,34.7,0.3,58.6,,
2026-01-04,1257:WA:SNTL,Skate Creek,3770,rainier,6.4,,30.9,0.6,59.2,,
2026-01-05,1257:WA:SNTL,Skate Creek,3770,rainier,6.5,,27.5,0.3,59.5,,
2026-01-06,1257:WA:SNTL,Skate Creek,3770,rainier,8.6,,28.6,1.7,61.2,,
2026-01-07,1257:WA:SNTL,Skate Creek,3770,rainier,10.0,,26.6,0.9,62.1,,
2026-01-08,1257:WA:SNTL,Skate Creek,3770,rainier,10.7,,30.0,1.1,63.2,,
2026-01-09,1257:WA:SNTL,Skate Creek,3770,rainier,10.9,,30.7,0.3,63.5,,
2026-01-10,1257:WA:SNTL,Skate Creek,3770,rainier,10.9,,31.5,0.0,63.5,,
2026-01-11,1257:WA:SNTL,Skate Creek,3770,rainier,10.9,,33.6,0.1,63.6,,
2026-01-12,1257:WA:SNTL,Skate Creek,3770,rainier,10.7,,42.3,0.0,63.6,,
2026-01-13,1257:WA:SNTL,Skate Creek,3770,rainier,10.7,,41.5,0.0,63.6,,
2026-01-14,1257:WA:SNTL,Skate Creek,3770,rainier,10.8,,31.6,0.0,63.6,,
2026-01-15,1257:WA:SNTL,Skate Creek,3770,rainier,10.8,,39.0,0.0,63.6,,
2026-01-16,1257:WA:SNTL,Skate Creek,3770,rainier,10.8,,43.2,0.0,63.6,,
2026-01-17,1257:WA:SNTL,Skate Creek,3770,rainier,10.8,,41.5,0.0,63.6,,
2026-01-18,1257:WA:SNTL,Skate Creek,3770,rainier,10.8,,38.7,0.0,63.6,,
2026-01-19,1257:WA:SNTL,Skate Creek,3770,rainier,10.8,,39.7,0.0,63.6,,
2026-01-20,1257:WA:SNTL,Skate Creek,3770,rainier,10.9,,36.9,0.0,63.6,,
2026-01-21,1257:WA:SNTL,Skate Creek,3770,rainier,10.9,,31.1,0.1,63.7,,
2026-01-22,1257:WA:SNTL,Skate Creek,3770,rainier,10.9,,30.0,0.0,63.7,,
2026-01-23,1257:WA:SNTL,Skate Creek,3770,rainier,10.9,,24.4,0.0,63.7,,
2026-01-24,1257:WA:SNTL,Skate Creek,3770,rainier,11.1,,26.4,0.0,63.7,,
2026-01-25,1257:WA:SNTL,Skate Creek,3770,rainier,11.1,,30.0,0.0,63.7,,
2026-01-26,1257:WA:SNTL,Skate Creek,3770,rainier,10.6,,32.9,0.0,63.7,,
2026-01-27,1257:WA:SNTL,Skate Creek,3770,rainier,10.2,,33.1,0.0,63.7,,
2026-01-28,1257:WA:SNTL,Skate Creek,3770,rainier,10.6,,37.2,0.5,64.2,,
2026-01-29,1257:WA:SNTL,Skate Creek,3770,rainier,10.9,,35.8,0.8,65.0,,
2026-01-30,1257:WA:SNTL,Skate Creek,3770,rainier,11.0,,39.6,0.4,65.4,,
2026-01-31,1257:WA:SNTL,Skate Creek,3770,rainier,10.9,,41.9,0.1,65.5,,
2026-02-01,1257:WA:SNTL,Skate Creek,3770,rainier,11.1,,32.4,0.8,66.3,,
2026-02-02,1257:WA:SNTL,Skate Creek,3770,rainier,11.1,,36.9,0.8,67.1,,
2026-02-03,1257:WA:SNTL,Skate Creek,3770,rainier,10.9,,46.8,0.0,67.1,,
2026-02-04,1257:WA:SNTL,Skate Creek,3770,rainier,10.7,,47.3,0.0,67.1,,
2026-02-05,1257:WA:SNTL,Skate Creek,3770,rainier,10.6,,42.1,0.0,67.1,,
2026-02-06,1257:WA:SNTL,Skate Creek,3770,rainier,10.4,,41.5,0.0,67.1,,
2026-02-07,1257:WA:SNTL,Skate Creek,3770,rainier,10.6,,38.7,1.0,68.1,,
2026-02-08,1257:WA:SNTL,Skate Creek,3770,rainier,10.5,,31.1,0.4,68.5,,
2026-02-09,1257:WA:SNTL,Skate Creek,3770,rainier,11.1,,29.3,0.6,69.1,,
2026-02-10,1257:WA:SNTL,Skate Creek,3770,rainier,11.2,,27.3,0.0,69.1,,
2026-02-11,1257:WA:SNTL,Skate Creek,3770,rainier,11.2,,29.1,0.0,69.1,,
2026-02-12,1257:WA:SNTL,Skate Creek,3770,rainier,11.4,,30.2,0.0,69.1,,
2026-02-13,1257:WA:SNTL,Skate Creek,3770,rainier,11.7,,30.6,0.2,69.3,,
2026-02-14,1257:WA:SNTL,Skate Creek,3770,rainier,11.9,,30.4,0.2,69.5,,
2026-02-15,1257:WA:SNTL,Skate Creek,3770,rainier,12.2,,31.6,0.2,69.7,,
2026-02-16,1257:WA:SNTL,Skate Creek,3770,rainier,12.5,,23.0,0.2,69.9,,
2026-02-17,1257:WA:SNTL,Skate Creek,3770,rainier,12.6,,24.1,0.2,70.1,,
2026-02-18,1257:WA:SNTL,Skate Creek,3770,rainier,12.9,,24.8,0.2,70.3,,
2026-02-19,1257:WA:SNTL,Skate Creek,3770,rainier,13.0,,21.2,0.1,70.4,,
2026-02-20,1257:WA:SNTL,Skate Creek,3770,rainier,13.1,,25.5,0.0,70.4,,
2026-02-21,1257:WA:SNTL,Skate Creek,3770,rainier,13.5,,30.6,0.3,70.7,,
2026-02-22,1257:WA:SNTL,Skate Creek,3770,rainier,13.6,,36.0,0.0,70.7,,
2026-02-23,1257:WA:SNTL,Skate Creek,3770,rainier,14.8,,31.1,1.1,71.8,,
2026-02-24,1257:WA:SNTL,Skate Creek,3770,rainier,15.0,,28.0,0.4,72.2,,
2026-02-25,1257:WA:SNTL,Skate Creek,3770,rainier,15.0,,27.5,0.1,72.3,,
2026-02-26,1257:WA:SNTL,Skate Creek,3770,rainier,15.0,,30.9,0.0,72.3,,
2026-02-27,1257:WA:SNTL,Skate Creek,3770,rainier,15.1,,29.7,0.0,72.3,,
2026-02-28,1257:WA:SNTL,Skate Creek,3770,rainier,15.1,,32.9,0.0,72.3,,
2026-03-01,1257:WA:SNTL,Skate Creek,3770,rainier,15.0,,31.6,0.0,72.3,,
2026-03-02,1257:WA:SNTL,Skate Creek,3770,rainier,15.1,,34.3,0.0,72.3,,
2026-03-03,1257:WA:SNTL,Skate Creek,3770,rainier,15.0,,36.0,0.1,72.4,,
2026-03-04,1257:WA:SNTL,Skate Creek,3770,rainier,14.9,,32.7,0.8,73.2,,
2026-03-05,1257:WA:SNTL,Skate Creek,3770,rainier,15.6,,31.5,0.6,73.8,,
2026-03-06,1257:WA:SNTL,Skate Creek,3770,rainier,16.0,,36.9,0.9,74.7,,
2026-03-07,1257:WA:SNTL,Skate Creek,3770,rainier,15.6,,39.0,0.5,75.2,,
2026-03-08,1257:WA:SNTL,Skate Creek,3770,rainier,15.3,,25.7,1.2,76.4,,
2026-03-09,1257:WA:SNTL,Skate Creek,3770,rainier,16.2,,23.5,1.0,77.4,,
2026-03-10,1257:WA:SNTL,Skate Creek,3770,rainier,16.8,,27.1,0.5,77.9,,
2026-03-11,1257:WA:SNTL,Skate Creek,3770,rainier,19.4,,39.0,3.2,81.1,,
2026-03-12,1257:WA:SNTL,Skate Creek,3770,rainier,21.5,,31.8,1.4,82.5,,
2026-03-13,1257:WA:SNTL,Skate Creek,3770,rainier,23.6,,31.1,4.3,86.8,,
2026-03-14,1257:WA:SNTL,Skate Creek,3770,rainier,23.0,,23.5,0.3,87.1,,
2026-03-15,1257:WA:SNTL,Skate Creek,3770,rainier,23.2,,32.9,0.2,87.3,,
2026-03-16,1257:WA:SNTL,Skate Creek,3770,rainier,22.7,,48.0,0.2,87.5,,
2026-03-17,1257:WA:SNTL,Skate Creek,3770,rainier,22.6,,40.3,0.7,88.2,,
2026-03-18,1257:WA:SNTL,Skate Creek,3770,rainier,21.8,,40.8,0.2,88.4,,
2026-03-19,1257:WA:SNTL,Skate Creek,3770,rainier,21.8,,41.0,1.1,89.5,,
2026-03-20,1257:WA:SNTL,Skate Creek,3770,rainier,20.9,,35.4,1.4,90.9,,
2026-03-21,1257:WA:SNTL,Skate Creek,3770,rainier,20.4,,26.8,0.0,90.9,,
2026-03-22,1257:WA:SNTL,Skate Creek,3770,rainier,20.6,,30.0,0.0,90.9,,
2026-03-23,1257:WA:SNTL,Skate Creek,3770,rainier,20.0,,36.9,0.0,90.9,,
2026-03-24,1257:WA:SNTL,Skate Creek,3770,rainier,19.8,,34.7,1.9,92.8,,
2026-03-25,1257:WA:SNTL,Skate Creek,3770,rainier,19.6,,25.2,0.3,93.1,,
2026-03-26,1257:WA:SNTL,Skate Creek,3770,rainier,19.9,,35.4,0.0,93.1,,
2026-03-27,1257:WA:SNTL,Skate Creek,3770,rainier,19.7,,34.7,0.0,93.1,,
2026-03-28,1257:WA:SNTL,Skate Creek,3770,rainier,19.4,,31.8,0.0,93.1,,
2026-03-29,1257:WA:SNTL,Skate Creek,3770,rainier,19.4,,26.6,0.2,93.3,,
2026-03-30,1257:WA:SNTL,Skate Creek,3770,rainier,20.2,,31.5,0.0,93.3,,
2026-03-31,1257:WA:SNTL,Skate Creek,3770,rainier,19.4,,34.0,0.0,93.3,,
2026-04-01,1257:WA:SNTL,Skate Creek,3770,rainier,19.8,,29.3,0.7,94.0,,
2026-04-02,1257:WA:SNTL,Skate Creek,3770,rainier,20.4,,29.7,0.7,94.7,,
2026-04-03,1257:WA:SNTL,Skate Creek,3770,rainier,20.5,,32.2,0.0,94.7,,
2026-04-04,1257:WA:SNTL,Skate Creek,3770,rainier,20.1,,43.2,0.0,94.7,,
2026-04-05,1257:WA:SNTL,Skate Creek,3770,rainier,19.4,,44.2,0.0,94.7,,
2026-04-06,1257:WA:SNTL,Skate Creek,3770,rainier,18.5,,38.7,0.0,94.7,,
2026-04-07,1257:WA:SNTL,Skate Creek,3770,rainier,18.3,,29.7,0.0,94.7,,
2026-04-08,1257:WA:SNTL,Skate Creek,3770,rainier,17.9,,33.8,0.0,94.7,,
2026-04-09,1257:WA:SNTL,Skate Creek,3770,rainier,17.0,,47.5,0.0,94.7,,
2026-04-10,1257:WA:SNTL,Skate Creek,3770,rainier,16.4,,43.7,0.0,94.7,,
2026-04-11,1257:WA:SNTL,Skate Creek,3770,rainier,15.9,,37.2,0.6,95.3,,
2026-04-12,1257:WA:SNTL,Skate Creek,3770,rainier,15.1,,37.4,0.1,95.4,,
2026-04-13,1257:WA:SNTL,Skate Creek,3770,rainier,14.6,,30.7,0.4,95.8,,
2026-04-14,1257:WA:SNTL,Skate Creek,3770,rainier,15.9,,32.0,1.0,96.8,,
2026-04-15,1257:WA:SNTL,Skate Creek,3770,rainier,17.2,,25.3,1.3,98.1,,
2026-04-16,1257:WA:SNTL,Skate Creek,3770,rainier,17.2,,29.8,0.0,98.1,,
2026-04-17,1257:WA:SNTL,Skate Creek,3770,rainier,17.1,,37.8,0.0,98.1,,
2026-04-18,1257:WA:SNTL,Skate Creek,3770,rainier,16.6,,48.6,0.0,98.1,,
2026-04-19,1257:WA:SNTL,Skate Creek,3770,rainier,16.1,,42.4,0.0,98.1,,
2026-04-20,1257:WA:SNTL,Skate Creek,3770,rainier,15.5,,41.0,0.0,98.1,,
2026-04-21,1257:WA:SNTL,Skate Creek,3770,rainier,15.1,,39.2,0.1,98.2,,
2026-04-22,1257:WA:SNTL,Skate Creek,3770,rainier,14.6,,34.2,1.3,99.5,,
2026-04-23,1257:WA:SNTL,Skate Creek,3770,rainier,14.3,,33.3,0.0,99.5,,
2026-04-24,1257:WA:SNTL,Skate Creek,3770,rainier,13.9,,34.2,0.0,99.5,,
2026-04-25,1257:WA:SNTL,Skate Creek,3770,rainier,13.8,,32.4,0.0,99.5,,
2026-04-26,1257:WA:SNTL,Skate Creek,3770,rainier,12.8,,35.8,0.0,99.5,,
2026-04-27,1257:WA:SNTL,Skate Creek,3770,rainier,12.3,,36.9,0.0,99.5,,
2026-04-28,1257:WA:SNTL,Skate Creek,3770,rainier,11.9,,35.6,0.0,99.5,,
2026-04-29,1257:WA:SNTL,Skate Creek,3770,rainier,10.8,,42.1,0.0,99.5,,
2026-04-30,1257:WA:SNTL,Skate Creek,3770,rainier,9.8,,48.7,0.0,99.5,,
2026-05-01,1257:WA:SNTL,Skate Creek,3770,rainier,8.6,,45.9,0.0,99.5,,
2026-05-02,1257:WA:SNTL,Skate Creek,3770,rainier,7.3,,50.9,0.0,99.5,,
2026-05-03,1257:WA:SNTL,Skate Creek,3770,rainier,5.9,,51.4,0.0,99.5,,
2026-05-04,1257:WA:SNTL,Skate Creek,3770,rainier,4.4,,46.9,0.0,99.5,,
2026-05-05,1257:WA:SNTL,Skate Creek,3770,rainier,3.2,,47.8,0.0,99.5,,
2026-05-06,1257:WA:SNTL,Skate Creek,3770,rainier,1.9,,43.0,0.0,99.5,,
2026-05-07,1257:WA:SNTL,Skate Creek,3770,rainier,0.2,,39.9,0.1,99.6,,
2026-05-08,1257:WA:SNTL,Skate Creek,3770,rainier,0.0,,42.3,0.0,99.6,,
2026-05-09,1257:WA:SNTL,Skate Creek,3770,rainier,0.0,,47.1,0.0,99.6,,
2026-05-10,1257:WA:SNTL,Skate Creek,3770,rainier,0.0,,42.8,0.0,99.6,,
2026-05-11,1257:WA:SNTL,Skate Creek,3770,rainier,0.0,,56.8,0.0,99.6,,
2026-05-12,1257:WA:SNTL,Skate Creek,3770,rainier,0.0,,48.0,0.0,99.6,,
2026-05-13,1257:WA:SNTL,Skate Creek,3770,rainier,0.0,,39.0,2.0,101.6,,
2026-05-14,1257:WA:SNTL,Skate Creek,3770,rainier,0.0,,36.7,0.5,102.1,,
2026-05-15,1257:WA:SNTL,Skate Creek,3770,rainier,0.4,,31.5,1.0,103.1,,
2026-05-16,1257:WA:SNTL,Skate Creek,3770,rainier,1.1,,31.6,1.1,104.2,,
2026-05-17,1257:WA:SNTL,Skate Creek,3770,rainier,0.7,,32.9,0.0,104.2,,
2026-05-18,1257:WA:SNTL,Skate Creek,3770,rainier,0.1,0.0,36.1,0.0,104.2,,
2026-05-19,1257:WA:SNTL,Skate Creek,3770,rainier,0.0,0.0,43.0,0.0,104.2,,
2026-05-20,1257:WA:SNTL,Skate Creek,3770,rainier,0.0,0.0,39.7,0.0,104.2,,
2026-05-21,1257:WA:SNTL,Skate Creek,3770,rainier,0.0,0.0,45.7,0.0,104.2,,
2026-05-22,1257:WA:SNTL,Skate Creek,3770,rainier,0.0,0.0,45.0,0.0,104.2,,
2026-05-23,1257:WA:SNTL,Skate Creek,3770,rainier,0.0,0.0,45.0,0.0,104.2,,
2026-05-24,1257:WA:SNTL,Skate Creek,3770,rainier,0.0,0.0,46.8,0.0,104.2,,
2026-05-25,1257:WA:SNTL,Skate Creek,3770,rainier,0.0,0.0,37.8,0.1,104.3,,
2026-05-26,1257:WA:SNTL,Skate Creek,3770,rainier,0.0,0.0,42.8,0.0,104.3,,
2026-05-27,1257:WA:SNTL,Skate Creek,3770,rainier,0.0,0.0,47.8,0.0,104.3,,
2026-05-28,1257:WA:SNTL,Skate Creek,3770,rainier,0.0,0.0,48.2,0.0,104.3,,
2026-05-29,1257:WA:SNTL,Skate Creek,3770,rainier,0.0,0.0,36.0,0.3,104.6,,
2026-05-30,1257:WA:SNTL,Skate Creek,3770,rainier,0.0,0.0,34.9,0.0,104.6,,
2026-05-31,1257:WA:SNTL,Skate Creek,3770,rainier,0.0,0.0,38.1,0.0,104.6,,
2026-06-01,1257:WA:SNTL,Skate Creek,3770,rainier,0.0,0.0,50.9,0.0,104.6,,
2026-06-02,1257:WA:SNTL,Skate Creek,3770,rainier,0.0,0.0,54.9,0.0,104.6,,
2026-06-03,1257:WA:SNTL,Skate Creek,3770,rainier,0.0,0.0,42.4,0.0,104.6,,
2026-06-04,1257:WA:SNTL,Skate Creek,3770,rainier,0.0,0.0,41.2,0.0,104.6,,
2026-06-05,1257:WA:SNTL,Skate Creek,3770,rainier,0.0,0.0,37.0,0.3,104.9,,
2026-06-06,1257:WA:SNTL,Skate Creek,3770,rainier,0.0,0.0,35.6,0.5,105.4,,
2026-06-07,1257:WA:SNTL,Skate Creek,3770,rainier,0.0,0.0,36.1,0.0,105.4,,
2026-06-08,1257:WA:SNTL,Skate Creek,3770,rainier,0.0,0.0,44.4,0.8,106.2,,
2026-06-09,1257:WA:SNTL,Skate Creek,3770,rainier,0.0,0.0,38.7,1.2,107.4,,
2026-06-10,1257:WA:SNTL,Skate Creek,3770,rainier,0.0,0.0,36.5,0.0,107.4,,
2026-06-11,1257:WA:SNTL,Skate Creek,3770,rainier,0.0,0.0,41.7,0.0,107.4,,
2026-06-12,1257:WA:SNTL,Skate Creek,3770,rainier,0.0,0.0,44.8,0.0,107.4,,
2026-06-13,1257:WA:SNTL,Skate Creek,3770,rainier,0.0,0.0,54.0,0.0,107.4,,
2026-06-14,1257:WA:SNTL,Skate Creek,3770,rainier,0.0,0.0,58.5,0.0,107.4,,
2026-06-15,1257:WA:SNTL,Skate Creek,3770,rainier,0.0,0.0,55.8,0.0,107.4,,
2026-06-16,1257:WA:SNTL,Skate Creek,3770,rainier,0.0,0.0,48.0,0.0,107.4,,
2026-06-17,1257:WA:SNTL,Skate Creek,3770,rainier,0.0,0.0,44.1,0.0,107.4,,
2026-06-18,1257:WA:SNTL,Skate Creek,3770,rainier,0.0,0.0,58.8,0.0,107.4,,
2026-06-19,1257:WA:SNTL,Skate Creek,3770,rainier,0.0,0.0,50.7,0.0,107.4,,
2026-06-20,1257:WA:SNTL,Skate Creek,3770,rainier,0.0,0.0,46.6,0.0,107.4,,
2026-06-21,1257:WA:SNTL,Skate Creek,3770,rainier,0.0,0.0,47.5,0.0,107.4,,
2026-06-22,1257:WA:SNTL,Skate Creek,3770,rainier,0.0,0.0,56.5,0.0,107.4,,
2026-06-23,1257:WA:SNTL,Skate Creek,3770,rainier,0.0,0.0,57.6,0.0,107.4,,
2026-06-24,1257:WA:SNTL,Skate Creek,3770,rainier,0.0,0.0,50.4,0.2,107.6,,
2026-06-25,1257:WA:SNTL,Skate Creek,3770,rainier,0.0,0.0,44.8,0.1,107.7,,
2026-06-26,1257:WA:SNTL,Skate Creek,3770,rainier,0.0,0.0,44.1,0.2,107.9,,
2026-06-27,1257:WA:SNTL,Skate Creek,3770,rainier,0.0,0.0,43.7,0.3,108.2,,
2026-06-28,1257:WA:SNTL,Skate Creek,3770,rainier,0.0,0.0,43.0,0.1,108.3,,
2026-06-29,1257:WA:SNTL,Skate Creek,3770,rainier,0.0,0.0,44.2,0.4,108.7,,
2026-06-30,1257:WA:SNTL,Skate Creek,3770,rainier,0.0,0.0,41.4,0.2,108.9,,
2026-07-01,1257:WA:SNTL,Skate Creek,3770,rainier,0.0,0.0,44.4,0.0,108.9,,
2026-07-02,1257:WA:SNTL,Skate Creek,3770,rainier,0.0,0.0,50.2,0.0,108.9,,
2026-07-03,1257:WA:SNTL,Skate Creek,3770,rainier,0.0,0.0,47.8,0.0,108.9,,
2026-07-04,1257:WA:SNTL,Skate Creek,3770,rainier,0.0,0.0,44.2,0.0,108.9,,
2026-07-05,1257:WA:SNTL,Skate Creek,3770,rainier,0.0,0.0,53.8,0.0,108.9,,
2026-07-06,1257:WA:SNTL,Skate Creek,3770,rainier,0.0,0.0,54.0,0.0,108.9,,
2026-07-07,1257:WA:SNTL,Skate Creek,3770,rainier,0.0,0.0,46.0,0.0,108.9,,
2026-07-08,1257:WA:SNTL,Skate Creek,3770,rainier,0.0,0.0,45.5,0.0,108.9,,
2026-07-09,1257:WA:SNTL,Skate Creek,3770,rainier,0.0,0.0,48.7,0.0,108.9,,
2026-07-10,1257:WA:SNTL,Skate Creek,3770,rainier,0.0,0.0,52.9,0.0,108.9,,
2026-07-11,1257:WA:SNTL,Skate Creek,3770,rainier,0.0,0.0,49.6,0.0,108.9,,
2026-07-12,1257:WA:SNTL,Skate Creek,3770,rainier,0.0,0.0,44.1,0.0,108.9,,
2026-07-13,1257:WA:SNTL,Skate Creek,3770,rainier,0.0,0.0,51.4,0.0,108.9,,
2026-07-14,1257:WA:SNTL,Skate Creek,3770,rainier,0.0,0.0,54.3,0.0,108.9,,
2026-07-15,1257:WA:SNTL,Skate Creek,3770,rainier,0.0,0.0,58.8,0.0,108.9,,
2026-07-16,1257:WA:SNTL,Skate Creek,3770,rainier,0.0,0.0,49.3,0.0,108.9,,
2026-07-17,1257:WA:SNTL,Skate Creek,3770,rainier,0.0,0.0,49.5,0.0,108.9,,
2026-07-18,1257:WA:SNTL,Skate Creek,3770,rainier,0.0,0.0,45.7,0.0,108.9,,
2026-07-19,1257:WA:SNTL,Skate Creek,3770,rainier,0.0,0.0,52.7,0.0,108.9,,
2026-07-20,1257:WA:SNTL,Skate Creek,3770,rainier,0.0,0.0,70.0,0.0,108.9,,
2026-07-21,1257:WA:SNTL,Skate Creek,3770,rainier,0.0,0.0,64.2,0.0,108.9,,
2026-07-22,1257:WA:SNTL,Skate Creek,3770,rainier,0.0,0.0,58.8,0.0,108.9,,
2026-07-23,1257:WA:SNTL,Skate Creek,3770,rainier,0.0,0.0,51.6,0.0,108.9,,
2026-07-24,1257:WA:SNTL,Skate Creek,3770,rainier,0.0,0.0,53.4,0.0,108.9,,
2026-07-25,1257:WA:SNTL,Skate Creek,3770,rainier,0.0,0.0,46.4,0.0,108.9,,
2026-07-26,1257:WA:SNTL,Skate Creek,3770,rainier,0.0,0.0,50.9,0.0,108.9,,
2026-07-27,1257:WA:SNTL,Skate Creek,3770,rainier,0.0,0.0,50.4,0.0,108.9,,
2026-07-28,1257:WA:SNTL,Skate Creek,3770,rainier,0.0,0.0,49.1,0.0,108.9,,
2026-07-29,1257:WA:SNTL,Skate Creek,3770,rainier,0.0,0.0,46.4,0.2,109.1,,
2026-07-30,1257:WA:SNTL,Skate Creek,3770,rainier,0.0,0.0,48.2,0.0,109.1,,
2026-07-31,1257:WA:SNTL,Skate Creek,3770,rainier,0.0,0.0,53.2,0.0,109.1,,
2026-08-01,1257:WA:SNTL,Skate Creek,3770,rainier,0.0,0.0,44.8,0.0,109.1,,
2026-08-02,1257:WA:SNTL,Skate Creek,3770,rainier,0.0,0.0,39.6,0.0,109.1,,
2026-08-03,1257:WA:SNTL,Skate Creek,3770,rainier,0.0,0.0,48.9,0.0,109.1,,
2026-08-04,1257:WA:SNTL,Skate Creek,3770,rainier,0.0,0.0,55.8,0.0,109.1,,
2026-08-05,1257:WA:SNTL,Skate Creek,3770,rainier,0.0,0.0,56.1,0.0,109.1,,
2026-08-06,1257:WA:SNTL,Skate Creek,3770,rainier,0.0,0.0,32.0,0.0,109.1,,
2026-08-07,1257:WA:SNTL,Skate Creek,3770,rainier,0.0,0.0,54.0,0.0,109.1,,
2026-08-08,1257:WA:SNTL,Skate Creek,3770,rainier,0.0,0.0,50.4,0.0,109.1,,
2026-08-09,1257:WA:SNTL,Skate Creek,3770,rainier,0.0,0.0,47.7,0.0,109.1,,
2026-08-10,1257:WA:SNTL,Skate Creek,3770,rainier,0.0,0.0,47.5,0.0,109.1,,
2026-08-11,1257:WA:SNTL,Skate Creek,3770,rainier,0.0,0.0,47.7,0.0,109.1,,
2026-08-12,1257:WA:SNTL,Skate Creek,3770,rainier,0.0,0.0,49.5,0.0,109.1,,
2026-08-13,1257:WA:SNTL,Skate Creek,3770,rainier,0.0,0.0,50.4,0.3,109.4,,
2026-08-14,1257:WA:SNTL,Skate Creek,3770,rainier,0.0,0.0,56.1,0.0,109.4,,
2026-08-15,1257:WA:SNTL,Skate Creek,3770,rainier,0.0,0.0,55.4,0.0,109.4,,
2026-08-16,1257:WA:SNTL,Skate Creek,3770,rainier,0.0,0.0,55.4,0.0,109.4,,
2026-08-17,1257:WA:SNTL,Skate Creek,3770,rainier,0.0,0.0,52.9,0.0,109.4,,
2026-08-18,1257:WA:SNTL,Skate Creek,3770,rainier,0.0,0.0,52.2,0.0,109.4,,
2026-08-19,1257:WA:SNTL,Skate Creek,3770,rainier,0.0,0.0,54.7,0.0,109.4,,
2026-08-20,1257:WA:SNTL,Skate Creek,3770,rainier,0.0,0.0,60.1,0.0,109.4,,
2026-08-21,1257:WA:SNTL,Skate Creek,3770,rainier,0.0,0.0,58.8,0.0,109.4,,
2026-08-22,1257:WA:SNTL,Skate Creek,3770,rainier,0.0,0.0,52.7,0.0,109.4,,
2026-08-23,1257:WA:SNTL,Skate Creek,3770,rainier,0.0,0.0,48.6,0.0,109.4,,
2026-08-24,1257:WA:SNTL,Skate Creek,3770,rainier,0.0,0.0,63.7,0.0,109.4,,
2026-08-25,1257:WA:SNTL,Skate Creek,3770,rainier,0.0,0.0,57.6,0.0,109.4,,
2026-08-26,1257:WA:SNTL,Skate Creek,3770,rainier,0.0,0.0,56.7,0.0,109.4,,
2026-08-27,1257:WA:SNTL,Skate Creek,3770,rainier,0.0,0.0,46.4,0.0,109.4,,
2026-08-28,1257:WA:SNTL,Skate Creek,3770,rainier,0.0,0.0,46.9,0.0,109.4,,
2026-08-29,1257:WA:SNTL,Skate Creek,3770,rainier,0.0,0.0,42.8,0.3,109.7,,
2026-08-30,1257:WA:SNTL,Skate Creek,3770,rainier,0.0,0.0,45.0,0.0,109.7,,
2026-08-31,1257:WA:SNTL,Skate Creek,3770,rainier,0.0,0.0,53.1,0.0,109.7,,
2026-09-01,1257:WA:SNTL,Skate Creek,3770,rainier,0.0,0.0,47.5,0.0,109.7,,
2026-09-02,1257:WA:SNTL,Skate Creek,3770,rainier,0.0,0.0,41.2,0.5,110.2,,
2026-09-03,1257:WA:SNTL,Skate Creek,3770,rainier,0.0,0.0,39.0,0.2,110.4,,
2026-09-04,1257:WA:SNTL,Skate Creek,3770,rainier,0.0,0.0,40.1,0.0,110.4,,
2026-09-05,1257:WA:SNTL,Skate Creek,3770,rainier,0.0,0.0,42.4,0.1,110.5,,
2026-09-06,1257:WA:SNTL,Skate Creek,3770,rainier,0.0,0.0,46.9,0.0,110.5,,
2026-09-07,1257:WA:SNTL,Skate Creek,3770,rainier,0.0,0.0,42.4,0.0,110.5,,
2026-09-08,1257:WA:SNTL,Skate Creek,3770,rainier,0.0,0.0,49.3,0.0,110.5,,
2026-09-09,1257:WA:SNTL,Skate Creek,3770,rainier,0.0,0.0,53.4,0.0,110.5,,
2026-09-10,1257:WA:SNTL,Skate Creek,3770,rainier,0.0,0.0,44.4,0.0,110.5,,
2026-09-11,1257:WA:SNTL,Skate Creek,3770,rainier,0.0,0.0,45.0,0.0,110.5,,
2026-09-12,1257:WA:SNTL,Skate Creek,3770,rainier,0.0,0.0,43.7,0.0,110.5,,
2026-09-13,1257:WA:SNTL,Skate Creek,3770,rainier,0.0,0.0,43.7,1.6,112.1,,
2026-09-14,1257:WA:SNTL,Skate Creek,3770,rainier,0.0,0.0,44.4,0.0,112.1,,
2026-09-15,1257:WA:SNTL,Skate Creek,3770,rainier,0.0,0.0,44.8,0.0,112.1,,
2026-09-16,1257:WA:SNTL,Skate Creek,3770,rainier,0.0,0.0,49.1,0.0,112.1,,
2026-09-17,1257:WA:SNTL,Skate Creek,3770,rainier,0.0,0.0,48.0,0.0,112.1,,
2026-09-18,1257:WA:SNTL,Skate Creek,3770,rainier,0.0,0.0,47.8,0.0,112.1,,
2026-09-19,1257:WA:SNTL,Skate Creek,3770,rainier,0.0,0.0,50.9,0.0,112.1,,
2026-09-20,1257:WA:SNTL,Skate Creek,3770,rainier,0.0,0.0,55.0,0.0,112.1,,
2026-09-21,1257:WA:SNTL,Skate Creek,3770,rainier,0.0,0.0,43.9,0.0,112.1,,
2026-09-22,1257:WA:SNTL,Skate Creek,3770,rainier,0.0,0.0,41.2,0.0,112.1,,
2026-09-23,1257:WA:SNTL,Skate Creek,3770,rainier,0.0,0.0,45.3,0.0,112.1,,
2026-09-24,1257:WA:SNTL,Skate Creek,3770,rainier,0.0,0.0,47.3,0.0,112.1,,
2026-09-25,1257:WA:SNTL,Skate Creek,3770,rainier,0.0,0.0,37.4,1.1,113.2,,
2026-09-26,1257:WA:SNTL,Skate Creek,3770,rainier,0.0,0.0,41.5,0.0,113.2,,
2026-09-27,1257:WA:SNTL,Skate Creek,3770,rainier,0.0,0.0,40.3,0.0,113.2,,
2026-09-28,1257:WA:SNTL,Skate Creek,3770,rainier,0.0,0.0,45.7,0.0,113.2,,
2026-09-29,1257:WA:SNTL,Skate Creek,3770,rainier,0.0,,49.8,1.2,114.4,,
2026-09-30,1257:WA:SNTL,Skate Creek,3770,rainier,0.0,,44.2,0.1,114.5,,
2025-10-01,941:WA:SNTL,Mowich,3170,rainier,0.0,0.0,50.4,0.1,0.1,0.0,0.0
2025-10-02,941:WA:SNTL,Mowich,3170,rainier,0.0,0.0,47.3,0.0,0.1,0.0,0.1
2025-10-03,941:WA:SNTL,Mowich,3170,rainier,0.0,0.0,46.6,0.0,0.1,0.0,0.2
2025-10-04,941:WA:SNTL,Mowich,3170,rainier,0.0,0.0,42.8,0.1,0.2,0.0,0.2
2025-10-05,941:WA:SNTL,Mowich,3170,rainier,0.0,0.0,46.0,0.0,0.2,0.0,0.3
2025-10-06,941:WA:SNTL,Mowich,3170,rainier,0.0,0.0,57.2,0.0,0.2,0.0,0.4
2025-10-07,941:WA:SNTL,Mowich,3170,rainier,0.0,0.0,51.1,0.0,0.2,0.0,0.8
2025-10-08,941:WA:SNTL,Mowich,3170,rainier,0.0,0.0,42.6,0.0,0.2,0.0,1.0
2025-10-09,941:WA:SNTL,Mowich,3170,rainier,0.0,0.0,45.1,0.1,0.3,0.0,1.2
2025-10-10,941:WA:SNTL,Mowich,3170,rainier,0.0,0.0,41.5,0.2,0.5,0.0,1.5
2025-10-11,941:WA:SNTL,Mowich,3170,rainier,0.0,0.0,38.7,0.5,1.0,0.0,1.6
2025-10-12,941:WA:SNTL,Mowich,3170,rainier,0.0,0.0,32.4,0.2,1.2,0.0,1.8
2025-10-13,941:WA:SNTL,Mowich,3170,rainier,0.0,0.0,36.5,0.2,1.4,0.0,1.9
2025-10-14,941:WA:SNTL,Mowich,3170,rainier,0.0,0.0,41.4,0.0,1.4,0.0,2.0
2025-10-15,941:WA:SNTL,Mowich,3170,rainier,0.0,0.0,40.8,0.0,1.4,0.0,2.1
2025-10-16,941:WA:SNTL,Mowich,3170,rainier,0.0,0.0,45.1,0.0,1.4,0.0,2.1
2025-10-17,941:WA:SNTL,Mowich,3170,rainier,0.0,0.0,38.5,0.3,1.7,0.0,2.2
2025-10-18,941:WA:SNTL,Mowich,3170,rainier,0.0,0.0,46.2,0.6,2.3,0.0,2.4
2025-10-19,941:WA:SNTL,Mowich,3170,rainier,0.0,0.0,39.9,0.8,3.1,0.0,2.8
2025-10-20,941:WA:SNTL,Mowich,3170,rainier,0.0,0.0,43.5,0.2,3.3,0.0,2.8
2025-10-21,941:WA:SNTL,Mowich,3170,rainier,0.0,0.0,54.9,0.0,3.3,0.0,3.0
2025-10-22,941:WA:SNTL,Mowich,3170,rainier,0.0,0.0,48.7,0.0,3.3,0.0,3.4
2025-10-23,941:WA:SNTL,Mowich,3170,rainier,0.0,0.0,51.8,0.0,3.3,0.0,3.7
2025-10-24,941:WA:SNTL,Mowich,3170,rainier,0.0,0.0,40.5,1.3,4.6,0.0,3.8
2025-10-25,941:WA:SNTL,Mowich,3170,rainier,0.0,0.0,34.5,0.4,5.0,0.0,3.8
2025-10-26,941:WA:SNTL,Mowich,3170,rainier,0.0,0.0,33.6,0.4,5.4,0.0,4.4
2025-10-27,941:WA:SNTL,Mowich,3170,rainier,0.0,0.0,34.5,0.2,5.6,0.0,4.6
2025-10-28,941:WA:SNTL,Mowich,3170,rainier,0.0,0.0,42.4,0.6,6.2,0.0,4.8
2025-10-29,941:WA:SNTL,Mowich,3170,rainier,0.0,0.0,36.1,0.2,6.4,0.0,5.1
2025-10-30,941:WA:SNTL,Mowich,3170,rainier,0.0,0.0,47.8,0.1,6.5,0.0,5.2
2025-10-31,941:WA:SNTL,Mowich,3170,rainier,0.0,0.0,48.0,0.9,7.4,0.0,5.6
2025-11-01,941:WA:SNTL,Mowich,3170,rainier,0.0,0.0,36.7,0.7,8.1,0.0,6.2
2025-11-02,941:WA:SNTL,Mowich,3170,rainier,0.0,0.0,40.3,0.1,8.2,0.0,6.4
2025-11-03,941:WA:SNTL,Mowich,3170,rainier,0.0,0.0,37.6,0.3,8.5,0.0,6.6
2025-11-04,941:WA:SNTL,Mowich,3170,rainier,0.0,0.0,52.2,0.2,8.7,0.0,6.7
2025-11-05,941:WA:SNTL,Mowich,3170,rainier,0.0,0.0,42.8,0.5,9.2,0.0,6.9
2025-11-06,941:WA:SNTL,Mowich,3170,rainier,0.0,0.0,36.5,0.9,10.1,0.0,7.0
2025-11-07,941:WA:SNTL,Mowich,3170,rainier,0.0,0.0,35.2,0.2,10.3,0.0,7.2
2025-11-08,941:WA:SNTL,Mowich,3170,rainier,0.0,0.0,56.7,0.1,10.4,0.0,7.2
2025-11-09,941:WA:SNTL,Mowich,3170,rainier,0.0,0.0,58.8,0.0,10.4,0.0,7.2
2025-11-10,941:WA:SNTL,Mowich,3170,rainier,0.0,0.0,39.7,0.1,10.5,0.0,7.2
2025-11-11,941:WA:SNTL,Mowich,3170,rainier,0.0,0.0,55.6,0.0,10.5,0.0,7.4
2025-11-12,941:WA:SNTL,Mowich,3170,rainier,0.0,0.0,46.4,0.0,10.5,0.0,8.2
2025-11-13,941:WA:SNTL,Mowich,3170,rainier,0.0,0.0,45.5,0.6,11.1,0.0,8.8
2025-11-14,941:WA:SNTL,Mowich,3170,rainier,0.0,0.0,46.2,0.2,11.3,0.0,9.1
2025-11-15,941:WA:SNTL,Mowich,3170,rainier,0.0,0.0,47.5,0.2,11.5,0.0,9.4
2025-11-16,941:WA:SNTL,Mowich,3170,rainier,0.0,0.0,45.3,0.1,11.6,0.0,9.4
2025-11-17,941:WA:SNTL,Mowich,3170,rainier,0.0,0.0,31.6,0.0,11.6,0.0,9.6
2025-11-18,941:WA:SNTL,Mowich,3170,rainier,0.0,0.0,30.6,0.1,11.7,0.0,9.6
2025-11-19,941:WA:SNTL,Mowich,3170,rainier,0.0,0.0,43.5,0.1,11.8,0.0,9.8
2025-11-20,941:WA:SNTL,Mowich,3170,rainier,0.0,0.0,36.5,0.0,11.8,0.0,10.2
2025-11-21,941:WA:SNTL,Mowich,3170,rainier,0.0,0.0,41.7,0.1,11.9,0.0,10.5
2025-11-22,941:WA:SNTL,Mowich,3170,rainier,0.0,0.0,43.3,0.0,11.9,0.0,11.4
2025-11-23,941:WA:SNTL,Mowich,3170,rainier,0.0,0.0,30.2,0.6,12.5,0.0,11.9
2025-11-24,941:WA:SNTL,Mowich,3170,rainier,0.0,0.0,31.3,0.0,12.5,0.0,12.1
2025-11-25,941:WA:SNTL,Mowich,3170,rainier,0.0,0.0,41.9,0.6,13.1,0.0,13.4
2025-11-26,941:WA:SNTL,Mowich,3170,rainier,0.0,0.0,41.7,0.0,13.1,0.0,13.4
2025-11-27,941:WA:SNTL,Mowich,3170,rainier,0.0,0.0,41.2,0.8,13.9,0.0,13.6
2025-11-28,941:WA:SNTL,Mowich,3170,rainier,0.0,0.0,36.9,0.1,14.0,0.0,13.9
2025-11-29,941:WA:SNTL,Mowich,3170,rainier,0.0,0.0,29.3,0.0,14.0,0.1,14.0
2025-11-30,941:WA:SNTL,Mowich,3170,rainier,0.0,0.0,32.2,0.0,14.0,0.3,14.5
2025-12-01,941:WA:SNTL,Mowich,3170,rainier,0.0,0.0,36.7,0.1,14.1,0.2,14.6
2025-12-02,941:WA:SNTL,Mowich,3170,rainier,0.0,0.0,31.6,0.5,14.6,0.3,14.8
2025-12-03,941:WA:SNTL,Mowich,3170,rainier,0.0,0.0,33.4,0.0,14.6,0.4,14.8
2025-12-04,941:WA:SNTL,Mowich,3170,rainier,0.0,0.0,41.0,1.3,15.9,0.3,14.8
2025-12-05,941:WA:SNTL,Mowich,3170,rainier,0.0,0.0,39.0,0.8,16.7,0.4,15.0
2025-12-06,941:WA:SNTL,Mowich,3170,rainier,0.0,0.0,39.7,0.5,17.2,0.6,15.0
2025-12-07,941:WA:SNTL,Mowich,3170,rainier,0.0,0.0,40.6,0.6,17.8,0.5,15.3
2025-12-08,941:WA:SNTL,Mowich,3170,rainier,0.0,0.0,39.0,3.3,21.1,0.2,15.4
2025-12-09,941:WA:SNTL,Mowich,3170,rainier,0.0,0.0,47.8,1.4,22.5,0.1,15.6
2025-12-10,941:WA:SNTL,Mowich,3170,rainier,0.0,0.0,47.5,1.7,24.2,0.4,15.8
2025-12-11,941:WA:SNTL,Mowich,3170,rainier,0.0,0.0,47.5,2.0,26.2,0.2,16.0
2025-12-12,941:WA:SNTL,Mowich,3170,rainier,0.0,0.0,44.2,0.2,26.4,0.3,16.2
2025-12-13,941:WA:SNTL,Mowich,3170,rainier,0.0,0.0,58.5,0.0,26.4,0.4,16.8
2025-12-14,941:WA:SNTL,Mowich,3170,rainier,0.0,0.0,,0.0,26.4,0.5,17.2
2025-12-15,941:WA:SNTL,Mowich,3170,rainier,,,55.2,,,,
2025-12-16,941:WA:SNTL,Mowich,3170,rainier,,,46.8,,,,
2025-12-17,941:WA:SNTL,Mowich,3170,rainier,,,44.8,,,,
2025-12-18,941:WA:SNTL,Mowich,3170,rainier,,,48.2,,,,
2025-12-19,941:WA:SNTL,Mowich,3170,rainier,,,31.6,,,,
2025-12-20,941:WA:SNTL,Mowich,3170,rainier,,,36.7,,,,
2025-12-21,941:WA:SNTL,Mowich,3170,rainier,,,41.9,,,,
2025-12-22,941:WA:SNTL,Mowich,3170,rainier,,,43.0,,,,
2025-12-23,941:WA:SNTL,Mowich,3170,rainier,,,36.9,,,,
2025-12-24,941:WA:SNTL,Mowich,3170,rainier,,,52.9,,,,
2025-12-25,941:WA:SNTL,Mowich,3170,rainier,,,46.8,,,,
2025-12-26,941:WA:SNTL,Mowich,3170,rainier,,,36.1,,,,
2025-12-27,941:WA:SNTL,Mowich,3170,rainier,,,33.1,,,,
2025-12-28,941:WA:SNTL,Mowich,3170,rainier,,,34.7,,,,
2025-12-29,941:WA:SNTL,Mowich,3170,rainier,,,43.7,,,,
2025-12-30,941:WA:SNTL,Mowich,3170,rainier,,,54.7,,,,
2025-12-31,941:WA:SNTL,Mowich,3170,rainier,,,55.2,,,,
2026-01-01,941:WA:SNTL,Mowich,3170,rainier,,,50.2,,,,
2026-01-02,941:WA:SNTL,Mowich,3170,rainier,,,49.6,,,,
2026-01-03,941:WA:SNTL,Mowich,3170,rainier,,,51.8,,,,
2026-01-04,941:WA:SNTL,Mowich,3170,rainier,,,43.5,,,,
2026-01-05,941:WA:SNTL,Mowich,3170,rainier,,,38.5,,,,
2026-01-06,941:WA:SNTL,Mowich,3170,rainier,,,36.0,,,,
2026-01-07,941:WA:SNTL,Mowich,3170,rainier,,,30.7,,,,
2026-01-08,941:WA:SNTL,Mowich,3170,rainier,,,31.6,,,,
2026-01-09,941:WA:SNTL,Mowich,3170,rainier,,,50.7,,,,
2026-01-10,941:WA:SNTL,Mowich,3170,rainier,,,52.9,,,,
2026-01-11,941:WA:SNTL,Mowich,3170,rainier,,,53.6,,,,
2026-01-12,941:WA:SNTL,Mowich,3170,rainier,,,53.6,,,,
2026-01-13,941:WA:SNTL,Mowich,3170,rainier,,,61.3,,,,
2026-01-14,941:WA:SNTL,Mowich,3170,rainier,,,64.0,,,,
2026-01-15,941:WA:SNTL,Mowich,3170,rainier,,,52.9,,,,
2026-01-16,941:WA:SNTL,Mowich,3170,rainier,,,60.3,,,,
2026-01-17,941:WA:SNTL,Mowich,3170,rainier,,,62.4,,,,
2026-01-18,941:WA:SNTL,Mowich,3170,rainier,,,60.3,,,,
2026-01-19,941:WA:SNTL,Mowich,3170,rainier,,,62.2,,,,
2026-01-20,941:WA:SNTL,Mowich,3170,rainier,,,56.8,,,,
2026-01-21,941:WA:SNTL,Mowich,3170,rainier,,,52.9,,,,
2026-01-22,941:WA:SNTL,Mowich,3170,rainier,,,42.1,,,,
2026-01-23,941:WA:SNTL,Mowich,3170,rainier,,,42.8,,,,
2026-01-24,941:WA:SNTL,Mowich,3170,rainier,,,46.8,,,,
2026-01-25,941:WA:SNTL,Mowich,3170,rainier,,,49.1,,,,
2026-01-26,941:WA:SNTL,Mowich,3170,rainier,,,48.7,,,,
2026-01-27,941:WA:SNTL,Mowich,3170,rainier,,,53.6,,,,
2026-01-28,941:WA:SNTL,Mowich,3170,rainier,,,45.5,,,,
2026-01-29,941:WA:SNTL,Mowich,3170,rainier,,,49.5,,,,
2026-01-30,941:WA:SNTL,Mowich,3170,rainier,,,54.0,,,,
2026-01-31,941:WA:SNTL,Mowich,3170,rainier,,,59.7,,,,
2026-02-01,941:WA:SNTL,Mowich,3170,rainier,,,57.2,,,,
2026-02-02,941:WA:SNTL,Mowich,3170,rainier,,,45.1,,,,
2026-02-03,941:WA:SNTL,Mowich,3170,rainier,,,59.7,,,,
2026-02-04,941:WA:SNTL,Mowich,3170,rainier,,,69.1,,,,
2026-02-05,941:WA:SNTL,Mowich,3170,rainier,,,70.0,,,,
2026-02-06,941:WA:SNTL,Mowich,3170,rainier,,,63.9,,,,
2026-02-07,941:WA:SNTL,Mowich,3170,rainier,,,51.6,,,,
2026-02-08,941:WA:SNTL,Mowich,3170,rainier,,,41.2,,,,
2026-02-09,941:WA:SNTL,Mowich,3170,rainier,,,39.0,,,,
2026-02-10,941:WA:SNTL,Mowich,3170,rainier,,,49.3,,,,
2026-02-11,941:WA:SNTL,Mowich,3170,rainier,,,49.6,,,,
2026-02-12,941:WA:SNTL,Mowich,3170,rainier,,,51.3,,,,
2026-02-13,941:WA:SNTL,Mowich,3170,rainier,,,41.9,,,,
2026-02-14,941:WA:SNTL,Mowich,3170,rainier,,,38.5,,,,
2026-02-15,941:WA:SNTL,Mowich,3170,rainier,,,33.8,,,,
2026-02-16,941:WA:SNTL,Mowich,3170,rainier,,,32.5,,,,
2026-02-17,941:WA:SNTL,Mowich,3170,rainier,,,40.1,,,,
2026-02-18,941:WA:SNTL,Mowich,3170,rainier,,,32.5,,,,
2026-02-19,941:WA:SNTL,Mowich,3170,rainier,,,30.9,,,,
2026-02-20,941:WA:SNTL,Mowich,3170,rainier,,,35.6,,,,
2026-02-21,941:WA:SNTL,Mowich,3170,rainier,,,47.1,,,,
2026-02-22,941:WA:SNTL,Mowich,3170,rainier,,,50.4,,,,
2026-02-23,941:WA:SNTL,Mowich,3170,rainier,,,39.2,,,,
2026-02-24,941:WA:SNTL,Mowich,3170,rainier,,,34.5,,,,
2026-02-25,941:WA:SNTL,Mowich,3170,rainier,,,39.0,,,,
2026-02-26,941:WA:SNTL,Mowich,3170,rainier,,,44.4,,,,
2026-02-27,941:WA:SNTL,Mowich,3170,rainier,,,48.9,,,,
2026-02-28,941:WA:SNTL,Mowich,3170,rainier,,,50.4,,,,
2026-03-01,941:WA:SNTL,Mowich,3170,rainier,,,57.4,,,,
2026-03-02,941:WA:SNTL,Mowich,3170,rainier,,,55.4,,,,
2026-03-03,941:WA:SNTL,Mowich,3170,rainier,,,47.3,,,,
2026-03-04,941:WA:SNTL,Mowich,3170,rainier,,,44.6,,,,
2026-03-05,941:WA:SNTL,Mowich,3170,rainier,,,41.2,,,,
2026-03-06,941:WA:SNTL,Mowich,3170,rainier,,,42.8,,,,
2026-03-07,941:WA:SNTL,Mowich,3170,rainier,0.1,1.0,43.2,,39.7,1.8,35.0
2026-03-08,941:WA:SNTL,Mowich,3170,rainier,0.0,0.0,28.0,0.5,40.2,2.0,35.4
2026-03-09,941:WA:SNTL,Mowich,3170,rainier,0.3,4.0,25.0,0.4,40.6,2.0,35.8
2026-03-10,941:WA:SNTL,Mowich,3170,rainier,0.6,2.0,,0.4,41.0,1.4,35.9
2026-03-11,941:WA:SNTL,Mowich,3170,rainier,1.3,4.0,,1.6,42.6,1.2,36.0
2026-03-12,941:WA:SNTL,Mowich,3170,rainier,3.1,13.0,,1.2,43.8,1.0,36.0
2026-03-13,941:WA:SNTL,Mowich,3170,rainier,5.7,26.0,,2.9,46.7,0.4,36.3
2026-03-14,941:WA:SNTL,Mowich,3170,rainier,5.5,19.0,,0.5,47.2,0.6,36.8
2026-03-15,941:WA:SNTL,Mowich,3170,rainier,2.8,8.0,,0.3,47.5,0.6,37.4
2026-03-16,941:WA:SNTL,Mowich,3170,rainier,1.0,2.0,54.9,0.0,47.5,0.9,38.1
2026-03-17,941:WA:SNTL,Mowich,3170,rainier,0.1,1.0,50.0,1.3,48.8,0.7,38.5
2026-03-18,941:WA:SNTL,Mowich,3170,rainier,0.0,0.0,50.9,0.2,49.0,0.4,38.8
2026-03-19,941:WA:SNTL,Mowich,3170,rainier,0.0,0.0,51.1,0.7,49.7,0.2,39.0
2026-03-20,941:WA:SNTL,Mowich,3170,rainier,0.0,0.0,38.8,0.5,50.2,0.1,39.0
2026-03-21,941:WA:SNTL,Mowich,3170,rainier,0.0,0.0,29.7,0.0,50.2,0.1,39.2
2026-03-22,941:WA:SNTL,Mowich,3170,rainier,0.0,0.0,29.7,0.0,50.2,0.2,39.2
2026-03-23,941:WA:SNTL,Mowich,3170,rainier,0.0,0.0,48.2,0.1,50.3,0.1,39.2
2026-03-24,941:WA:SNTL,Mowich,3170,rainier,,,50.4,,,,
2026-03-25,941:WA:SNTL,Mowich,3170,rainier,,,42.3,,,,
2026-03-26,941:WA:SNTL,Mowich,3170,rainier,,,47.5,,,,
2026-03-27,941:WA:SNTL,Mowich,3170,rainier,,,57.2,,,,
2026-03-28,941:WA:SNTL,Mowich,3170,rainier,,,51.6,,,,
2026-03-29,941:WA:SNTL,Mowich,3170,rainier,,,39.4,,,,
2026-03-30,941:WA:SNTL,Mowich,3170,rainier,,,41.0,,,,
2026-03-31,941:WA:SNTL,Mowich,3170,rainier,,,51.8,,,,
2026-04-01,941:WA:SNTL,Mowich,3170,rainier,,,42.8,,,,
2026-04-02,941:WA:SNTL,Mowich,3170,rainier,,,36.3,,,,
2026-04-03,941:WA:SNTL,Mowich,3170,rainier,,,51.1,,,,
2026-04-04,941:WA:SNTL,Mowich,3170,rainier,,,62.4,,,,
2026-04-05,941:WA:SNTL,Mowich,3170,rainier,,,72.1,,,,
2026-04-06,941:WA:SNTL,Mowich,3170,rainier,,,69.1,,,,
2026-04-07,941:WA:SNTL,Mowich,3170,rainier,,,50.7,,,,
2026-04-08,941:WA:SNTL,Mowich,3170,rainier,,,57.2,,,,
2026-04-09,941:WA:SNTL,Mowich,3170,rainier,,,64.0,,,,
2026-04-10,941:WA:SNTL,Mowich,3170,rainier,,,59.5,,,,
2026-04-11,941:WA:SNTL,Mowich,3170,rainier,,,48.2,,,,
2026-04-12,941:WA:SNTL,Mowich,3170,rainier,,,52.0,,,,
2026-04-13,941:WA:SNTL,Mowich,3170,rainier,,,43.5,,,,
2026-04-14,941:WA:SNTL,Mowich,3170,rainier,,,38.8,,,,
2026-04-15,941:WA:SNTL,Mowich,3170,rainier,,,38.3,,,,
2026-04-16,941:WA:SNTL,Mowich,3170,rainier,,,41.0,,,,
2026-04-17,941:WA:SNTL,Mowich,3170,rainier,,,46.4,,,,
2026-04-18,941:WA:SNTL,Mowich,3170,rainier,,,64.9,,,,
2026-04-19,941:WA:SNTL,Mowich,3170,rainier,,,71.1,,,,
2026-04-20,941:WA:SNTL,Mowich,3170,rainier,,,73.0,,,,
2026-04-21,941:WA:SNTL,Mowich,3170,rainier,,,53.6,,,,
2026-04-22,941:WA:SNTL,Mowich,3170,rainier,,,41.5,,,,
2026-04-23,941:WA:SNTL,Mowich,3170,rainier,,,47.1,,,,
2026-04-24,941:WA:SNTL,Mowich,3170,rainier,,,50.7,,,,
2026-04-25,941:WA:SNTL,Mowich,3170,rainier,,,54.0,,,,
2026-04-26,941:WA:SNTL,Mowich,3170,rainier,,,57.4,,,,
2026-04-27,941:WA:SNTL,Mowich,3170,rainier,,,52.5,,,,
2026-04-28,941:WA:SNTL,Mowich,3170,rainier,,,43.7,,,,
2026-04-29,941:WA:SNTL,Mowich,3170,rainier,,,59.9,,,,
2026-04-30,941:WA:SNTL,Mowich,3170,rainier,,,68.2,,,,
2026-05-01,941:WA:SNTL,Mowich,3170,rainier,,,70.2,,,,
2026-05-02,941:WA:SNTL,Mowich,3170,rainier,,,72.9,,,,
2026-05-03,941:WA:SNTL,Mowich,3170,rainier,,,77.0,,,,
2026-05-04,941:WA:SNTL,Mowich,3170,rainier,,,71.6,,,,
2026-05-05,941:WA:SNTL,Mowich,3170,rainier,,,65.3,,,,
2026-05-06,941:WA:SNTL,Mowich,3170,rainier,,,61.2,,,,
2026-05-07,941:WA:SNTL,Mowich,3170,rainier,,,61.0,,,,
2026-05-08,941:WA:SNTL,Mowich,3170,rainier,,,56.7,,,,
2026-05-09,941:WA:SNTL,Mowich,3170,rainier,,,65.5,,,,
2026-05-10,941:WA:SNTL,Mowich,3170,rainier,,,58.3,,,,
2026-05-11,941:WA:SNTL,Mowich,3170,rainier,,,67.1,,,,
2026-05-12,941:WA:SNTL,Mowich,3170,rainier,,,78.4,,,,
2026-05-13,941:WA:SNTL,Mowich,3170,rainier,,,48.9,,,,
2026-05-14,941:WA:SNTL,Mowich,3170,rainier,,,47.7,,,,
2026-05-15,941:WA:SNTL,Mowich,3170,rainier,,,38.5,,,,
2026-05-16,941:WA:SNTL,Mowich,3170,rainier,,,41.4,,,,
2026-05-17,941:WA:SNTL,Mowich,3170,rainier,,,47.3,,,,
2026-05-18,941:WA:SNTL,Mowich,3170,rainier,,,56.5,,,,
2026-05-19,941:WA:SNTL,Mowich,3170,rainier,,,55.8,,,,
2026-05-20,941:WA:SNTL,Mowich,3170,rainier,,,53.1,,,,
2026-05-21,941:WA:SNTL,Mowich,3170,rainier,,,67.5,,,,
2026-05-22,941:WA:SNTL,Mowich,3170,rainier,,,69.1,,,,
2026-05-23,941:WA:SNTL,Mowich,3170,rainier,,,64.9,,,,
2026-05-24,941:WA:SNTL,Mowich,3170,rainier,,,68.0,,,,
2026-05-25,941:WA:SNTL,Mowich,3170,rainier,,,58.5,,,,
2026-05-26,941:WA:SNTL,Mowich,3170,rainier,,,49.8,,,,
2026-05-27,941:WA:SNTL,Mowich,3170,rainier,,,67.6,,,,
2026-05-28,941:WA:SNTL,Mowich,3170,rainier,,,71.2,,,,
2026-05-29,941:WA:SNTL,Mowich,3170,rainier,,,51.6,,,,
2026-05-30,941:WA:SNTL,Mowich,3170,rainier,,,51.8,,,,
2026-05-31,941:WA:SNTL,Mowich,3170,rainier,,,56.5,,,,
2026-06-01,941:WA:SNTL,Mowich,3170,rainier,,,68.2,,,,
2026-06-02,941:WA:SNTL,Mowich,3170,rainier,,,76.5,,,,
2026-06-03,941:WA:SNTL,Mowich,3170,rainier,,,63.7,,,,
2026-06-04,941:WA:SNTL,Mowich,3170,rainier,,,60.1,,,,
2026-06-05,941:WA:SNTL,Mowich,3170,rainier,,,54.0,,,,
2026-06-06,941:WA:SNTL,Mowich,3170,rainier,,,48.4,,,,
2026-06-07,941:WA:SNTL,Mowich,3170,rainier,,,55.2,,,,
2026-06-08,941:WA:SNTL,Mowich,3170,rainier,,,53.2,,,,
2026-06-09,941:WA:SNTL,Mowich,3170,rainier,,,49.6,,,,
2026-06-10,941:WA:SNTL,Mowich,3170,rainier,,,52.3,,,,
2026-06-11,941:WA:SNTL,Mowich,3170,rainier,,,65.1,,,,
2026-06-12,941:WA:SNTL,Mowich,3170,rainier,,,62.4,,,,
2026-06-13,941:WA:SNTL,Mowich,3170,rainier,,,73.9,,,,
2026-06-14,941:WA:SNTL,Mowich,3170,rainier,,,77.4,,,,
2026-06-15,941:WA:SNTL,Mowich,3170,rainier,,,83.7,,,,
2026-06-16,941:WA:SNTL,Mowich,3170,rainier,,,69.8,,,,
2026-06-17,941:WA:SNTL,Mowich,3170,rainier,,,63.3,,,,
2026-06-18,941:WA:SNTL,Mowich,3170,rainier,,,70.9,,,,
2026-06-19,941:WA:SNTL,Mowich,3170,rainier,,,77.0,,,,
2026-06-20,941:WA:SNTL,Mowich,3170,rainier,,,65.1,,,,
2026-06-21,941:WA:SNTL,Mowich,3170,rainier,,,67.1,,,,
2026-06-22,941:WA:SNTL,Mowich,3170,rainier,,,74.7,,,,
2026-06-23,941:WA:SNTL,Mowich,3170,rainier,,,80.1,,,,
2026-06-24,941:WA:SNTL,Mowich,3170,rainier,,,78.6,,,,
2026-06-25,941:WA:SNTL,Mowich,3170,rainier,,,62.8,,,,
2026-06-26,941:WA:SNTL,Mowich,3170,rainier,,,62.4,,,,
2026-06-27,941:WA:SNTL,Mowich,3170,rainier,,,51.8,,,,
2026-06-28,941:WA:SNTL,Mowich,3170,rainier,,,56.3,,,,
2026-06-29,941:WA:SNTL,Mowich,3170,rainier,,,49.1,,,,
2026-06-30,941:WA:SNTL,Mowich,3170,rainier,,,48.4,,,,
2026-07-01,941:WA:SNTL,Mowich,3170,rainier,,,54.1,,,,
2026-07-02,941:WA:SNTL,Mowich,3170,rainier,,,66.2,,,,
2026-07-03,941:WA:SNTL,Mowich,3170,rainier,,,64.4,,,,
2026-07-04,941:WA:SNTL,Mowich,3170,rainier,,,66.6,,,,
2026-07-05,941:WA:SNTL,Mowich,3170,rainier,0.0,0.0,68.0,,,0.0,
2026-07-06,941:WA:SNTL,Mowich,3170,rainier,0.0,0.0,78.4,,,0.0,
2026-07-07,941:WA:SNTL,Mowich,3170,rainier,0.0,0.0,72.5,,,0.0,
2026-07-08,941:WA:SNTL,Mowich,3170,rainier,0.0,0.0,66.2,,,0.0,
2026-07-09,941:WA:SNTL,Mowich,3170,rainier,0.0,0.0,69.1,,,0.0,
2026-07-10,941:WA:SNTL,Mowich,3170,rainier,0.0,0.0,65.8,,,0.0,
2026-07-11,941:WA:SNTL,Mowich,3170,rainier,0.0,0.0,64.8,,,0.0,
2026-07-12,941:WA:SNTL,Mowich,3170,rainier,0.0,0.0,63.9,,,0.0,
2026-07-13,941:WA:SNTL,Mowich,3170,rainier,0.0,0.0,72.7,,,0.0,
2026-07-14,941:WA:SNTL,Mowich,3170,rainier,0.0,0.0,76.5,,,0.0,
2026-07-15,941:WA:SNTL,Mowich,3170,rainier,0.0,0.0,77.7,,,0.0,
2026-07-16,941:WA:SNTL,Mowich,3170,rainier,0.0,0.0,64.6,,,0.0,
2026-07-17,941:WA:SNTL,Mowich,3170,rainier,0.0,0.0,54.7,,,0.0,
2026-07-18,941:WA:SNTL,Mowich,3170,rainier,0.0,0.0,64.9,,,0.0,
2026-07-19,941:WA:SNTL,Mowich,3170,rainier,0.0,0.0,70.3,,,0.0,
2026-07-20,941:WA:SNTL,Mowich,3170,rainier,0.0,0.0,76.8,,,0.0,
2026-07-21,941:WA:SNTL,Mowich,3170,rainier,0.0,0.0,86.7,,,0.0,
2026-07-22,941:WA:SNTL,Mowich,3170,rainier,0.0,0.0,91.0,,,0.0,
2026-07-23,941:WA:SNTL,Mowich,3170,rainier,0.0,0.0,65.5,,,0.0,
2026-07-24,941:WA:SNTL,Mowich,3170,rainier,0.0,0.0,77.9,,,0.0,
2026-07-25,941:WA:SNTL,Mowich,3170,rainier,0.0,0.0,63.3,,,0.0,
2026-07-26,941:WA:SNTL,Mowich,3170,rainier,0.0,0.0,66.4,,,0.0,
2026-07-27,941:WA:SNTL,Mowich,3170,rainier,0.0,0.0,71.4,,,0.0,
2026-07-28,941:WA:SNTL,Mowich,3170,rainier,0.0,0.0,68.7,,,0.0,
2026-07-29,941:WA:SNTL,Mowich,3170,rainier,0.0,0.0,68.7,,,0.0,
2026-07-30,941:WA:SNTL,Mowich,3170,rainier,0.0,0.0,72.3,,,0.0,
2026-07-31,941:WA:SNTL,Mowich,3170,rainier,0.0,0.0,77.5,,,0.0,
2026-08-01,941:WA:SNTL,Mowich,3170,rainier,0.0,0.0,68.2,,,0.0,
2026-08-02,941:WA:SNTL,Mowich,3170,rainier,0.0,0.0,57.7,,,0.0,
2026-08-03,941:WA:SNTL,Mowich,3170,rainier,0.0,0.0,68.2,,,0.0,
2026-08-04,941:WA:SNTL,Mowich,3170,rainier,0.0,0.0,76.1,,,0.0,
2026-08-05,941:WA:SNTL,Mowich,3170,rainier,0.0,0.0,83.5,,,0.0,
2026-08-06,941:WA:SNTL,Mowich,3170,rainier,0.0,0.0,82.2,,,0.0,
2026-08-07,941:WA:SNTL,Mowich,3170,rainier,0.0,0.0,80.2,,,0.0,
2026-08-08,941:WA:SNTL,Mowich,3170,rainier,0.0,0.0,75.6,,,0.0,
2026-08-09,941:WA:SNTL,Mowich,3170,rainier,0.0,0.0,71.1,,,0.0,
2026-08-10,941:WA:SNTL,Mowich,3170,rainier,0.0,0.0,69.1,,,0.0,
2026-08-11,941:WA:SNTL,Mowich,3170,rainier,0.0,0.0,68.9,,,0.0,
2026-08-12,941:WA:SNTL,Mowich,3170,rainier,0.0,0.0,67.3,,,0.0,
2026-08-13,941:WA:SNTL,Mowich,3170,rainier,0.0,0.0,59.0,,,0.0,
2026-08-14,941:WA:SNTL,Mowich,3170,rainier,0.0,0.0,55.6,,,0.0,
2026-08-15,941:WA:SNTL,Mowich,3170,rainier,0.0,0.0,54.7,,,0.0,
2026-08-16,941:WA:SNTL,Mowich,3170,rainier,0.0,0.0,56.5,,,0.0,
2026-08-17,941:WA:SNTL,Mowich,3170,rainier,0.0,0.0,57.2,,,0.0,
2026-08-18,941:WA:SNTL,Mowich,3170,rainier,0.0,0.0,56.7,,,0.0,
2026-08-19,941:WA:SNTL,Mowich,3170,rainier,0.0,0.0,58.8,,,0.0,
2026-08-20,941:WA:SNTL,Mowich,3170,rainier,0.0,0.0,66.7,,,0.0,
2026-08-21,941:WA:SNTL,Mowich,3170,rainier,0.0,0.0,62.2,,,0.0,
2026-08-22,941:WA:SNTL,Mowich,3170,rainier,0.0,0.0,52.2,,,0.0,
2026-08-23,941:WA:SNTL,Mowich,3170,rainier,0.0,0.0,51.3,,,0.0,
2026-08-24,941:WA:SNTL,Mowich,3170,rainier,0.0,0.0,68.2,,,0.0,
2026-08-25,941:WA:SNTL,Mowich,3170,rainier,0.0,0.0,55.0,,,0.0,
2026-08-26,941:WA:SNTL,Mowich,3170,rainier,0.0,0.0,55.0,,,0.0,
2026-08-27,941:WA:SNTL,Mowich,3170,rainier,0.0,0.0,51.3,,,0.0,
2026-08-28,941:WA:SNTL,Mowich,3170,rainier,0.0,0.0,48.2,,,0.0,
2026-08-29,941:WA:SNTL,Mowich,3170,rainier,0.0,0.0,43.7,,,0.0,
2026-08-30,941:WA:SNTL,Mowich,3170,rainier,0.0,0.0,49.1,,,0.0,
2026-08-31,941:WA:SNTL,Mowich,3170,rainier,0.0,0.0,58.6,,,0.0,
2026-09-01,941:WA:SNTL,Mowich,3170,rainier,0.0,0.0,49.3,,,0.0,
2026-09-02,941:WA:SNTL,Mowich,3170,rainier,0.0,0.0,46.0,,,0.0,
2026-09-03,941:WA:SNTL,Mowich,3170,rainier,0.0,0.0,43.7,,,0.0,
2026-09-04,941:WA:SNTL,Mowich,3170,rainier,0.0,0.0,45.5,,,0.0,
2026-09-05,941:WA:SNTL,Mowich,3170,rainier,0.0,0.0,48.4,,,0.0,
2026-09-06,941:WA:SNTL,Mowich,3170,rainier,0.0,0.0,49.3,,,0.0,
2026-09-07,941:WA:SNTL,Mowich,3170,rainier,0.0,0.0,46.9,,,0.0,
2026-09-08,941:WA:SNTL,Mowich,3170,rainier,0.0,0.0,56.8,,,0.0,
2026-09-09,941:WA:SNTL,Mowich,3170,rainier,0.0,0.0,59.4,,,0.0,
2026-09-10,941:WA:SNTL,Mowich,3170,rainier,0.0,0.0,46.2,,,0.0,
2026-09-11,941:WA:SNTL,Mowich,3170,rainier,0.0,0.0,46.2,,,0.0,
2026-09-12,941:WA:SNTL,Mowich,3170,rainier,0.0,0.0,45.5,,,0.0,
2026-09-13,941:WA:SNTL,Mowich,3170,rainier,0.0,0.0,46.6,,,0.0,
2026-09-14,941:WA:SNTL,Mowich,3170,rainier,0.0,0.0,46.6,,,0.0,
2026-09-15,941:WA:SNTL,Mowich,3170,rainier,0.0,0.0,45.0,,,0.0,
2026-09-16,941:WA:SNTL,Mowich,3170,rainier,0.0,0.0,54.7,,,0.0,
2026-09-17,941:WA:SNTL,Mowich,3170,rainier,0.0,0.0,55.6,,,0.0,
2026-09-18,941:WA:SNTL,Mowich,3170,rainier,0.0,0.0,49.6,,,0.0,
2026-09-19,941:WA:SNTL,Mowich,3170,rainier,0.0,0.0,58.5,,,0.0,
2026-09-20,941:WA:SNTL,Mowich,3170,rainier,0.0,0.0,57.0,,,0.0,
2026-09-21,941:WA:SNTL,Mowich,3170,rainier,0.0,0.0,50.0,,,0.0,
2026-09-22,941:WA:SNTL,Mowich,3170,rainier,0.0,0.0,46.0,,,0.0,
2026-09-23,941:WA:SNTL,Mowich,3170,rainier,0.0,0.0,45.7,,,0.0,
2026-09-24,941:WA:SNTL,Mowich,3170,rainier,0.0,0.0,48.6,,,0.0,
2026-09-25,941:WA:SNTL,Mowich,3170,rainier,0.4,0.0,40.1,,,0.0,
2026-09-26,941:WA:SNTL,Mowich,3170,rainier,0.3,0.0,42.4,,,0.0,
2026-09-27,941:WA:SNTL,Mowich,3170,rainier,0.3,0.0,47.1,,,0.0,
2026-09-28,941:WA:SNTL,Mowich,3170,rainier,0.3,0.0,53.6,,,0.0,
2026-09-29,941:WA:SNTL,Mowich,3170,rainier,0.4,0.0,48.4,,,0.0,
2026-09-30,941:WA:SNTL,Mowich,3170,rainier,0.3,0.0,48.4,,,0.0,
2025-10-01,928:WA:SNTL,Huckleberry Creek,2250,rainier,0.0,0.0,39.7,0.0,0.0,0.0,0.0
2025-10-02,928:WA:SNTL,Huckleberry Creek,2250,rainier,0.0,0.0,46.0,0.0,0.0,0.0,0.1
2025-10-03,928:WA:SNTL,Huckleberry Creek,2250,rainier,0.0,0.0,49.3,0.0,0.0,0.0,0.1
2025-10-04,928:WA:SNTL,Huckleberry Creek,2250,rainier,0.0,0.0,43.9,0.1,0.1,0.0,0.1
2025-10-05,928:WA:SNTL,Huckleberry Creek,2250,rainier,0.0,0.0,39.7,0.1,0.2,0.0,0.2
2025-10-06,928:WA:SNTL,Huckleberry Creek,2250,rainier,0.0,0.0,44.6,0.0,0.2,0.0,0.3
2025-10-07,928:WA:SNTL,Huckleberry Creek,2250,rainier,0.0,0.0,42.3,0.0,0.2,0.0,0.4
2025-10-08,928:WA:SNTL,Huckleberry Creek,2250,rainier,0.0,0.0,42.3,0.0,0.2,0.0,0.6
2025-10-09,928:WA:SNTL,Huckleberry Creek,2250,rainier,0.0,0.0,48.0,0.1,0.3,0.0,0.6
2025-10-10,928:WA:SNTL,Huckleberry Creek,2250,rainier,0.0,0.0,45.0,0.1,0.4,0.0,0.9
2025-10-11,928:WA:SNTL,Huckleberry Creek,2250,rainier,0.0,0.0,40.8,0.2,0.6,0.0,0.9
2025-10-12,928:WA:SNTL,Huckleberry Creek,2250,rainier,0.0,0.0,34.7,0.2,0.8,0.0,1.0
2025-10-13,928:WA:SNTL,Huckleberry Creek,2250,rainier,0.0,0.0,31.3,0.3,1.1,0.0,1.1
2025-10-14,928:WA:SNTL,Huckleberry Creek,2250,rainier,0.0,0.0,29.3,0.0,1.1,0.0,1.1
2025-10-15,928:WA:SNTL,Huckleberry Creek,2250,rainier,0.0,0.0,30.9,0.0,1.1,0.0,1.3
2025-10-16,928:WA:SNTL,Huckleberry Creek,2250,rainier,0.0,0.0,42.1,0.0,1.1,0.0,1.4
2025-10-17,928:WA:SNTL,Huckleberry Creek,2250,rainier,0.0,0.0,36.9,0.0,1.1,0.0,1.4
2025-10-18,928:WA:SNTL,Huckleberry Creek,2250,rainier,0.0,0.0,44.8,0.5,1.6,0.0,1.6
2025-10-19,928:WA:SNTL,Huckleberry Creek,2250,rainier,0.0,0.0,41.5,1.0,2.6,0.0,1.6
2025-10-20,928:WA:SNTL,Huckleberry Creek,2250,rainier,0.0,0.0,36.3,0.1,2.7,0.0,1.6
2025-10-21,928:WA:SNTL,Huckleberry Creek,2250,rainier,0.0,0.0,36.7,0.0,2.7,0.0,1.6
2025-10-22,928:WA:SNTL,Huckleberry Creek,2250,rainier,0.0,0.0,42.3,0.0,2.7,0.0,2.0
2025-10-23,928:WA:SNTL,Huckleberry Creek,2250,rainier,0.0,0.0,36.5,0.0,2.7,0.0,2.1
2025-10-24,928:WA:SNTL,Huckleberry Creek,2250,rainier,0.0,0.0,37.2,0.6,3.3,0.0,2.1
2025-10-25,928:WA:SNTL,Huckleberry Creek,2250,rainier,0.0,0.0,37.9,0.3,3.6,0.0,2.3
2025-10-26,928:WA:SNTL,Huckleberry Creek,2250,rainier,0.0,0.0,35.4,0.3,3.9,0.0,2.7
2025-10-27,928:WA:SNTL,Huckleberry Creek,2250,rainier,0.0,0.0,30.2,0.2,4.1,0.0,2.9
2025-10-28,928:WA:SNTL,Huckleberry Creek,2250,rainier,0.0,0.0,45.7,0.2,4.3,0.0,3.2
2025-10-29,928:WA:SNTL,Huckleberry Creek,2250,rainier,0.0,0.0,30.4,0.6,4.9,0.0,3.2
2025-10-30,928:WA:SNTL,Huckleberry Creek,2250,rainier,0.0,0.0,31.8,0.0,4.9,0.0,3.4
2025-10-31,928:WA:SNTL,Huckleberry Creek,2250,rainier,0.0,0.0,45.3,0.5,5.4,0.0,3.8
2025-11-01,928:WA:SNTL,Huckleberry Creek,2250,rainier,0.0,0.0,40.6,1.0,6.4,0.0,4.0
2025-11-02,928:WA:SNTL,Huckleberry Creek,2250,rainier,0.0,0.0,36.1,0.2,6.6,0.0,4.3
2025-11-03,928:WA:SNTL,Huckleberry Creek,2250,rainier,0.0,0.0,37.9,0.0,6.6,0.0,4.3
2025-11-04,928:WA:SNTL,Huckleberry Creek,2250,rainier,0.0,0.0,44.1,0.1,6.7,0.0,4.4
2025-11-05,928:WA:SNTL,Huckleberry Creek,2250,rainier,0.0,0.0,44.4,0.7,7.4,0.0,4.6
2025-11-06,928:WA:SNTL,Huckleberry Creek,2250,rainier,0.0,0.0,41.0,0.8,8.2,0.0,4.6
2025-11-07,928:WA:SNTL,Huckleberry Creek,2250,rainier,0.0,0.0,33.3,0.2,8.4,0.0,4.6
2025-11-08,928:WA:SNTL,Huckleberry Creek,2250,rainier,0.0,0.0,35.6,0.0,8.4,0.0,4.6
2025-11-09,928:WA:SNTL,Huckleberry Creek,2250,rainier,0.0,0.0,38.5,0.0,8.4,0.0,4.7
2025-11-10,928:WA:SNTL,Huckleberry Creek,2250,rainier,0.0,0.0,42.3,0.0,8.4,0.0,5.0
2025-11-11,928:WA:SNTL,Huckleberry Creek,2250,rainier,0.0,0.0,39.0,0.0,8.4,0.0,5.0
2025-11-12,928:WA:SNTL,Huckleberry Creek,2250,rainier,0.0,0.0,45.1,0.0,8.4,0.0,5.7
2025-11-13,928:WA:SNTL,Huckleberry Creek,2250,rainier,0.0,0.0,47.1,0.5,8.9,0.0,5.8
2025-11-14,928:WA:SNTL,Huckleberry Creek,2250,rainier,0.0,0.0,45.7,0.1,9.0,0.0,6.3
2025-11-15,928:WA:SNTL,Huckleberry Creek,2250,rainier,0.0,0.0,44.6,0.1,9.1,0.0,6.6
2025-11-16,928:WA:SNTL,Huckleberry Creek,2250,rainier,0.0,0.0,47.3,0.1,9.2,0.0,6.6
2025-11-17,928:WA:SNTL,Huckleberry Creek,2250,rainier,0.0,0.0,34.9,0.2,9.4,0.0,7.2
2025-11-18,928:WA:SNTL,Huckleberry Creek,2250,rainier,0.0,0.0,32.4,0.0,9.4,0.0,7.4
2025-11-19,928:WA:SNTL,Huckleberry Creek,2250,rainier,0.0,0.0,37.0,0.0,9.4,0.0,7.5
2025-11-20,928:WA:SNTL,Huckleberry Creek,2250,rainier,0.0,0.0,32.5,0.0,9.4,0.0,7.5
2025-11-21,928:WA:SNTL,Huckleberry Creek,2250,rainier,0.0,0.0,35.1,0.0,9.4,0.0,8.0
2025-11-22,928:WA:SNTL,Huckleberry Creek,2250,rainier,0.0,0.0,42.8,0.0,9.4,0.1,8.5
2025-11-23,928:WA:SNTL,Huckleberry Creek,2250,rainier,0.0,0.0,36.1,0.3,9.7,0.1,8.6
2025-11-24,928:WA:SNTL,Huckleberry Creek,2250,rainier,0.0,0.0,29.5,0.1,9.8,0.0,8.7
2025-11-25,928:WA:SNTL,Huckleberry Creek,2250,rainier,0.0,0.0,36.0,0.6,10.4,0.0,9.3
2025-11-26,928:WA:SNTL,Huckleberry Creek,2250,rainier,0.0,0.0,38.8,0.0,10.4,0.2,9.5
2025-11-27,928:WA:SNTL,Huckleberry Creek,2250,rainier,0.0,0.0,38.3,0.8,11.2,0.1,9.5
2025-11-28,928:WA:SNTL,Huckleberry Creek,2250,rainier,0.0,0.0,31.6,0.3,11.5,0.2,10.2
2025-11-29,928:WA:SNTL,Huckleberry Creek,2250,rainier,0.0,0.0,28.8,0.0,11.5,0.2,10.4
2025-11-30,928:WA:SNTL,Huckleberry Creek,2250,rainier,0.1,0.0,26.2,0.0,11.5,0.2,10.6
2025-12-01,928:WA:SNTL,Huckleberry Creek,2250,rainier,0.3,0.0,34.2,0.0,11.5,0.3,10.8
2025-12-02,928:WA:SNTL,Huckleberry Creek,2250,rainier,0.0,0.0,30.9,0.1,11.6,0.3,10.8
2025-12-03,928:WA:SNTL,Huckleberry Creek,2250,rainier,0.0,0.0,32.4,0.0,11.6,0.3,10.8
2025-12-04,928:WA:SNTL,Huckleberry Creek,2250,rainier,0.0,0.0,40.1,0.7,12.3,0.3,10.8
2025-12-05,928:WA:SNTL,Huckleberry Creek,2250,rainier,0.0,0.0,45.3,0.5,12.8,0.4,10.8
2025-12-06,928:WA:SNTL,Huckleberry Creek,2250,rainier,0.0,0.0,40.5,0.4,13.2,0.3,10.8
2025-12-07,928:WA:SNTL,Huckleberry Creek,2250,rainier,0.0,0.0,44.4,0.5,13.7,0.4,10.8
2025-12-08,928:WA:SNTL,Huckleberry Creek,2250,rainier,0.0,0.0,45.9,2.8,16.5,0.3,10.8
2025-12-09,928:WA:SNTL,Huckleberry Creek,2250,rainier,0.0,0.0,43.7,1.2,17.7,0.3,11.5
2025-12-10,928:WA:SNTL,Huckleberry Creek,2250,rainier,0.0,0.0,51.6,1.9,19.6,0.3,11.6
2025-12-11,928:WA:SNTL,Huckleberry Creek,2250,rainier,0.0,0.0,46.9,1.6,21.2,0.3,12.2
2025-12-12,928:WA:SNTL,Huckleberry Creek,2250,rainier,0.0,0.0,49.3,0.0,21.2,0.5,12.7
2025-12-13,928:WA:SNTL,Huckleberry Creek,2250,rainier,0.0,0.0,40.6,0.0,21.2,0.5,13.8
2025-12-14,928:WA:SNTL,Huckleberry Creek,2250,rainier,0.0,0.0,47.8,0.0,21.2,0.7,14.0
2025-12-15,928:WA:SNTL,Huckleberry Creek,2250,rainier,0.0,0.0,43.3,1.3,22.5,0.5,14.0
2025-12-16,928:WA:SNTL,Huckleberry Creek,2250,rainier,0.0,0.0,44.4,0.9,23.4,0.5,14.0
2025-12-17,928:WA:SNTL,Huckleberry Creek,2250,rainier,0.0,0.0,33.3,0.8,24.2,0.6,14.0
2025-12-18,928:WA:SNTL,Huckleberry Creek,2250,rainier,0.0,0.0,35.4,1.9,26.1,0.5,14.0
2025-12-19,928:WA:SNTL,Huckleberry Creek,2250,rainier,0.0,0.0,32.5,0.5,26.6,0.5,14.1
2025-12-20,928:WA:SNTL,Huckleberry Creek,2250,rainier,0.2,2.0,31.5,0.3,26.9,0.6,14.3
2025-12-21,928:WA:SNTL,Huckleberry Creek,2250,rainier,0.3,2.0,34.7,0.1,27.0,0.7,14.3
2025-12-22,928:WA:SNTL,Huckleberry Creek,2250,rainier,0.6,2.0,33.8,0.4,27.4,0.8,14.3
2025-12-23,928:WA:SNTL,Huckleberry Creek,2250,rainier,0.6,2.0,33.1,0.0,27.4,1.0,14.5
2025-12-24,928:WA:SNTL,Huckleberry Creek,2250,rainier,0.3,2.0,31.1,0.5,27.9,1.0,14.6
2025-12-25,928:WA:SNTL,Huckleberry Creek,2250,rainier,0.2,1.0,32.0,0.1,28.0,0.9,14.7
2025-12-26,928:WA:SNTL,Huckleberry Creek,2250,rainier,0.5,4.0,32.7,0.3,28.3,1.0,14.9
2025-12-27,928:WA:SNTL,Huckleberry Creek,2250,rainier,0.6,3.0,28.9,0.1,28.4,1.0,15.4
2025-12-28,928:WA:SNTL,Huckleberry Creek,2250,rainier,0.6,2.0,32.2,0.0,28.4,1.1,15.7
2025-12-29,928:WA:SNTL,Huckleberry Creek,2250,rainier,0.6,2.0,29.3,0.1,28.5,0.9,16.7
2025-12-30,928:WA:SNTL,Huckleberry Creek,2250,rainier,0.5,2.0,27.0,0.0,28.5,0.9,16.9
2025-12-31,928:WA:SNTL,Huckleberry Creek,2250,rainier,0.6,2.0,28.6,0.0,28.5,1.0,16.9
2026-01-01,928:WA:SNTL,Huckleberry Creek,2250,rainier,0.7,3.0,33.4,0.2,28.7,1.1,16.9
2026-01-02,928:WA:SNTL,Huckleberry Creek,2250,rainier,0.4,1.0,36.0,0.2,28.9,1.1,16.9
2026-01-03,928:WA:SNTL,Huckleberry Creek,2250,rainier,0.3,0.0,38.3,0.1,29.0,1.0,16.9
2026-01-04,928:WA:SNTL,Huckleberry Creek,2250,rainier,0.0,0.0,31.8,0.3,29.3,1.1,16.9
2026-01-05,928:WA:SNTL,Huckleberry Creek,2250,rainier,0.0,0.0,30.6,0.1,29.4,1.0,16.9
2026-01-06,928:WA:SNTL,Huckleberry Creek,2250,rainier,0.6,2.0,32.2,1.2,30.6,1.1,17.3
2026-01-07,928:WA:SNTL,Huckleberry Creek,2250,rainier,0.7,3.0,31.1,0.2,30.8,1.1,17.6
2026-01-08,928:WA:SNTL,Huckleberry Creek,2250,rainier,0.8,4.0,32.4,0.1,30.9,1.5,17.7
2026-01-09,928:WA:SNTL,Huckleberry Creek,2250,rainier,0.8,3.0,32.0,0.0,30.9,1.4,18.5
2026-01-10,928:WA:SNTL,Huckleberry Creek,2250,rainier,0.8,3.0,32.2,0.0,30.9,1.4,18.6
2026-01-11,928:WA:SNTL,Huckleberry Creek,2250,rainier,0.6,2.0,38.7,0.2,31.1,1.5,18.6
2026-01-12,928:WA:SNTL,Huckleberry Creek,2250,rainier,0.2,0.0,42.1,0.0,31.1,1.5,18.8
2026-01-13,928:WA:SNTL,Huckleberry Creek,2250,rainier,0.0,0.0,32.4,0.2,31.3,1.6,19.0
2026-01-14,928:WA:SNTL,Huckleberry Creek,2250,rainier,0.3,0.0,36.1,0.0,31.3,1.5,19.4
2026-01-15,928:WA:SNTL,Huckleberry Creek,2250,rainier,0.5,0.0,29.8,0.0,31.3,1.4,20.2
2026-01-16,928:WA:SNTL,Huckleberry Creek,2250,rainier,0.6,1.0,30.4,0.0,31.3,1.4,20.2
2026-01-17,928:WA:SNTL,Huckleberry Creek,2250,rainier,0.6,1.0,28.8,0.0,31.3,1.7,20.2
2026-01-18,928:WA:SNTL,Huckleberry Creek,2250,rainier,0.6,1.0,29.5,0.0,31.3,1.7,20.4
2026-01-19,928:WA:SNTL,Huckleberry Creek,2250,rainier,0.6,1.0,28.9,0.0,31.3,1.5,20.8
2026-01-20,928:WA:SNTL,Huckleberry Creek,2250,rainier,0.6,1.0,27.3,0.0,31.3,1.9,21.7
2026-01-21,928:WA:SNTL,Huckleberry Creek,2250,rainier,0.6,1.0,25.2,0.0,31.3,2.2,21.7
2026-01-22,928:WA:SNTL,Huckleberry Creek,2250,rainier,0.7,1.0,28.4,0.0,31.3,2.2,21.8
2026-01-23,928:WA:SNTL,Huckleberry Creek,2250,rainier,0.6,2.0,21.0,0.0,31.3,2.0,21.9
2026-01-24,928:WA:SNTL,Huckleberry Creek,2250,rainier,0.6,2.0,20.3,0.0,31.3,2.1,21.9
2026-01-25,928:WA:SNTL,Huckleberry Creek,2250,rainier,0.6,1.0,21.9,0.0,31.3,2.1,22.1
2026-01-26,928:WA:SNTL,Huckleberry Creek,2250,rainier,0.7,1.0,29.1,0.0,31.3,2.1,22.4
2026-01-27,928:WA:SNTL,Huckleberry Creek,2250,rainier,0.7,1.0,37.4,0.0,31.3,2.2,23.1
2026-01-28,928:WA:SNTL,Huckleberry Creek,2250,rainier,0.6,1.0,36.3,0.1,31.4,2.4,23.4
2026-01-29,928:WA:SNTL,Huckleberry Creek,2250,rainier,0.5,0.0,40.6,0.3,31.7,2.4,24.1
2026-01-30,928:WA:SNTL,Huckleberry Creek,2250,rainier,0.5,0.0,38.8,0.3,32.0,2.4,24.5
2026-01-31,928:WA:SNTL,Huckleberry Creek,2250,rainier,0.3,0.0,34.0,0.1,32.1,1.9,24.8
2026-02-01,928:WA:SNTL,Huckleberry Creek,2250,rainier,0.2,0.0,34.3,0.4,32.5,1.8,24.8
2026-02-02,928:WA:SNTL,Huckleberry Creek,2250,rainier,0.3,0.0,39.4,0.4,32.9,1.9,24.8
2026-02-03,928:WA:SNTL,Huckleberry Creek,2250,rainier,0.2,0.0,42.3,0.0,32.9,1.9,24.8
2026-02-04,928:WA:SNTL,Huckleberry Creek,2250,rainier,0.1,0.0,34.0,0.1,33.0,1.8,24.9
2026-02-05,928:WA:SNTL,Huckleberry Creek,2250,rainier,0.0,0.0,34.5,0.0,33.0,2.1,24.9
2026-02-06,928:WA:SNTL,Huckleberry Creek,2250,rainier,0.0,0.0,35.4,0.0,33.0,2.1,24.9
2026-02-07,928:WA:SNTL,Huckleberry Creek,2250,rainier,0.0,0.0,41.2,0.2,33.2,1.7,24.9
2026-02-08,928:WA:SNTL,Huckleberry Creek,2250,rainier,0.0,0.0,36.7,0.0,33.2,1.7,25.4
2026-02-09,928:WA:SNTL,Huckleberry Creek,2250,rainier,0.0,0.0,30.7,0.1,33.3,1.7,25.6
2026-02-10,928:WA:SNTL,Huckleberry Creek,2250,rainier,0.0,0.0,29.3,0.1,33.4,1.6,25.9
2026-02-11,928:WA:SNTL,Huckleberry Creek,2250,rainier,0.0,0.0,28.8,0.0,33.4,1.9,26.0
2026-02-12,928:WA:SNTL,Huckleberry Creek,2250,rainier,0.0,0.0,30.0,0.0,33.4,2.0,26.1
2026-02-13,928:WA:SNTL,Huckleberry Creek,2250,rainier,0.1,0.0,34.9,0.0,33.4,1.8,26.1
2026-02-14,928:WA:SNTL,Huckleberry Creek,2250,rainier,0.1,0.0,32.2,0.2,33.6,1.8,26.1
2026-02-15,928:WA:SNTL,Huckleberry Creek,2250,rainier,0.1,0.0,33.1,0.0,33.6,1.8,26.3
2026-02-16,928:WA:SNTL,Huckleberry Creek,2250,rainier,0.1,0.0,26.4,0.2,33.8,1.3,26.3
2026-02-17,928:WA:SNTL,Huckleberry Creek,2250,rainier,0.1,0.0,30.7,0.0,33.8,1.9,26.3
2026-02-18,928:WA:SNTL,Huckleberry Creek,2250,rainier,0.1,0.0,27.3,0.0,33.8,2.0,26.3
2026-02-19,928:WA:SNTL,Huckleberry Creek,2250,rainier,0.1,0.0,25.0,0.0,33.8,1.7,26.3
2026-02-20,928:WA:SNTL,Huckleberry Creek,2250,rainier,0.0,0.0,26.4,0.0,33.8,1.5,26.5
2026-02-21,928:WA:SNTL,Huckleberry Creek,2250,rainier,0.1,0.0,36.1,0.0,33.8,1.6,27.4
2026-02-22,928:WA:SNTL,Huckleberry Creek,2250,rainier,0.0,0.0,36.9,0.0,33.8,1.7,27.5
2026-02-23,928:WA:SNTL,Huckleberry Creek,2250,rainier,0.0,0.0,32.4,0.7,34.5,1.8,27.7
2026-02-24,928:WA:SNTL,Huckleberry Creek,2250,rainier,0.0,0.0,31.6,0.1,34.6,2.3,28.0
2026-02-25,928:WA:SNTL,Huckleberry Creek,2250,rainier,0.0,0.0,30.7,0.1,34.7,2.5,28.2
2026-02-26,928:WA:SNTL,Huckleberry Creek,2250,rainier,0.0,0.0,30.4,0.0,34.7,2.1,28.3
2026-02-27,928:WA:SNTL,Huckleberry Creek,2250,rainier,0.0,0.0,33.8,0.0,34.7,2.0,28.4
2026-02-28,928:WA:SNTL,Huckleberry Creek,2250,rainier,0.0,0.0,29.7,0.0,34.7,2.7,28.4
2026-03-01,928:WA:SNTL,Huckleberry Creek,2250,rainier,0.0,0.0,28.9,0.0,34.7,2.2,28.4
2026-03-02,928:WA:SNTL,Huckleberry Creek,2250,rainier,0.0,0.0,37.4,0.0,34.7,2.3,28.6
2026-03-03,928:WA:SNTL,Huckleberry Creek,2250,rainier,0.0,0.0,39.9,0.0,34.7,2.2,28.7
2026-03-04,928:WA:SNTL,Huckleberry Creek,2250,rainier,0.0,0.0,38.5,0.2,34.9,2.0,28.8
2026-03-05,928:WA:SNTL,Huckleberry Creek,2250,rainier,0.0,0.0,38.5,0.0,34.9,1.7,28.8
2026-03-06,928:WA:SNTL,Huckleberry Creek,2250,rainier,0.0,0.0,44.4,0.1,35.0,1.6,29.0
2026-03-07,928:WA:SNTL,Huckleberry Creek,2250,rainier,0.0,0.0,41.2,0.1,35.1,1.6,29.0
2026-03-08,928:WA:SNTL,Huckleberry Creek,2250,rainier,0.0,0.0,32.4,0.7,35.8,1.5,29.7
2026-03-09,928:WA:SNTL,Huckleberry Creek,2250,rainier,0.0,0.0,29.3,0.2,36.0,1.4,29.7
2026-03-10,928:WA:SNTL,Huckleberry Creek,2250,rainier,0.0,0.0,31.3,0.1,36.1,1.4,29.7
2026-03-11,928:WA:SNTL,Huckleberry Creek,2250,rainier,0.2,2.0,42.6,1.6,37.7,1.4,30.6
2026-03-12,928:WA:SNTL,Huckleberry Creek,2250,rainier,1.0,8.0,32.7,1.6,39.3,1.0,30.6
2026-03-13,928:WA:SNTL,Huckleberry Creek,2250,rainier,4.8,31.0,32.7,3.7,43.0,0.7,30.6
2026-03-14,928:WA:SNTL,Huckleberry Creek,2250,rainier,4.9,26.0,29.3,0.3,43.3,0.8,31.1
2026-03-15,928:WA:SNTL,Huckleberry Creek,2250,rainier,5.2,24.0,34.3,0.2,43.5,0.3,31.4
2026-03-16,928:WA:SNTL,Huckleberry Creek,2250,rainier,4.9,16.0,36.5,0.2,43.7,0.4,31.7
2026-03-17,928:WA:SNTL,Huckleberry Creek,2250,rainier,4.5,12.0,37.4,0.9,44.6,0.4,31.7
2026-03-18,928:WA:SNTL,Huckleberry Creek,2250,rainier,3.9,9.0,39.9,0.1,44.7,0.3,32.0
2026-03-19,928:WA:SNTL,Huckleberry Creek,2250,rainier,3.1,7.0,42.1,0.3,45.0,0.1,32.8
2026-03-20,928:WA:SNTL,Huckleberry Creek,2250,rainier,2.2,5.0,38.3,0.5,45.5,0.0,32.9
2026-03-21,928:WA:SNTL,Huckleberry Creek,2250,rainier,1.6,3.0,31.6,0.0,45.5,0.0,33.0
2026-03-22,928:WA:SNTL,Huckleberry Creek,2250,rainier,1.4,3.0,30.0,0.0,45.5,0.0,33.1
2026-03-23,928:WA:SNTL,Huckleberry Creek,2250,rainier,1.1,2.0,33.4,0.0,45.5,0.0,33.1
2026-03-24,928:WA:SNTL,Huckleberry Creek,2250,rainier,0.4,1.0,38.3,0.7,46.2,0.0,33.2
2026-03-25,928:WA:SNTL,Huckleberry Creek,2250,rainier,0.1,1.0,31.5,0.3,46.5,0.0,33.4
2026-03-26,928:WA:SNTL,Huckleberry Creek,2250,rainier,0.0,0.0,29.1,0.0,46.5,0.0,33.5
2026-03-27,928:WA:SNTL,Huckleberry Creek,2250,rainier,0.0,0.0,32.7,,0.0,0.0,33.6
2026-03-28,928:WA:SNTL,Huckleberry Creek,2250,rainier,0.0,0.0,32.4,46.5,46.5,0.0,33.7
2026-03-29,928:WA:SNTL,Huckleberry Creek,2250,rainier,0.0,0.0,31.6,0.2,46.7,0.0,33.8
2026-03-30,928:WA:SNTL,Huckleberry Creek,2250,rainier,0.0,0.0,28.2,0.0,46.7,0.0,33.8
2026-03-31,928:WA:SNTL,Huckleberry Creek,2250,rainier,0.0,0.0,35.6,0.0,46.7,0.0,33.9
2026-04-01,928:WA:SNTL,Huckleberry Creek,2250,rainier,0.0,0.0,34.5,0.1,46.8,0.0,33.9
2026-04-02,928:WA:SNTL,Huckleberry Creek,2250,rainier,0.0,0.0,32.9,0.0,46.8,0.0,34.0
2026-04-03,928:WA:SNTL,Huckleberry Creek,2250,rainier,0.0,0.0,31.5,0.0,46.8,0.0,34.0
2026-04-04,928:WA:SNTL,Huckleberry Creek,2250,rainier,0.0,0.0,39.0,0.0,46.8,0.0,34.2
2026-04-05,928:WA:SNTL,Huckleberry Creek,2250,rainier,0.0,0.0,39.2,0.0,46.8,0.0,34.2
2026-04-06,928:WA:SNTL,Huckleberry Creek,2250,rainier,0.0,0.0,42.3,0.0,46.8,0.0,34.3
2026-04-07,928:WA:SNTL,Huckleberry Creek,2250,rainier,0.0,0.0,29.1,0.0,46.8,0.0,34.6
2026-04-08,928:WA:SNTL,Huckleberry Creek,2250,rainier,0.0,0.0,32.0,0.0,46.8,0.0,34.6
2026-04-09,928:WA:SNTL,Huckleberry Creek,2250,rainier,0.0,0.0,38.3,0.0,46.8,0.0,34.7
2026-04-10,928:WA:SNTL,Huckleberry Creek,2250,rainier,0.0,0.0,39.0,0.0,46.8,0.0,34.8
2026-04-11,928:WA:SNTL,Huckleberry Creek,2250,rainier,0.0,0.0,42.8,0.0,46.8,0.0,34.8
2026-04-12,928:WA:SNTL,Huckleberry Creek,2250,rainier,0.0,0.0,42.1,0.1,46.9,0.0,35.2
2026-04-13,928:WA:SNTL,Huckleberry Creek,2250,rainier,0.0,0.0,36.3,0.1,47.0,0.0,35.6
2026-04-14,928:WA:SNTL,Huckleberry Creek,2250,rainier,0.0,0.0,40.3,0.0,47.0,0.0,35.7
2026-04-15,928:WA:SNTL,Huckleberry Creek,2250,rainier,0.0,0.0,32.0,0.9,47.9,0.0,35.7
2026-04-16,928:WA:SNTL,Huckleberry Creek,2250,rainier,0.0,0.0,32.9,0.1,48.0,0.0,35.9
2026-04-17,928:WA:SNTL,Huckleberry Creek,2250,rainier,0.0,0.0,33.6,0.0,48.0,0.0,35.9
2026-04-18,928:WA:SNTL,Huckleberry Creek,2250,rainier,0.0,0.0,36.7,0.0,48.0,0.0,36.1
2026-04-19,928:WA:SNTL,Huckleberry Creek,2250,rainier,0.0,0.0,42.4,0.0,48.0,0.0,36.4
2026-04-20,928:WA:SNTL,Huckleberry Creek,2250,rainier,0.0,0.0,45.1,0.0,48.0,0.0,36.4
2026-04-21,928:WA:SNTL,Huckleberry Creek,2250,rainier,0.0,0.0,46.9,0.0,48.0,0.0,36.4
2026-04-22,928:WA:SNTL,Huckleberry Creek,2250,rainier,0.0,0.0,42.3,0.4,48.4,0.0,36.5
2026-04-23,928:WA:SNTL,Huckleberry Creek,2250,rainier,0.0,0.0,32.7,0.0,48.4,0.0,36.7
2026-04-24,928:WA:SNTL,Huckleberry Creek,2250,rainier,0.0,0.0,32.2,0.0,48.4,0.0,37.0
2026-04-25,928:WA:SNTL,Huckleberry Creek,2250,rainier,0.0,0.0,31.5,0.0,48.4,0.0,37.0
2026-04-26,928:WA:SNTL,Huckleberry Creek,2250,rainier,0.0,0.0,35.4,0.0,48.4,0.0,37.1
2026-04-27,928:WA:SNTL,Huckleberry Creek,2250,rainier,0.0,0.0,41.9,0.0,48.4,0.0,37.1
2026-04-28,928:WA:SNTL,Huckleberry Creek,2250,rainier,0.0,0.0,41.0,0.0,48.4,0.0,37.1
2026-04-29,928:WA:SNTL,Huckleberry Creek,2250,rainier,0.0,0.0,42.8,0.0,48.4,0.0,37.2
2026-04-30,928:WA:SNTL,Huckleberry Creek,2250,rainier,0.0,0.0,44.8,0.0,48.4,0.0,37.2
2026-05-01,928:WA:SNTL,Huckleberry Creek,2250,rainier,0.0,0.0,50.4,0.0,48.4,0.0,37.2
2026-05-02,928:WA:SNTL,Huckleberry Creek,2250,rainier,0.0,0.0,52.2,0.0,48.4,0.0,37.2
2026-05-03,928:WA:SNTL,Huckleberry Creek,2250,rainier,0.0,0.0,49.5,0.0,48.4,0.0,37.3
2026-05-04,928:WA:SNTL,Huckleberry Creek,2250,rainier,0.0,0.0,48.9,0.0,48.4,0.0,37.3
2026-05-05,928:WA:SNTL,Huckleberry Creek,2250,rainier,0.0,0.0,45.0,0.0,48.4,0.0,37.3
2026-05-06,928:WA:SNTL,Huckleberry Creek,2250,rainier,0.0,0.0,46.2,0.0,48.4,0.0,37.3
2026-05-07,928:WA:SNTL,Huckleberry Creek,2250,rainier,0.0,0.0,41.4,0.0,48.4,0.0,37.4
2026-05-08,928:WA:SNTL,Huckleberry Creek,2250,rainier,0.0,0.0,45.5,0.0,48.4,0.0,37.4
2026-05-09,928:WA:SNTL,Huckleberry Creek,2250,rainier,0.0,0.0,46.4,0.0,48.4,0.0,37.4
2026-05-10,928:WA:SNTL,Huckleberry Creek,2250,rainier,0.0,0.0,42.8,0.0,48.4,0.0,37.5
2026-05-11,928:WA:SNTL,Huckleberry Creek,2250,rainier,0.0,0.0,47.5,0.0,48.4,0.0,37.5
2026-05-12,928:WA:SNTL,Huckleberry Creek,2250,rainier,0.0,0.0,52.2,0.0,48.4,0.0,37.5
2026-05-13,928:WA:SNTL,Huckleberry Creek,2250,rainier,0.0,0.0,44.1,0.9,49.3,0.0,37.6
2026-05-14,928:WA:SNTL,Huckleberry Creek,2250,rainier,0.0,0.0,41.0,0.1,49.4,0.0,37.7
2026-05-15,928:WA:SNTL,Huckleberry Creek,2250,rainier,0.0,0.0,37.8,0.1,49.5,0.0,37.7
2026-05-16,928:WA:SNTL,Huckleberry Creek,2250,rainier,0.0,0.0,36.9,0.7,50.2,0.0,37.7
2026-05-17,928:WA:SNTL,Huckleberry Creek,2250,rainier,0.0,0.0,35.6,0.0,50.2,0.0,37.7
2026-05-18,928:WA:SNTL,Huckleberry Creek,2250,rainier,0.0,0.0,41.9,0.0,50.2,0.0,37.9
2026-05-19,928:WA:SNTL,Huckleberry Creek,2250,rainier,0.0,0.0,45.7,0.0,50.2,0.0,38.0
2026-05-20,928:WA:SNTL,Huckleberry Creek,2250,rainier,0.0,0.0,41.7,0.0,50.2,0.0,38.0
2026-05-21,928:WA:SNTL,Huckleberry Creek,2250,rainier,0.0,0.0,45.0,0.0,50.2,0.0,38.1
2026-05-22,928:WA:SNTL,Huckleberry Creek,2250,rainier,0.0,0.0,46.4,0.0,50.2,0.0,38.1
2026-05-23,928:WA:SNTL,Huckleberry Creek,2250,rainier,0.0,0.0,52.0,0.0,50.2,0.0,38.5
2026-05-24,928:WA:SNTL,Huckleberry Creek,2250,rainier,0.0,0.0,46.8,0.0,50.2,0.0,38.8
2026-05-25,928:WA:SNTL,Huckleberry Creek,2250,rainier,0.0,0.0,43.9,0.0,50.2,0.0,39.0
2026-05-26,928:WA:SNTL,Huckleberry Creek,2250,rainier,0.0,0.0,47.8,0.0,50.2,0.0,39.4
2026-05-27,928:WA:SNTL,Huckleberry Creek,2250,rainier,0.0,0.0,49.3,0.0,50.2,0.0,39.9
2026-05-28,928:WA:SNTL,Huckleberry Creek,2250,rainier,0.0,0.0,54.0,0.0,50.2,0.0,40.0
2026-05-29,928:WA:SNTL,Huckleberry Creek,2250,rainier,0.0,0.0,42.3,0.2,50.4,0.0,40.0
2026-05-30,928:WA:SNTL,Huckleberry Creek,2250,rainier,0.0,0.0,36.9,0.0,50.4,0.0,40.0
2026-05-31,928:WA:SNTL,Huckleberry Creek,2250,rainier,0.0,0.0,41.0,0.0,50.4,0.0,40.1
2026-06-01,928:WA:SNTL,Huckleberry Creek,2250,rainier,0.0,0.0,50.4,0.0,50.4,0.0,40.2
2026-06-02,928:WA:SNTL,Huckleberry Creek,2250,rainier,0.0,0.0,53.6,0.0,50.4,0.0,40.4
2026-06-03,928:WA:SNTL,Huckleberry Creek,2250,rainier,0.0,0.0,50.4,0.0,50.4,0.0,40.4
2026-06-04,928:WA:SNTL,Huckleberry Creek,2250,rainier,0.0,0.0,47.7,0.0,50.4,0.0,40.6
2026-06-05,928:WA:SNTL,Huckleberry Creek,2250,rainier,0.0,0.0,41.5,0.1,50.5,0.0,40.6
2026-06-06,928:WA:SNTL,Huckleberry Creek,2250,rainier,0.0,0.0,39.4,0.2,50.7,0.0,40.6
2026-06-07,928:WA:SNTL,Huckleberry Creek,2250,rainier,0.0,0.0,37.4,0.0,50.7,0.0,40.6
2026-06-08,928:WA:SNTL,Huckleberry Creek,2250,rainier,0.0,0.0,48.4,0.0,50.7,0.0,40.7
2026-06-09,928:WA:SNTL,Huckleberry Creek,2250,rainier,0.0,0.0,43.3,0.7,51.4,0.0,40.7
2026-06-10,928:WA:SNTL,Huckleberry Creek,2250,rainier,0.0,0.0,39.4,0.0,51.4,0.0,40.7
2026-06-11,928:WA:SNTL,Huckleberry Creek,2250,rainier,0.0,0.0,42.6,0.0,51.4,0.0,40.8
2026-06-12,928:WA:SNTL,Huckleberry Creek,2250,rainier,0.0,0.0,46.0,0.0,51.4,0.0,41.3
2026-06-13,928:WA:SNTL,Huckleberry Creek,2250,rainier,0.0,0.0,51.4,0.0,51.4,0.0,41.4
2026-06-14,928:WA:SNTL,Huckleberry Creek,2250,rainier,0.0,0.0,57.0,0.0,51.4,0.0,41.4
2026-06-15,928:WA:SNTL,Huckleberry Creek,2250,rainier,0.0,0.0,56.3,0.0,51.4,0.0,41.4
2026-06-16,928:WA:SNTL,Huckleberry Creek,2250,rainier,0.0,0.0,52.0,0.1,51.5,0.0,41.4
2026-06-17,928:WA:SNTL,Huckleberry Creek,2250,rainier,0.0,0.0,47.3,0.0,51.5,0.0,41.4
2026-06-18,928:WA:SNTL,Huckleberry Creek,2250,rainier,0.0,0.0,53.6,0.0,51.5,0.0,41.4
2026-06-19,928:WA:SNTL,Huckleberry Creek,2250,rainier,0.0,0.0,51.4,0.0,51.5,0.0,41.4
2026-06-20,928:WA:SNTL,Huckleberry Creek,2250,rainier,0.0,0.0,51.8,0.0,51.5,0.0,41.4
2026-06-21,928:WA:SNTL,Huckleberry Creek,2250,rainier,0.0,0.0,48.7,0.0,51.5,0.0,41.4
2026-06-22,928:WA:SNTL,Huckleberry Creek,2250,rainier,0.0,0.0,57.0,0.0,51.5,0.0,41.4
2026-06-23,928:WA:SNTL,Huckleberry Creek,2250,rainier,0.0,0.0,57.2,0.0,51.5,0.0,41.4
2026-06-24,928:WA:SNTL,Huckleberry Creek,2250,rainier,0.0,0.0,52.3,0.0,51.5,0.0,41.4
2026-06-25,928:WA:SNTL,Huckleberry Creek,2250,rainier,0.0,0.0,48.6,0.1,51.6,0.0,41.4
2026-06-26,928:WA:SNTL,Huckleberry Creek,2250,rainier,0.0,0.0,49.1,0.0,51.6,0.0,41.4
2026-06-27,928:WA:SNTL,Huckleberry Creek,2250,rainier,0.0,0.0,48.2,0.1,51.7,0.0,41.4
2026-06-28,928:WA:SNTL,Huckleberry Creek,2250,rainier,0.0,0.0,47.8,0.0,51.7,0.0,41.4
2026-06-29,928:WA:SNTL,Huckleberry Creek,2250,rainier,0.0,0.0,49.1,0.0,51.7,0.0,41.5
2026-06-30,928:WA:SNTL,Huckleberry Creek,2250,rainier,0.0,0.0,46.8,0.0,51.7,0.0,41.5
2026-07-01,928:WA:SNTL,Huckleberry Creek,2250,rainier,0.0,0.0,48.7,0.0,51.7,0.0,41.5
2026-07-02,928:WA:SNTL,Huckleberry Creek,2250,rainier,0.0,0.0,55.8,0.0,51.7,0.0,41.5
2026-07-03,928:WA:SNTL,Huckleberry Creek,2250,rainier,0.0,0.0,50.9,0.0,51.7,0.0,41.5
2026-07-04,928:WA:SNTL,Huckleberry Creek,2250,rainier,0.0,0.0,51.4,0.0,51.7,0.0,41.5
2026-07-05,928:WA:SNTL,Huckleberry Creek,2250,rainier,0.0,0.0,50.0,0.0,51.7,0.0,41.5
2026-07-06,928:WA:SNTL,Huckleberry Creek,2250,rainier,0.0,0.0,56.1,0.0,51.7,0.0,41.5
2026-07-07,928:WA:SNTL,Huckleberry Creek,2250,rainier,0.0,0.0,50.7,0.0,51.7,0.0,41.5
2026-07-08,928:WA:SNTL,Huckleberry Creek,2250,rainier,0.0,0.0,50.0,0.0,51.7,0.0,41.5
2026-07-09,928:WA:SNTL,Huckleberry Creek,2250,rainier,0.0,0.0,52.2,0.0,51.7,0.0,41.5
2026-07-10,928:WA:SNTL,Huckleberry Creek,2250,rainier,0.0,0.0,58.1,0.0,51.7,0.0,41.5
2026-07-11,928:WA:SNTL,Huckleberry Creek,2250,rainier,0.0,0.0,53.8,0.0,51.7,0.0,41.5
2026-07-12,928:WA:SNTL,Huckleberry Creek,2250,rainier,0.0,0.0,45.1,0.0,51.7,0.0,41.6
2026-07-13,928:WA:SNTL,Huckleberry Creek,2250,rainier,0.0,0.0,50.9,0.0,51.7,0.0,41.6
2026-07-14,928:WA:SNTL,Huckleberry Creek,2250,rainier,0.0,0.0,55.6,0.0,51.7,0.0,41.6
2026-07-15,928:WA:SNTL,Huckleberry Creek,2250,rainier,0.0,0.0,58.5,0.0,51.7,0.0,41.6
2026-07-16,928:WA:SNTL,Huckleberry Creek,2250,rainier,0.0,0.0,53.1,0.0,51.7,0.0,41.6
2026-07-17,928:WA:SNTL,Huckleberry Creek,2250,rainier,0.0,0.0,55.4,0.0,51.7,0.0,41.6
2026-07-18,928:WA:SNTL,Huckleberry Creek,2250,rainier,0.0,0.0,48.4,0.0,51.7,0.0,41.6
2026-07-19,928:WA:SNTL,Huckleberry Creek,2250,rainier,0.0,0.0,52.9,0.0,51.7,0.0,41.6
2026-07-20,928:WA:SNTL,Huckleberry Creek,2250,rainier,0.0,0.0,58.3,0.0,51.7,0.0,41.6
2026-07-21,928:WA:SNTL,Huckleberry Creek,2250,rainier,0.0,0.0,63.5,0.0,51.7,0.0,41.6
2026-07-22,928:WA:SNTL,Huckleberry Creek,2250,rainier,0.0,0.0,63.5,0.1,51.8,0.0,41.6
2026-07-23,928:WA:SNTL,Huckleberry Creek,2250,rainier,0.0,0.0,54.3,0.2,52.0,0.0,41.6
2026-07-24,928:WA:SNTL,Huckleberry Creek,2250,rainier,0.0,0.0,54.9,0.0,52.0,0.0,41.6
2026-07-25,928:WA:SNTL,Huckleberry Creek,2250,rainier,0.0,0.0,55.0,0.0,52.0,0.0,41.6
2026-07-26,928:WA:SNTL,Huckleberry Creek,2250,rainier,0.0,0.0,52.3,0.0,52.0,0.0,41.6
2026-07-27,928:WA:SNTL,Huckleberry Creek,2250,rainier,0.0,0.0,59.9,0.0,52.0,0.0,41.6
2026-07-28,928:WA:SNTL,Huckleberry Creek,2250,rainier,0.0,0.0,54.5,0.0,52.0,0.0,41.6
2026-07-29,928:WA:SNTL,Huckleberry Creek,2250,rainier,0.0,0.0,52.5,0.0,52.0,0.0,41.6
2026-07-30,928:WA:SNTL,Huckleberry Creek,2250,rainier,0.0,0.0,49.6,0.0,52.0,0.0,41.6
2026-07-31,928:WA:SNTL,Huckleberry Creek,2250,rainier,0.0,0.0,55.2,0.0,52.0,0.0,41.6
2026-08-01,928:WA:SNTL,Huckleberry Creek,2250,rainier,0.0,0.0,51.1,0.0,52.0,0.0,41.6
2026-08-02,928:WA:SNTL,Huckleberry Creek,2250,rainier,0.0,0.0,42.8,0.0,52.0,0.0,41.6
2026-08-03,928:WA:SNTL,Huckleberry Creek,2250,rainier,0.0,0.0,49.3,0.0,52.0,0.0,41.6
2026-08-04,928:WA:SNTL,Huckleberry Creek,2250,rainier,0.0,0.0,54.1,0.0,52.0,0.0,41.6
2026-08-05,928:WA:SNTL,Huckleberry Creek,2250,rainier,0.0,0.0,54.1,0.0,52.0,0.0,41.6
2026-08-06,928:WA:SNTL,Huckleberry Creek,2250,rainier,0.0,0.0,55.0,0.0,52.0,0.0,41.6
2026-08-07,928:WA:SNTL,Huckleberry Creek,2250,rainier,0.0,0.0,55.6,0.0,52.0,0.0,41.6
2026-08-08,928:WA:SNTL,Huckleberry Creek,2250,rainier,0.0,0.0,52.0,0.0,52.0,0.0,41.6
2026-08-09,928:WA:SNTL,Huckleberry Creek,2250,rainier,0.0,0.0,50.2,0.0,52.0,0.0,41.6
2026-08-10,928:WA:SNTL,Huckleberry Creek,2250,rainier,0.0,0.0,51.1,0.0,52.0,0.0,41.6
2026-08-11,928:WA:SNTL,Huckleberry Creek,2250,rainier,0.0,0.0,52.2,0.0,52.0,0.0,41.6
2026-08-12,928:WA:SNTL,Huckleberry Creek,2250,rainier,0.0,0.0,52.9,0.0,52.0,0.0,41.6
2026-08-13,928:WA:SNTL,Huckleberry Creek,2250,rainier,0.0,0.0,54.3,0.0,52.0,0.0,41.6
2026-08-14,928:WA:SNTL,Huckleberry Creek,2250,rainier,0.0,0.0,50.9,0.1,52.1,0.0,41.6
2026-08-15,928:WA:SNTL,Huckleberry Creek,2250,rainier,0.0,0.0,59.0,0.0,52.1,0.0,41.6
2026-08-16,928:WA:SNTL,Huckleberry Creek,2250,rainier,0.0,0.0,54.3,0.0,52.1,0.0,41.6
2026-08-17,928:WA:SNTL,Huckleberry Creek,2250,rainier,0.0,0.0,54.5,0.0,52.1,0.0,41.6
2026-08-18,928:WA:SNTL,Huckleberry Creek,2250,rainier,0.0,0.0,54.0,0.0,52.1,0.0,41.6
2026-08-19,928:WA:SNTL,Huckleberry Creek,2250,rainier,0.0,0.0,53.6,0.0,52.1,0.0,41.6
2026-08-20,928:WA:SNTL,Huckleberry Creek,2250,rainier,0.0,0.0,56.1,0.0,52.1,0.0,41.6
2026-08-21,928:WA:SNTL,Huckleberry Creek,2250,rainier,0.0,0.0,59.2,0.0,52.1,0.0,41.6
2026-08-22,928:WA:SNTL,Huckleberry Creek,2250,rainier,0.0,0.0,55.9,0.0,52.1,0.0,41.6
2026-08-23,928:WA:SNTL,Huckleberry Creek,2250,rainier,0.0,0.0,49.6,0.0,52.1,0.0,41.6
2026-08-24,928:WA:SNTL,Huckleberry Creek,2250,rainier,0.0,0.0,55.8,0.0,52.1,0.0,41.6
2026-08-25,928:WA:SNTL,Huckleberry Creek,2250,rainier,0.0,0.0,57.2,0.0,52.1,0.0,41.6
2026-08-26,928:WA:SNTL,Huckleberry Creek,2250,rainier,0.0,0.0,52.0,0.0,52.1,0.0,41.6
2026-08-27,928:WA:SNTL,Huckleberry Creek,2250,rainier,0.0,0.0,56.1,0.0,52.1,0.0,41.6
2026-08-28,928:WA:SNTL,Huckleberry Creek,2250,rainier,0.0,0.0,52.3,0.0,52.1,0.0,41.6
2026-08-29,928:WA:SNTL,Huckleberry Creek,2250,rainier,0.0,0.0,48.6,0.2,52.3,0.0,41.6
2026-08-30,928:WA:SNTL,Huckleberry Creek,2250,rainier,0.0,0.0,44.8,0.0,52.3,0.0,41.6
2026-08-31,928:WA:SNTL,Huckleberry Creek,2250,rainier,0.0,0.0,51.3,0.0,52.3,0.0,41.6
2026-09-01,928:WA:SNTL,Huckleberry Creek,2250,rainier,0.0,0.0,52.7,0.0,52.3,0.0,41.6
2026-09-02,928:WA:SNTL,Huckleberry Creek,2250,rainier,0.0,0.0,45.3,0.0,52.3,0.0,41.6
2026-09-03,928:WA:SNTL,Huckleberry Creek,2250,rainier,0.0,0.0,45.1,0.1,52.4,0.0,41.6
2026-09-04,928:WA:SNTL,Huckleberry Creek,2250,rainier,0.0,0.0,41.7,0.0,52.4,0.0,41.6
2026-09-05,928:WA:SNTL,Huckleberry Creek,2250,rainier,0.0,0.0,42.6,0.0,52.4,0.0,42.7
2026-09-06,928:WA:SNTL,Huckleberry Creek,2250,rainier,0.0,0.0,44.6,0.0,52.4,0.0,42.7
2026-09-07,928:WA:SNTL,Huckleberry Creek,2250,rainier,0.0,0.0,45.0,0.0,52.4,0.0,42.7
2026-09-08,928:WA:SNTL,Huckleberry Creek,2250,rainier,0.0,0.0,47.8,0.0,52.4,0.0,42.7
2026-09-09,928:WA:SNTL,Huckleberry Creek,2250,rainier,0.0,0.0,51.6,0.0,52.4,0.0,42.7
2026-09-10,928:WA:SNTL,Huckleberry Creek,2250,rainier,0.0,0.0,52.7,0.0,52.4,0.0,42.7
2026-09-11,928:WA:SNTL,Huckleberry Creek,2250,rainier,0.0,0.0,43.9,0.0,52.4,0.0,42.7
2026-09-12,928:WA:SNTL,Huckleberry Creek,2250,rainier,0.0,0.0,50.4,0.0,52.4,0.0,42.7
2026-09-13,928:WA:SNTL,Huckleberry Creek,2250,rainier,0.0,0.0,50.7,1.0,53.4,0.0,42.7
2026-09-14,928:WA:SNTL,Huckleberry Creek,2250,rainier,0.0,0.0,48.9,0.0,53.4,0.0,42.7
2026-09-15,928:WA:SNTL,Huckleberry Creek,2250,rainier,0.0,0.0,45.7,0.1,53.5,0.0,42.7
2026-09-16,928:WA:SNTL,Huckleberry Creek,2250,rainier,0.0,0.0,46.9,0.0,53.5,0.0,42.7
2026-09-17,928:WA:SNTL,Huckleberry Creek,2250,rainier,0.0,0.0,45.1,0.0,53.5,0.0,42.7
2026-09-18,928:WA:SNTL,Huckleberry Creek,2250,rainier,0.0,0.0,44.6,0.0,53.5,0.0,42.7
2026-09-19,928:WA:SNTL,Huckleberry Creek,2250,rainier,0.0,0.0,45.3,0.0,53.5,0.0,42.7
2026-09-20,928:WA:SNTL,Huckleberry Creek,2250,rainier,0.0,0.0,48.4,0.0,53.5,0.0,42.7
2026-09-21,928:WA:SNTL,Huckleberry Creek,2250,rainier,0.0,0.0,53.8,0.0,53.5,0.0,42.7
2026-09-22,928:WA:SNTL,Huckleberry Creek,2250,rainier,0.0,0.0,47.7,0.0,53.5,0.0,42.7
2026-09-23,928:WA:SNTL,Huckleberry Creek,2250,rainier,0.0,0.0,49.3,0.0,53.5,0.0,42.8
2026-09-24,928:WA:SNTL,Huckleberry Creek,2250,rainier,0.0,0.0,51.1,0.0,53.5,0.0,42.8
2026-09-25,928:WA:SNTL,Huckleberry Creek,2250,rainier,0.0,0.0,37.4,0.3,53.8,0.0,42.8
2026-09-26,928:WA:SNTL,Huckleberry Creek,2250,rainier,0.0,0.0,37.9,0.0,53.8,0.0,42.8
2026-09-27,928:WA:SNTL,Huckleberry Creek,2250,rainier,0.0,0.0,38.7,0.1,53.9,0.0,42.8
2026-09-28,928:WA:SNTL,Huckleberry Creek,2250,rainier,0.1,0.0,50.7,,53.8,0.0,42.8
2026-09-29,928:WA:SNTL,Huckleberry Creek,2250,rainier,0.1,0.0,50.7,0.1,53.9,0.0,42.8
2026-09-30,928:WA:SNTL,Huckleberry Creek,2250,rainier,0.0,0.0,43.5,0.1,54.0,0.0,43.9
2025-10-01,672:WA:SNTL,Olallie Meadows,4010,regional,0.2,1.0,40.8,0.4,0.4,0.0,0.1
2025-10-02,672:WA:SNTL,Olallie Meadows,4010,regional,0.2,1.0,42.8,0.1,0.5,0.0,0.1
2025-10-03,672:WA:SNTL,Olallie Meadows,4010,regional,0.2,2.0,43.2,0.0,0.5,0.0,0.2
2025-10-04,672:WA:SNTL,Olallie Meadows,4010,regional,0.2,2.0,40.3,0.1,0.6,0.0,0.5
2025-10-05,672:WA:SNTL,Olallie Meadows,4010,regional,0.2,2.0,45.0,0.1,0.7,0.0,0.6
2025-10-06,672:WA:SNTL,Olallie Meadows,4010,regional,0.2,1.0,52.2,0.1,0.8,0.0,1.0
2025-10-07,672:WA:SNTL,Olallie Meadows,4010,regional,0.2,1.0,48.6,0.0,0.8,0.0,1.2
2025-10-08,672:WA:SNTL,Olallie Meadows,4010,regional,0.2,1.0,45.1,0.0,0.8,0.0,1.9
2025-10-09,672:WA:SNTL,Olallie Meadows,4010,regional,0.3,1.0,56.3,0.0,0.8,0.0,2.2
2025-10-10,672:WA:SNTL,Olallie Meadows,4010,regional,0.2,2.0,39.6,0.0,0.8,0.0,3.0
2025-10-11,672:WA:SNTL,Olallie Meadows,4010,regional,0.1,2.0,36.1,0.9,1.7,0.0,3.2
2025-10-12,672:WA:SNTL,Olallie Meadows,4010,regional,0.2,1.0,32.2,0.7,2.4,0.0,3.5
2025-10-13,672:WA:SNTL,Olallie Meadows,4010,regional,0.2,1.0,33.1,0.0,2.4,0.0,3.8
2025-10-14,672:WA:SNTL,Olallie Meadows,4010,regional,0.2,2.0,35.2,0.1,2.5,0.0,3.8
2025-10-15,672:WA:SNTL,Olallie Meadows,4010,regional,0.2,1.0,39.9,0.0,2.5,0.0,4.1
2025-10-16,672:WA:SNTL,Olallie Meadows,4010,regional,0.1,1.0,39.0,0.1,2.6,0.0,4.6
2025-10-17,672:WA:SNTL,Olallie Meadows,4010,regional,0.1,0.0,35.8,0.0,2.6,0.0,5.2
2025-10-18,672:WA:SNTL,Olallie Meadows,4010,regional,0.1,2.0,41.7,0.8,3.4,0.0,5.4
2025-10-19,672:WA:SNTL,Olallie Meadows,4010,regional,0.2,1.0,36.5,2.6,6.0,0.0,5.8
2025-10-20,672:WA:SNTL,Olallie Meadows,4010,regional,0.1,0.0,38.5,0.2,6.2,0.0,6.5
2025-10-21,672:WA:SNTL,Olallie Meadows,4010,regional,0.1,0.0,40.5,0.1,6.3,0.0,6.5
2025-10-22,672:WA:SNTL,Olallie Meadows,4010,regional,0.1,1.0,41.5,0.0,6.3,0.0,7.1
2025-10-23,672:WA:SNTL,Olallie Meadows,4010,regional,0.1,2.0,42.4,0.0,6.3,0.0,7.5
2025-10-24,672:WA:SNTL,Olallie Meadows,4010,regional,0.1,0.0,34.9,1.4,7.7,0.0,7.5
2025-10-25,672:WA:SNTL,Olallie Meadows,4010,regional,0.4,2.0,32.0,0.3,8.0,0.0,8.0
2025-10-26,672:WA:SNTL,Olallie Meadows,4010,regional,1.9,11.0,30.6,1.6,9.6,0.0,9.4
2025-10-27,672:WA:SNTL,Olallie Meadows,4010,regional,2.5,12.0,30.4,0.6,10.2,0.1,9.9
2025-10-28,672:WA:SNTL,Olallie Meadows,4010,regional,2.9,10.0,35.8,0.9,11.1,0.2,10.6
2025-10-29,672:WA:SNTL,Olallie Meadows,4010,regional,2.3,8.0,34.3,0.4,11.5,0.0,10.8
2025-10-30,672:WA:SNTL,Olallie Meadows,4010,regional,2.2,7.0,36.9,0.1,11.6,0.0,12.6
2025-10-31,672:WA:SNTL,Olallie Meadows,4010,regional,2.2,5.0,39.9,1.4,13.0,0.2,13.4
2025-11-01,672:WA:SNTL,Olallie Meadows,4010,regional,1.2,2.0,33.1,2.3,15.3,0.3,13.4
2025-11-02,672:WA:SNTL,Olallie Meadows,4010,regional,1.0,2.0,35.1,0.2,15.5,0.8,14.0
2025-11-03,672:WA:SNTL,Olallie Meadows,4010,regional,1.3,4.0,32.0,0.2,15.7,0.7,14.5
2025-11-04,672:WA:SNTL,Olallie Meadows,4010,regional,1.4,3.0,36.0,0.1,15.8,0.6,15.2
2025-11-05,672:WA:SNTL,Olallie Meadows,4010,regional,0.9,2.0,38.3,1.0,16.8,0.8,16.0
2025-11-06,672:WA:SNTL,Olallie Meadows,4010,regional,0.6,1.0,33.4,2.4,19.2,0.9,17.2
2025-11-07,672:WA:SNTL,Olallie Meadows,4010,regional,1.1,3.0,32.2,0.7,19.9,0.8,17.4
2025-11-08,672:WA:SNTL,Olallie Meadows,4010,regional,1.0,3.0,37.2,0.0,19.9,0.8,17.4
2025-11-09,672:WA:SNTL,Olallie Meadows,4010,regional,1.0,2.0,46.9,0.0,19.9,0.8,17.5
2025-11-10,672:WA:SNTL,Olallie Meadows,4010,regional,0.3,2.0,36.7,0.2,20.1,0.9,18.8
2025-11-11,672:WA:SNTL,Olallie Meadows,4010,regional,0.2,2.0,37.0,0.0,20.1,1.2,19.0
2025-11-12,672:WA:SNTL,Olallie Meadows,4010,regional,0.0,2.0,38.1,0.0,20.1,1.4,19.8
2025-11-13,672:WA:SNTL,Olallie Meadows,4010,regional,0.1,1.0,41.9,1.1,21.2,1.2,20.7
2025-11-14,672:WA:SNTL,Olallie Meadows,4010,regional,0.1,2.0,42.6,2.0,23.2,1.0,20.9
2025-11-15,672:WA:SNTL,Olallie Meadows,4010,regional,0.0,0.0,44.6,0.8,24.0,1.2,21.1
2025-11-16,672:WA:SNTL,Olallie Meadows,4010,regional,0.0,0.0,43.0,0.0,24.0,1.5,21.8
2025-11-17,672:WA:SNTL,Olallie Meadows,4010,regional,0.0,0.0,29.8,0.2,24.2,1.6,22.3
2025-11-18,672:WA:SNTL,Olallie Meadows,4010,regional,0.0,0.0,28.2,0.1,24.3,1.6,22.4
2025-11-19,672:WA:SNTL,Olallie Meadows,4010,regional,0.0,0.0,32.5,0.0,24.3,2.0,22.9
2025-11-20,672:WA:SNTL,Olallie Meadows,4010,regional,0.0,0.0,32.2,0.0,24.3,2.6,24.7
2025-11-21,672:WA:SNTL,Olallie Meadows,4010,regional,0.0,0.0,37.9,0.0,24.3,3.2,25.6
2025-11-22,672:WA:SNTL,Olallie Meadows,4010,regional,0.0,0.0,38.7,0.3,24.6,3.2,26.8
2025-11-23,672:WA:SNTL,Olallie Meadows,4010,regional,0.0,0.0,29.7,1.1,25.7,4.0,27.6
2025-11-24,672:WA:SNTL,Olallie Meadows,4010,regional,0.5,4.0,27.9,0.5,26.2,4.2,28.7
2025-11-25,672:WA:SNTL,Olallie Meadows,4010,regional,1.5,9.0,28.9,1.0,27.2,4.4,29.8
2025-11-26,672:WA:SNTL,Olallie Meadows,4010,regional,1.5,8.0,31.5,0.1,27.3,4.4,30.0
2025-11-27,672:WA:SNTL,Olallie Meadows,4010,regional,2.0,9.0,31.8,0.5,27.8,5.0,30.8
2025-11-28,672:WA:SNTL,Olallie Meadows,4010,regional,2.0,8.0,28.6,0.0,27.8,5.2,32.0
2025-11-29,672:WA:SNTL,Olallie Meadows,4010,regional,2.0,8.0,24.1,0.0,27.8,5.2,33.2
2025-11-30,672:WA:SNTL,Olallie Meadows,4010,regional,1.9,8.0,27.7,0.0,27.8,5.8,33.5
2025-12-01,672:WA:SNTL,Olallie Meadows,4010,regional,2.2,9.0,31.5,0.3,28.1,6.5,34.2
2025-12-02,672:WA:SNTL,Olallie Meadows,4010,regional,2.4,9.0,28.9,0.2,28.3,8.0,34.3
2025-12-03,672:WA:SNTL,Olallie Meadows,4010,regional,2.4,9.0,31.6,0.0,28.3,8.2,34.4
2025-12-04,672:WA:SNTL,Olallie Meadows,4010,regional,2.9,10.0,36.0,0.7,29.0,8.5,34.4
2025-12-05,672:WA:SNTL,Olallie Meadows,4010,regional,2.6,8.0,36.1,1.2,30.2,8.4,35.0
2025-12-06,672:WA:SNTL,Olallie Meadows,4010,regional,2.4,7.0,35.4,0.7,30.9,9.4,35.8
2025-12-07,672:WA:SNTL,Olallie Meadows,4010,regional,2.4,6.0,37.6,1.7,32.6,9.8,36.6
2025-12-08,672:WA:SNTL,Olallie Meadows,4010,regional,1.4,2.0,32.5,5.5,38.1,10.1,36.6
2025-12-09,672:WA:SNTL,Olallie Meadows,4010,regional,2.4,6.0,32.9,2.2,40.3,10.9,37.0
2025-12-10,672:WA:SNTL,Olallie Meadows,4010,regional,0.1,1.0,45.3,6.0,46.3,11.8,37.2
2025-12-11,672:WA:SNTL,Olallie Meadows,4010,regional,0.0,0.0,42.8,3.1,49.4,12.6,37.2
2025-12-12,672:WA:SNTL,Olallie Meadows,4010,regional,0.0,0.0,40.1,0.8,50.2,12.6,37.8
2025-12-13,672:WA:SNTL,Olallie Meadows,4010,regional,0.0,0.0,45.7,0.0,50.2,13.0,37.8
2025-12-14,672:WA:SNTL,Olallie Meadows,4010,regional,0.0,0.0,42.6,0.0,50.2,13.3,37.8
2025-12-15,672:WA:SNTL,Olallie Meadows,4010,regional,0.0,0.0,34.7,3.6,53.8,13.3,38.2
2025-12-16,672:WA:SNTL,Olallie Meadows,4010,regional,0.0,0.0,40.3,2.6,56.4,13.2,39.4
2025-12-17,672:WA:SNTL,Olallie Meadows,4010,regional,0.4,3.0,30.6,1.6,58.0,13.6,40.2
2025-12-18,672:WA:SNTL,Olallie Meadows,4010,regional,2.3,7.0,28.8,2.6,60.6,13.8,41.7
2025-12-19,672:WA:SNTL,Olallie Meadows,4010,regional,3.2,14.0,26.8,0.8,61.4,14.7,42.2
2025-12-20,672:WA:SNTL,Olallie Meadows,4010,regional,4.9,25.0,30.2,1.6,63.0,15.1,42.6
2025-12-21,672:WA:SNTL,Olallie Meadows,4010,regional,5.4,26.0,29.1,0.6,63.6,15.2,43.2
2025-12-22,672:WA:SNTL,Olallie Meadows,4010,regional,6.1,30.0,27.1,1.0,64.6,15.6,43.4
2025-12-23,672:WA:SNTL,Olallie Meadows,4010,regional,6.2,28.0,30.0,0.0,64.6,15.9,44.2
2025-12-24,672:WA:SNTL,Olallie Meadows,4010,regional,6.5,26.0,29.7,0.4,65.0,15.9,44.6
2025-12-25,672:WA:SNTL,Olallie Meadows,4010,regional,6.5,26.0,30.6,0.0,65.0,16.0,45.0
2025-12-26,672:WA:SNTL,Olallie Meadows,4010,regional,7.6,31.0,23.5,0.9,65.9,16.8,45.0
2025-12-27,672:WA:SNTL,Olallie Meadows,4010,regional,8.1,34.0,21.6,0.5,66.4,17.3,45.7
2025-12-28,672:WA:SNTL,Olallie Meadows,4010,regional,8.1,32.0,21.2,0.2,66.6,17.8,46.7
2025-12-29,672:WA:SNTL,Olallie Meadows,4010,regional,8.1,31.0,23.7,0.0,66.6,18.0,47.6
2025-12-30,672:WA:SNTL,Olallie Meadows,4010,regional,8.0,30.0,23.7,0.0,66.6,19.0,48.0
2025-12-31,672:WA:SNTL,Olallie Meadows,4010,regional,8.0,29.0,,0.0,66.6,19.4,49.0
2026-01-01,672:WA:SNTL,Olallie Meadows,4010,regional,8.3,29.0,27.5,0.0,66.6,20.2,49.0
2026-01-02,672:WA:SNTL,Olallie Meadows,4010,regional,8.4,27.0,35.2,0.8,67.4,20.5,49.0
2026-01-03,672:WA:SNTL,Olallie Meadows,4010,regional,8.5,26.0,32.5,0.0,67.4,20.9,50.4
2026-01-04,672:WA:SNTL,Olallie Meadows,4010,regional,9.2,30.0,30.0,0.7,68.1,21.1,51.4
2026-01-05,672:WA:SNTL,Olallie Meadows,4010,regional,9.7,34.0,26.1,0.5,68.6,21.4,51.4
2026-01-06,672:WA:SNTL,Olallie Meadows,4010,regional,11.5,46.0,26.4,1.3,69.9,21.4,51.9
2026-01-07,672:WA:SNTL,Olallie Meadows,4010,regional,12.2,47.0,26.4,0.6,70.5,22.7,52.1
2026-01-08,672:WA:SNTL,Olallie Meadows,4010,regional,13.2,48.0,28.9,0.7,71.2,23.0,52.2
2026-01-09,672:WA:SNTL,Olallie Meadows,4010,regional,13.3,47.0,29.8,0.4,71.6,24.1,52.9
2026-01-10,672:WA:SNTL,Olallie Meadows,4010,regional,13.3,45.0,33.3,0.3,71.9,23.8,54.4
2026-01-11,672:WA:SNTL,Olallie Meadows,4010,regional,13.6,42.0,39.7,1.1,73.0,24.0,54.5
2026-01-12,672:WA:SNTL,Olallie Meadows,4010,regional,12.8,35.0,44.6,0.6,73.6,25.0,55.2
2026-01-13,672:WA:SNTL,Olallie Meadows,4010,regional,12.4,33.0,43.3,0.0,73.6,25.2,57.4
2026-01-14,672:WA:SNTL,Olallie Meadows,4010,regional,12.3,32.0,38.3,0.0,73.6,25.4,58.2
2026-01-15,672:WA:SNTL,Olallie Meadows,4010,regional,12.3,32.0,38.7,0.0,73.6,25.4,59.1
2026-01-16,672:WA:SNTL,Olallie Meadows,4010,regional,12.3,32.0,34.3,0.4,74.0,25.4,60.3
2026-01-17,672:WA:SNTL,Olallie Meadows,4010,regional,12.3,31.0,25.0,0.0,74.0,25.4,60.8
2026-01-18,672:WA:SNTL,Olallie Meadows,4010,regional,12.2,31.0,33.3,0.0,74.0,25.7,61.2
2026-01-19,672:WA:SNTL,Olallie Meadows,4010,regional,12.3,31.0,36.7,0.0,74.0,26.6,61.2
2026-01-20,672:WA:SNTL,Olallie Meadows,4010,regional,12.6,31.0,19.2,0.1,74.1,27.4,61.3
2026-01-21,672:WA:SNTL,Olallie Meadows,4010,regional,12.9,31.0,17.6,0.0,74.1,27.7,61.5
2026-01-22,672:WA:SNTL,Olallie Meadows,4010,regional,12.9,31.0,18.5,0.0,74.1,27.8,61.6
2026-01-23,672:WA:SNTL,Olallie Meadows,4010,regional,12.7,31.0,19.4,0.0,74.1,28.6,62.6
2026-01-24,672:WA:SNTL,Olallie Meadows,4010,regional,11.9,30.0,30.4,0.0,74.1,29.0,63.8
2026-01-25,672:WA:SNTL,Olallie Meadows,4010,regional,11.2,30.0,24.6,0.0,74.1,29.3,64.0
2026-01-26,672:WA:SNTL,Olallie Meadows,4010,regional,10.9,30.0,32.9,0.0,74.1,29.9,64.6
2026-01-27,672:WA:SNTL,Olallie Meadows,4010,regional,10.9,31.0,28.2,0.0,74.1,30.2,65.6
2026-01-28,672:WA:SNTL,Olallie Meadows,4010,regional,11.7,32.0,33.8,0.4,74.5,30.8,66.4
2026-01-29,672:WA:SNTL,Olallie Meadows,4010,regional,13.0,33.0,34.2,0.9,75.4,30.9,67.8
2026-01-30,672:WA:SNTL,Olallie Meadows,4010,regional,12.7,32.0,40.5,0.4,75.8,31.0,68.7
2026-01-31,672:WA:SNTL,Olallie Meadows,4010,regional,12.3,31.0,33.6,0.5,76.3,31.5,69.6
2026-02-01,672:WA:SNTL,Olallie Meadows,4010,regional,12.5,30.0,34.3,0.8,77.1,32.0,71.4
2026-02-02,672:WA:SNTL,Olallie Meadows,4010,regional,12.7,30.0,40.1,0.5,77.6,32.2,71.8
2026-02-03,672:WA:SNTL,Olallie Meadows,4010,regional,12.5,30.0,38.1,0.2,77.8,32.4,72.0
2026-02-04,672:WA:SNTL,Olallie Meadows,4010,regional,12.1,29.0,37.8,0.0,77.8,32.4,72.2
2026-02-05,672:WA:SNTL,Olallie Meadows,4010,regional,12.0,28.0,35.1,0.2,78.0,33.6,74.0
2026-02-06,672:WA:SNTL,Olallie Meadows,4010,regional,11.9,28.0,40.8,0.0,78.0,33.6,74.9
2026-02-07,672:WA:SNTL,Olallie Meadows,4010,regional,12.3,28.0,36.3,0.8,78.8,33.4,76.0
2026-02-08,672:WA:SNTL,Olallie Meadows,4010,regional,11.9,28.0,31.3,0.2,79.0,33.7,76.1
2026-02-09,672:WA:SNTL,Olallie Meadows,4010,regional,12.3,30.0,30.7,0.3,79.3,34.1,76.2
2026-02-10,672:WA:SNTL,Olallie Meadows,4010,regional,12.3,29.0,30.6,0.0,79.3,33.8,76.2
2026-02-11,672:WA:SNTL,Olallie Meadows,4010,regional,12.2,29.0,31.8,0.0,79.3,33.8,76.5
2026-02-12,672:WA:SNTL,Olallie Meadows,4010,regional,12.2,29.0,31.6,0.1,79.4,34.1,77.3
2026-02-13,672:WA:SNTL,Olallie Meadows,4010,regional,12.5,31.0,29.8,0.2,79.6,34.4,77.6
2026-02-14,672:WA:SNTL,Olallie Meadows,4010,regional,12.8,33.0,26.4,0.4,80.0,34.4,77.6
2026-02-15,672:WA:SNTL,Olallie Meadows,4010,regional,12.8,33.0,28.9,0.0,80.0,35.0,77.6
2026-02-16,672:WA:SNTL,Olallie Meadows,4010,regional,13.0,34.0,20.3,0.3,80.3,36.8,77.6
2026-02-17,672:WA:SNTL,Olallie Meadows,4010,regional,13.0,34.0,23.7,0.0,80.3,37.4,77.8
2026-02-18,672:WA:SNTL,Olallie Meadows,4010,regional,13.2,36.0,23.9,0.3,80.6,38.0,78.2
2026-02-19,672:WA:SNTL,Olallie Meadows,4010,regional,13.3,36.0,17.8,0.0,80.6,38.6,78.4
2026-02-20,672:WA:SNTL,Olallie Meadows,4010,regional,13.3,35.0,23.5,0.0,80.6,38.8,78.4
2026-02-21,672:WA:SNTL,Olallie Meadows,4010,regional,13.5,36.0,29.1,0.0,80.6,39.2,79.8
2026-02-22,672:WA:SNTL,Olallie Meadows,4010,regional,13.7,36.0,31.5,0.0,80.6,39.4,80.5
2026-02-23,672:WA:SNTL,Olallie Meadows,4010,regional,14.5,42.0,27.7,0.8,81.4,40.0,80.8
2026-02-24,672:WA:SNTL,Olallie Meadows,4010,regional,14.7,41.0,24.1,0.3,81.7,39.8,81.4
2026-02-25,672:WA:SNTL,Olallie Meadows,4010,regional,15.0,41.0,28.0,0.0,81.7,39.9,82.0
2026-02-26,672:WA:SNTL,Olallie Meadows,4010,regional,15.3,42.0,30.6,0.2,81.9,39.9,82.6
2026-02-27,672:WA:SNTL,Olallie Meadows,4010,regional,15.4,41.0,30.6,0.1,82.0,40.4,83.4
2026-02-28,672:WA:SNTL,Olallie Meadows,4010,regional,15.4,40.0,31.6,0.0,82.0,40.7,83.5
2026-03-01,672:WA:SNTL,Olallie Meadows,4010,regional,15.4,40.0,35.4,0.0,82.0,41.8,83.8
2026-03-02,672:WA:SNTL,Olallie Meadows,4010,regional,15.4,40.0,37.4,0.0,82.0,42.2,84.5
2026-03-03,672:WA:SNTL,Olallie Meadows,4010,regional,15.5,38.0,36.7,0.2,82.2,43.0,85.0
2026-03-04,672:WA:SNTL,Olallie Meadows,4010,regional,15.6,40.0,32.2,0.8,83.0,43.0,85.2
2026-03-05,672:WA:SNTL,Olallie Meadows,4010,regional,15.9,39.0,30.9,0.6,83.6,43.2,86.0
2026-03-06,672:WA:SNTL,Olallie Meadows,4010,regional,16.4,38.0,37.4,0.8,84.4,43.8,86.6
2026-03-07,672:WA:SNTL,Olallie Meadows,4010,regional,15.4,35.0,37.6,0.6,85.0,43.9,87.0
2026-03-08,672:WA:SNTL,Olallie Meadows,4010,regional,15.3,34.0,25.5,1.4,86.4,44.1,88.4
2026-03-09,672:WA:SNTL,Olallie Meadows,4010,regional,16.3,41.0,22.6,1.0,87.4,44.4,88.8
2026-03-10,672:WA:SNTL,Olallie Meadows,4010,regional,16.9,45.0,26.4,0.8,88.2,44.4,89.0
2026-03-11,672:WA:SNTL,Olallie Meadows,4010,regional,19.9,52.0,32.5,3.7,91.9,44.9,89.8
2026-03-12,672:WA:SNTL,Olallie Meadows,4010,regional,21.5,60.0,26.8,2.0,93.9,45.2,89.8
2026-03-13,672:WA:SNTL,Olallie Meadows,4010,regional,25.7,85.0,27.5,3.4,97.3,45.4,90.0
2026-03-14,672:WA:SNTL,Olallie Meadows,4010,regional,25.9,82.0,20.1,0.9,98.2,45.5,90.0
2026-03-15,672:WA:SNTL,Olallie Meadows,4010,regional,26.3,80.0,32.2,0.2,98.4,45.6,90.2
2026-03-16,672:WA:SNTL,Olallie Meadows,4010,regional,25.5,75.0,45.3,0.6,99.0,45.9,90.9
2026-03-17,672:WA:SNTL,Olallie Meadows,4010,regional,25.6,68.0,43.3,1.4,100.4,45.9,92.4
2026-03-18,672:WA:SNTL,Olallie Meadows,4010,regional,24.7,56.0,44.1,1.5,101.9,46.4,92.4
2026-03-19,672:WA:SNTL,Olallie Meadows,4010,regional,23.7,52.0,44.2,1.5,103.4,46.4,92.4
2026-03-20,672:WA:SNTL,Olallie Meadows,4010,regional,22.4,49.0,34.5,2.0,105.4,46.4,92.7
2026-03-21,672:WA:SNTL,Olallie Meadows,4010,regional,22.2,49.0,28.6,0.0,105.4,46.5,93.2
2026-03-22,672:WA:SNTL,Olallie Meadows,4010,regional,22.5,49.0,33.4,0.0,105.4,46.4,93.4
2026-03-23,672:WA:SNTL,Olallie Meadows,4010,regional,22.5,49.0,38.1,0.2,105.6,46.2,93.4
2026-03-24,672:WA:SNTL,Olallie Meadows,4010,regional,22.6,47.0,33.1,1.6,107.2,46.2,94.0
2026-03-25,672:WA:SNTL,Olallie Meadows,4010,regional,22.6,52.0,25.2,0.3,107.5,47.2,94.2
2026-03-26,672:WA:SNTL,Olallie Meadows,4010,regional,23.0,51.0,30.4,0.3,107.8,47.3,94.8
2026-03-27,672:WA:SNTL,Olallie Meadows,4010,regional,23.2,51.0,36.0,0.1,107.9,47.6,95.5
2026-03-28,672:WA:SNTL,Olallie Meadows,4010,regional,23.2,50.0,30.4,0.1,108.0,48.2,96.2
2026-03-29,672:WA:SNTL,Olallie Meadows,4010,regional,23.7,54.0,23.0,0.1,108.1,49.3,97.1
2026-03-30,672:WA:SNTL,Olallie Meadows,4010,regional,23.9,53.0,27.0,0.2,108.3,51.3,97.3
2026-03-31,672:WA:SNTL,Olallie Meadows,4010,regional,24.0,52.0,33.3,0.4,108.7,52.3,97.4
2026-04-01,672:WA:SNTL,Olallie Meadows,4010,regional,24.3,53.0,28.8,0.1,108.8,52.5,97.6
2026-04-02,672:WA:SNTL,Olallie Meadows,4010,regional,24.8,56.0,30.0,0.6,109.4,53.4,97.8
2026-04-03,672:WA:SNTL,Olallie Meadows,4010,regional,24.9,55.0,34.5,0.1,109.5,53.0,97.8
2026-04-04,672:WA:SNTL,Olallie Meadows,4010,regional,24.8,53.0,43.3,0.0,109.5,52.8,98.0
2026-04-05,672:WA:SNTL,Olallie Meadows,4010,regional,24.4,51.0,45.5,0.3,109.8,52.3,98.3
2026-04-06,672:WA:SNTL,Olallie Meadows,4010,regional,23.7,49.0,39.9,0.0,109.8,52.6,98.6
2026-04-07,672:WA:SNTL,Olallie Meadows,4010,regional,23.5,49.0,31.8,0.0,109.8,53.4,99.1
2026-04-08,672:WA:SNTL,Olallie Meadows,4010,regional,23.4,48.0,37.8,0.0,109.8,52.6,99.6
2026-04-09,672:WA:SNTL,Olallie Meadows,4010,regional,23.2,47.0,42.6,0.2,110.0,52.9,100.1
2026-04-10,672:WA:SNTL,Olallie Meadows,4010,regional,22.9,46.0,43.9,0.0,110.0,53.4,101.0
2026-04-11,672:WA:SNTL,Olallie Meadows,4010,regional,22.4,45.0,36.5,0.0,110.0,53.4,101.2
2026-04-12,672:WA:SNTL,Olallie Meadows,4010,regional,21.7,44.0,36.7,0.1,110.1,53.4,101.6
2026-04-13,672:WA:SNTL,Olallie Meadows,4010,regional,21.4,44.0,30.4,0.3,110.4,53.5,102.6
2026-04-14,672:WA:SNTL,Olallie Meadows,4010,regional,23.0,53.0,31.1,1.4,111.8,53.4,103.0
2026-04-15,672:WA:SNTL,Olallie Meadows,4010,regional,24.4,66.0,25.3,1.4,113.2,53.2,103.0
2026-04-16,672:WA:SNTL,Olallie Meadows,4010,regional,24.6,62.0,28.4,0.3,113.5,53.2,103.0
2026-04-17,672:WA:SNTL,Olallie Meadows,4010,regional,24.6,59.0,33.4,0.1,113.6,53.2,103.2
2026-04-18,672:WA:SNTL,Olallie Meadows,4010,regional,24.5,56.0,39.7,0.0,113.6,52.8,103.3
2026-04-19,672:WA:SNTL,Olallie Meadows,4010,regional,24.1,53.0,45.3,0.0,113.6,52.7,103.4
2026-04-20,672:WA:SNTL,Olallie Meadows,4010,regional,23.7,49.0,46.8,0.1,113.7,52.6,103.4
2026-04-21,672:WA:SNTL,Olallie Meadows,4010,regional,22.9,46.0,38.3,0.0,113.7,52.8,103.4
2026-04-22,672:WA:SNTL,Olallie Meadows,4010,regional,22.0,44.0,34.3,0.6,114.3,52.5,104.2
2026-04-23,672:WA:SNTL,Olallie Meadows,4010,regional,21.5,44.0,33.8,0.0,114.3,52.2,104.4
2026-04-24,672:WA:SNTL,Olallie Meadows,4010,regional,21.5,44.0,34.3,0.1,114.4,51.9,104.4
2026-04-25,672:WA:SNTL,Olallie Meadows,4010,regional,21.4,43.0,37.4,0.0,114.4,51.3,104.8
2026-04-26,672:WA:SNTL,Olallie Meadows,4010,regional,21.0,42.0,37.8,0.0,114.4,51.2,105.0
2026-04-27,672:WA:SNTL,Olallie Meadows,4010,regional,20.3,40.0,36.3,0.0,114.4,51.2,105.8
2026-04-28,672:WA:SNTL,Olallie Meadows,4010,regional,19.7,40.0,35.4,0.0,114.4,51.6,105.8
2026-04-29,672:WA:SNTL,Olallie Meadows,4010,regional,19.0,38.0,45.7,0.0,114.4,51.2,106.1
2026-04-30,672:WA:SNTL,Olallie Meadows,4010,regional,18.0,36.0,52.0,0.0,114.4,51.0,106.8
2026-05-01,672:WA:SNTL,Olallie Meadows,4010,regional,16.6,34.0,47.7,0.0,114.4,51.2,107.0
2026-05-02,672:WA:SNTL,Olallie Meadows,4010,regional,15.2,30.0,55.9,0.0,114.4,51.4,107.2
2026-05-03,672:WA:SNTL,Olallie Meadows,4010,regional,13.8,27.0,55.8,0.0,114.4,51.0,107.6
2026-05-04,672:WA:SNTL,Olallie Meadows,4010,regional,12.5,25.0,51.1,0.0,114.4,50.6,108.0
2026-05-05,672:WA:SNTL,Olallie Meadows,4010,regional,11.2,23.0,46.0,0.0,114.4,50.4,108.2
2026-05-06,672:WA:SNTL,Olallie Meadows,4010,regional,9.9,20.0,40.8,0.0,114.4,50.2,108.7
2026-05-07,672:WA:SNTL,Olallie Meadows,4010,regional,8.8,19.0,43.3,0.0,114.4,50.0,108.7
2026-05-08,672:WA:SNTL,Olallie Meadows,4010,regional,8.0,17.0,39.9,0.0,114.4,49.3,108.7
2026-05-09,672:WA:SNTL,Olallie Meadows,4010,regional,6.9,15.0,50.9,0.0,114.4,48.3,108.7
2026-05-10,672:WA:SNTL,Olallie Meadows,4010,regional,5.9,12.0,40.3,0.0,114.4,47.2,108.8
2026-05-11,672:WA:SNTL,Olallie Meadows,4010,regional,4.7,10.0,53.4,0.1,114.5,46.2,109.0
2026-05-12,672:WA:SNTL,Olallie Meadows,4010,regional,3.2,8.0,46.9,0.0,114.5,45.2,109.4
2026-05-13,672:WA:SNTL,Olallie Meadows,4010,regional,2.4,5.0,39.0,1.7,116.2,44.4,109.8
2026-05-14,672:WA:SNTL,Olallie Meadows,4010,regional,1.9,4.0,35.1,0.6,116.8,42.7,109.9
2026-05-15,672:WA:SNTL,Olallie Meadows,4010,regional,2.4,7.0,32.0,0.6,117.4,41.2,110.2
2026-05-16,672:WA:SNTL,Olallie Meadows,4010,regional,3.1,9.0,31.8,0.8,118.2,39.6,111.0
2026-05-17,672:WA:SNTL,Olallie Meadows,4010,regional,2.9,7.0,37.4,0.0,118.2,38.6,111.2
2026-05-18,672:WA:SNTL,Olallie Meadows,4010,regional,2.2,6.0,40.1,0.1,118.3,37.4,111.2
2026-05-19,672:WA:SNTL,Olallie Meadows,4010,regional,1.4,3.0,41.0,0.0,118.3,36.4,111.2
2026-05-20,672:WA:SNTL,Olallie Meadows,4010,regional,0.1,2.0,43.3,0.0,118.3,36.4,111.4
2026-05-21,672:WA:SNTL,Olallie Meadows,4010,regional,0.0,1.0,50.7,0.0,118.3,35.5,112.0
2026-05-22,672:WA:SNTL,Olallie Meadows,4010,regional,0.0,0.0,49.3,0.0,118.3,34.4,112.2
2026-05-23,672:WA:SNTL,Olallie Meadows,4010,regional,0.0,0.0,45.7,0.0,118.3,33.1,112.2
2026-05-24,672:WA:SNTL,Olallie Meadows,4010,regional,0.0,0.0,50.5,0.0,118.3,31.4,112.2
2026-05-25,672:WA:SNTL,Olallie Meadows,4010,regional,0.0,0.0,37.4,0.0,118.3,30.2,112.6
2026-05-26,672:WA:SNTL,Olallie Meadows,4010,regional,0.0,0.0,41.9,0.0,118.3,29.2,112.6
2026-05-27,672:WA:SNTL,Olallie Meadows,4010,regional,0.0,0.0,52.3,0.0,118.3,28.6,112.6
2026-05-28,672:WA:SNTL,Olallie Meadows,4010,regional,0.0,0.0,50.4,0.0,118.3,28.0,112.6
2026-05-29,672:WA:SNTL,Olallie Meadows,4010,regional,0.0,0.0,37.0,0.3,118.6,27.2,112.6
2026-05-30,672:WA:SNTL,Olallie Meadows,4010,regional,0.0,0.0,34.7,0.0,118.6,25.9,113.2
2026-05-31,672:WA:SNTL,Olallie Meadows,4010,regional,0.0,0.0,42.6,0.0,118.6,24.4,113.2
2026-06-01,672:WA:SNTL,Olallie Meadows,4010,regional,0.0,0.0,53.1,0.0,118.6,22.4,113.6
2026-06-02,672:WA:SNTL,Olallie Meadows,4010,regional,0.0,0.0,55.4,0.0,118.6,20.6,113.6
2026-06-03,672:WA:SNTL,Olallie Meadows,4010,regional,0.0,0.0,44.1,0.0,118.6,19.0,113.6
2026-06-04,672:WA:SNTL,Olallie Meadows,4010,regional,0.0,0.0,40.8,0.0,118.6,17.4,113.6
2026-06-05,672:WA:SNTL,Olallie Meadows,4010,regional,0.0,0.0,35.1,0.4,119.0,16.2,113.7
2026-06-06,672:WA:SNTL,Olallie Meadows,4010,regional,0.0,0.0,35.1,0.4,119.4,14.9,113.7
2026-06-07,672:WA:SNTL,Olallie Meadows,4010,regional,0.0,0.0,38.3,0.0,119.4,13.6,114.1
2026-06-08,672:WA:SNTL,Olallie Meadows,4010,regional,0.0,0.0,43.7,0.7,120.1,11.9,114.6
2026-06-09,672:WA:SNTL,Olallie Meadows,4010,regional,0.0,0.0,36.7,2.3,122.4,10.8,114.8
2026-06-10,672:WA:SNTL,Olallie Meadows,4010,regional,0.0,0.0,38.5,0.2,122.6,10.5,114.8
2026-06-11,672:WA:SNTL,Olallie Meadows,4010,regional,0.0,0.0,44.8,0.0,122.6,9.3,115.0
2026-06-12,672:WA:SNTL,Olallie Meadows,4010,regional,0.0,0.0,49.1,0.0,122.6,8.6,115.1
2026-06-13,672:WA:SNTL,Olallie Meadows,4010,regional,0.0,0.0,59.0,0.0,122.6,8.0,115.2
2026-06-14,672:WA:SNTL,Olallie Meadows,4010,regional,0.0,0.0,62.6,0.0,122.6,7.3,115.2
2026-06-15,672:WA:SNTL,Olallie Meadows,4010,regional,0.0,0.0,58.5,0.0,122.6,6.4,116.2
2026-06-16,672:WA:SNTL,Olallie Meadows,4010,regional,0.0,0.0,46.8,0.0,122.6,5.5,116.8
2026-06-17,672:WA:SNTL,Olallie Meadows,4010,regional,0.0,0.0,46.0,0.0,122.6,4.0,117.0
2026-06-18,672:WA:SNTL,Olallie Meadows,4010,regional,0.0,0.0,61.5,0.0,122.6,2.4,117.0
2026-06-19,672:WA:SNTL,Olallie Meadows,4010,regional,0.0,0.0,54.3,0.0,122.6,1.0,117.2
2026-06-20,672:WA:SNTL,Olallie Meadows,4010,regional,0.0,0.0,44.8,0.0,122.6,0.6,118.0
2026-06-21,672:WA:SNTL,Olallie Meadows,4010,regional,0.0,0.0,52.2,0.0,122.6,0.2,118.0
2026-06-22,672:WA:SNTL,Olallie Meadows,4010,regional,0.0,0.0,62.1,0.0,122.6,0.0,118.0
2026-06-23,672:WA:SNTL,Olallie Meadows,4010,regional,0.0,0.0,63.1,0.0,122.6,0.0,118.1
2026-06-24,672:WA:SNTL,Olallie Meadows,4010,regional,0.0,0.0,54.0,0.0,122.6,0.0,118.2
2026-06-25,672:WA:SNTL,Olallie Meadows,4010,regional,0.0,0.0,44.8,0.1,122.7,0.0,118.4
2026-06-26,672:WA:SNTL,Olallie Meadows,4010,regional,0.0,0.0,42.6,1.0,123.7,0.0,118.4
2026-06-27,672:WA:SNTL,Olallie Meadows,4010,regional,0.0,0.0,43.0,0.1,123.8,0.0,118.4
2026-06-28,672:WA:SNTL,Olallie Meadows,4010,regional,0.0,0.0,43.9,0.1,123.9,0.0,118.4
2026-06-29,672:WA:SNTL,Olallie Meadows,4010,regional,0.0,0.0,44.6,0.0,123.9,0.0,118.4
2026-06-30,672:WA:SNTL,Olallie Meadows,4010,regional,0.0,0.0,41.2,0.0,123.9,0.0,118.4
2026-07-01,672:WA:SNTL,Olallie Meadows,4010,regional,0.0,0.0,44.1,0.0,123.9,0.0,118.4
2026-07-02,672:WA:SNTL,Olallie Meadows,4010,regional,0.0,0.0,49.6,0.1,124.0,0.0,118.4
2026-07-03,672:WA:SNTL,Olallie Meadows,4010,regional,0.0,0.0,49.5,0.0,124.0,0.0,118.4
2026-07-04,672:WA:SNTL,Olallie Meadows,4010,regional,0.0,0.0,47.3,0.0,124.0,0.0,118.4
2026-07-05,672:WA:SNTL,Olallie Meadows,4010,regional,0.0,0.0,55.9,0.0,124.0,0.0,118.4
2026-07-06,672:WA:SNTL,Olallie Meadows,4010,regional,0.0,0.0,59.0,0.0,124.0,0.0,118.4
2026-07-07,672:WA:SNTL,Olallie Meadows,4010,regional,0.0,0.0,48.7,0.0,124.0,0.0,118.4
2026-07-08,672:WA:SNTL,Olallie Meadows,4010,regional,0.0,0.0,49.8,0.0,124.0,0.0,118.4
2026-07-09,672:WA:SNTL,Olallie Meadows,4010,regional,0.0,0.0,51.1,0.0,124.0,0.0,118.4
2026-07-10,672:WA:SNTL,Olallie Meadows,4010,regional,0.0,0.0,52.2,0.0,124.0,0.0,118.4
2026-07-11,672:WA:SNTL,Olallie Meadows,4010,regional,0.0,0.0,49.3,0.0,124.0,0.0,118.4
2026-07-12,672:WA:SNTL,Olallie Meadows,4010,regional,0.0,0.0,48.4,0.0,124.0,0.0,118.4
2026-07-13,672:WA:SNTL,Olallie Meadows,4010,regional,0.0,0.0,57.7,0.1,124.1,0.0,118.4
2026-07-14,672:WA:SNTL,Olallie Meadows,4010,regional,0.0,0.0,59.9,0.0,124.1,0.0,118.4
2026-07-15,672:WA:SNTL,Olallie Meadows,4010,regional,0.0,0.0,63.9,0.0,124.1,0.0,118.4
2026-07-16,672:WA:SNTL,Olallie Meadows,4010,regional,0.0,0.0,48.6,0.0,124.1,0.0,118.4
2026-07-17,672:WA:SNTL,Olallie Meadows,4010,regional,0.0,0.0,48.2,0.0,124.1,0.0,118.4
2026-07-18,672:WA:SNTL,Olallie Meadows,4010,regional,0.0,0.0,48.0,0.0,124.1,0.0,118.4
2026-07-19,672:WA:SNTL,Olallie Meadows,4010,regional,0.0,0.0,56.5,0.0,124.1,0.0,118.4
2026-07-20,672:WA:SNTL,Olallie Meadows,4010,regional,0.0,0.0,66.0,0.1,124.2,0.0,118.4
2026-07-21,672:WA:SNTL,Olallie Meadows,4010,regional,0.0,0.0,69.6,0.0,124.2,0.0,118.4
2026-07-22,672:WA:SNTL,Olallie Meadows,4010,regional,0.0,0.0,58.3,0.4,124.6,0.0,118.4
2026-07-23,672:WA:SNTL,Olallie Meadows,4010,regional,0.0,0.0,54.1,0.0,124.6,0.0,118.4
2026-07-24,672:WA:SNTL,Olallie Meadows,4010,regional,0.0,0.0,54.7,0.0,124.6,0.0,118.4
2026-07-25,672:WA:SNTL,Olallie Meadows,4010,regional,0.0,0.0,50.5,0.0,124.6,0.0,118.4
2026-07-26,672:WA:SNTL,Olallie Meadows,4010,regional,0.0,0.0,51.3,0.0,124.6,0.0,118.5
2026-07-27,672:WA:SNTL,Olallie Meadows,4010,regional,0.0,0.0,52.7,0.0,124.6,0.0,118.5
2026-07-28,672:WA:SNTL,Olallie Meadows,4010,regional,0.0,0.0,49.8,0.0,124.6,0.0,118.5
2026-07-29,672:WA:SNTL,Olallie Meadows,4010,regional,0.0,0.0,50.5,0.0,124.6,0.0,118.5
2026-07-30,672:WA:SNTL,Olallie Meadows,4010,regional,0.0,0.0,51.1,0.0,124.6,0.0,118.5
2026-07-31,672:WA:SNTL,Olallie Meadows,4010,regional,0.0,0.0,55.9,0.0,124.6,0.0,118.6
2026-08-01,672:WA:SNTL,Olallie Meadows,4010,regional,0.0,0.0,44.6,0.2,124.8,0.0,118.6
2026-08-02,672:WA:SNTL,Olallie Meadows,4010,regional,0.0,0.0,43.3,0.0,124.8,0.0,118.7
2026-08-03,672:WA:SNTL,Olallie Meadows,4010,regional,0.0,0.0,55.9,0.1,124.9,0.0,118.7
2026-08-04,672:WA:SNTL,Olallie Meadows,4010,regional,0.0,0.0,61.5,0.0,124.9,0.0,118.7
2026-08-05,672:WA:SNTL,Olallie Meadows,4010,regional,0.0,0.0,61.5,0.0,124.9,0.0,118.7
2026-08-06,672:WA:SNTL,Olallie Meadows,4010,regional,0.0,0.0,63.0,0.0,124.9,0.0,118.7
2026-08-07,672:WA:SNTL,Olallie Meadows,4010,regional,0.0,0.0,59.2,0.0,124.9,0.0,118.7
2026-08-08,672:WA:SNTL,Olallie Meadows,4010,regional,0.0,0.0,55.2,0.0,124.9,0.0,118.7
2026-08-09,672:WA:SNTL,Olallie Meadows,4010,regional,0.0,0.0,50.5,0.0,124.9,0.0,118.7
2026-08-10,672:WA:SNTL,Olallie Meadows,4010,regional,0.0,0.0,50.2,0.0,124.9,0.0,118.8
2026-08-11,672:WA:SNTL,Olallie Meadows,4010,regional,0.0,0.0,51.1,0.0,124.9,0.0,119.0
2026-08-12,672:WA:SNTL,Olallie Meadows,4010,regional,0.0,0.0,52.5,0.0,124.9,0.0,119.6
2026-08-13,672:WA:SNTL,Olallie Meadows,4010,regional,0.0,0.0,57.4,0.0,124.9,0.0,119.7
2026-08-14,672:WA:SNTL,Olallie Meadows,4010,regional,0.0,0.0,55.9,0.0,124.9,0.0,119.9
2026-08-15,672:WA:SNTL,Olallie Meadows,4010,regional,0.0,0.0,53.6,0.0,124.9,0.0,119.9
2026-08-16,672:WA:SNTL,Olallie Meadows,4010,regional,0.0,0.0,52.9,0.0,124.9,0.0,119.9
2026-08-17,672:WA:SNTL,Olallie Meadows,4010,regional,0.0,0.0,55.6,0.0,124.9,0.0,120.0
2026-08-18,672:WA:SNTL,Olallie Meadows,4010,regional,0.0,0.0,55.6,0.0,124.9,0.0,120.0
2026-08-19,672:WA:SNTL,Olallie Meadows,4010,regional,0.0,0.0,57.4,0.0,124.9,0.0,120.0
2026-08-20,672:WA:SNTL,Olallie Meadows,4010,regional,0.0,0.0,66.2,0.0,124.9,0.0,120.0
2026-08-21,672:WA:SNTL,Olallie Meadows,4010,regional,0.0,0.0,61.3,0.0,124.9,0.0,120.0
2026-08-22,672:WA:SNTL,Olallie Meadows,4010,regional,0.0,0.0,49.5,0.0,124.9,0.0,120.0
2026-08-23,672:WA:SNTL,Olallie Meadows,4010,regional,0.0,0.0,49.1,0.0,124.9,0.0,120.0
2026-08-24,672:WA:SNTL,Olallie Meadows,4010,regional,0.0,0.0,63.7,0.0,124.9,0.0,120.0
2026-08-25,672:WA:SNTL,Olallie Meadows,4010,regional,0.0,0.0,59.7,0.0,124.9,0.0,120.0
2026-08-26,672:WA:SNTL,Olallie Meadows,4010,regional,0.0,0.0,53.6,0.0,124.9,0.0,120.0
2026-08-27,672:WA:SNTL,Olallie Meadows,4010,regional,0.0,0.0,49.1,0.0,124.9,0.0,120.1
2026-08-28,672:WA:SNTL,Olallie Meadows,4010,regional,0.0,0.0,47.1,0.0,124.9,0.0,120.2
2026-08-29,672:WA:SNTL,Olallie Meadows,4010,regional,0.0,0.0,43.5,0.5,125.4,0.0,120.6
2026-08-30,672:WA:SNTL,Olallie Meadows,4010,regional,0.0,0.0,46.2,0.0,125.4,0.0,121.4
2026-08-31,672:WA:SNTL,Olallie Meadows,4010,regional,0.0,0.0,58.6,0.0,125.4,0.0,121.6
2026-09-01,672:WA:SNTL,Olallie Meadows,4010,regional,0.0,0.0,47.5,0.0,125.4,0.0,121.6
2026-09-02,672:WA:SNTL,Olallie Meadows,4010,regional,0.0,0.0,40.8,0.2,125.6,0.0,121.9
2026-09-03,672:WA:SNTL,Olallie Meadows,4010,regional,0.0,0.0,41.2,0.1,125.7,0.0,122.0
2026-09-04,672:WA:SNTL,Olallie Meadows,4010,regional,0.0,0.0,44.1,0.3,126.0,0.0,122.0
2026-09-05,672:WA:SNTL,Olallie Meadows,4010,regional,0.0,0.0,46.8,0.1,126.1,0.0,122.0
2026-09-06,672:WA:SNTL,Olallie Meadows,4010,regional,0.0,0.0,47.5,0.1,126.2,0.0,122.0
2026-09-07,672:WA:SNTL,Olallie Meadows,4010,regional,0.0,0.0,44.8,0.0,126.2,0.0,122.0
2026-09-08,672:WA:SNTL,Olallie Meadows,4010,regional,0.0,0.0,52.9,0.1,126.3,0.0,122.0
2026-09-09,672:WA:SNTL,Olallie Meadows,4010,regional,0.0,0.0,57.6,0.1,126.4,0.0,122.0
2026-09-10,672:WA:SNTL,Olallie Meadows,4010,regional,0.0,0.0,47.7,0.0,126.4,0.0,122.4
2026-09-11,672:WA:SNTL,Olallie Meadows,4010,regional,0.0,0.0,51.3,0.0,126.4,0.0,122.6
2026-09-12,672:WA:SNTL,Olallie Meadows,4010,regional,0.0,0.0,45.9,0.2,126.6,0.0,122.6
2026-09-13,672:WA:SNTL,Olallie Meadows,4010,regional,0.0,0.0,43.5,1.4,128.0,0.0,122.8
2026-09-14,672:WA:SNTL,Olallie Meadows,4010,regional,0.0,0.0,41.7,0.0,128.0,0.0,123.0
2026-09-15,672:WA:SNTL,Olallie Meadows,4010,regional,0.0,0.0,45.3,0.1,128.1,0.0,123.4
2026-09-16,672:WA:SNTL,Olallie Meadows,4010,regional,0.0,0.0,52.7,0.1,128.2,0.0,123.7
2026-09-17,672:WA:SNTL,Olallie Meadows,4010,regional,0.0,0.0,52.0,0.0,128.2,0.0,123.7
2026-09-18,672:WA:SNTL,Olallie Meadows,4010,regional,0.0,0.0,48.7,0.0,128.2,0.0,123.8
2026-09-19,672:WA:SNTL,Olallie Meadows,4010,regional,0.0,0.0,57.4,0.0,128.2,0.0,123.8
2026-09-20,672:WA:SNTL,Olallie Meadows,4010,regional,0.0,0.0,58.8,0.0,128.2,0.0,123.9
2026-09-21,672:WA:SNTL,Olallie Meadows,4010,regional,0.0,0.0,48.4,0.0,128.2,0.0,123.9
2026-09-22,672:WA:SNTL,Olallie Meadows,4010,regional,0.0,0.0,44.6,0.0,128.2,0.0,124.1
2026-09-23,672:WA:SNTL,Olallie Meadows,4010,regional,0.0,0.0,42.3,0.0,128.2,0.0,125.1
2026-09-24,672:WA:SNTL,Olallie Meadows,4010,regional,0.0,0.0,47.5,0.0,128.2,0.0,125.4
2026-09-25,672:WA:SNTL,Olallie Meadows,4010,regional,0.0,0.0,37.6,0.8,129.0,0.0,125.8
2026-09-26,672:WA:SNTL,Olallie Meadows,4010,regional,0.0,0.0,42.4,0.0,129.0,0.0,126.0
2026-09-27,672:WA:SNTL,Olallie Meadows,4010,regional,0.0,1.0,44.2,0.0,129.0,0.0,126.0
2026-09-28,672:WA:SNTL,Olallie Meadows,4010,regional,0.0,0.0,45.9,0.1,129.1,0.0,126.0
2026-09-29,672:WA:SNTL,Olallie Meadows,4010,regional,0.0,0.0,42.6,1.4,130.5,0.0,126.5
2026-09-30,672:WA:SNTL,Olallie Meadows,4010,regional,0.0,0.0,46.9,0.0,130.5,0.0,126.8
2025-10-01,420:WA:SNTL,Cougar Mountain,3210,regional,0.2,0.0,43.7,0.5,0.5,0.0,0.1
2025-10-02,420:WA:SNTL,Cougar Mountain,3210,regional,0.2,0.0,43.3,0.0,0.5,0.0,0.2
2025-10-03,420:WA:SNTL,Cougar Mountain,3210,regional,0.3,0.0,45.5,0.0,0.5,0.0,0.2
2025-10-04,420:WA:SNTL,Cougar Mountain,3210,regional,0.2,0.0,42.3,0.1,0.6,0.0,0.5
2025-10-05,420:WA:SNTL,Cougar Mountain,3210,regional,0.2,0.0,43.7,0.0,0.6,0.0,0.7
2025-10-06,420:WA:SNTL,Cougar Mountain,3210,regional,0.5,0.0,56.5,0.0,0.6,0.0,0.9
2025-10-07,420:WA:SNTL,Cougar Mountain,3210,regional,0.4,0.0,47.3,0.0,0.6,0.0,1.2
2025-10-08,420:WA:SNTL,Cougar Mountain,3210,regional,0.2,1.0,42.4,0.0,0.6,0.0,1.8
2025-10-09,420:WA:SNTL,Cougar Mountain,3210,regional,0.4,0.0,45.7,0.3,0.9,0.0,1.8
2025-10-10,420:WA:SNTL,Cougar Mountain,3210,regional,0.2,1.0,41.9,0.3,1.2,0.0,2.2
2025-10-11,420:WA:SNTL,Cougar Mountain,3210,regional,0.1,1.0,39.0,1.1,2.3,0.0,2.2
2025-10-12,420:WA:SNTL,Cougar Mountain,3210,regional,0.0,0.0,36.1,0.3,2.6,0.0,2.3
2025-10-13,420:WA:SNTL,Cougar Mountain,3210,regional,0.1,0.0,40.6,0.0,2.6,0.0,2.6
2025-10-14,420:WA:SNTL,Cougar Mountain,3210,regional,0.1,0.0,43.2,0.0,2.6,0.0,3.0
2025-10-15,420:WA:SNTL,Cougar Mountain,3210,regional,0.0,0.0,39.2,0.0,2.6,0.0,3.1
2025-10-16,420:WA:SNTL,Cougar Mountain,3210,regional,0.2,0.0,41.7,0.0,2.6,0.0,3.2
2025-10-17,420:WA:SNTL,Cougar Mountain,3210,regional,0.1,0.0,38.1,0.0,2.6,0.0,3.4
2025-10-18,420:WA:SNTL,Cougar Mountain,3210,regional,0.2,0.0,43.9,0.8,3.4,0.0,4.0
2025-10-19,420:WA:SNTL,Cougar Mountain,3210,regional,0.1,1.0,39.7,0.9,4.3,0.0,4.3
2025-10-20,420:WA:SNTL,Cougar Mountain,3210,regional,0.1,1.0,38.3,0.1,4.4,0.0,4.6
2025-10-21,420:WA:SNTL,Cougar Mountain,3210,regional,0.2,0.0,49.3,0.0,4.4,0.0,5.0
2025-10-22,420:WA:SNTL,Cougar Mountain,3210,regional,0.3,1.0,44.2,0.0,4.4,0.0,5.8
2025-10-23,420:WA:SNTL,Cougar Mountain,3210,regional,0.2,1.0,43.9,0.0,4.4,0.0,6.0
2025-10-24,420:WA:SNTL,Cougar Mountain,3210,regional,0.1,1.0,37.6,1.7,6.1,0.0,6.0
2025-10-25,420:WA:SNTL,Cougar Mountain,3210,regional,0.0,0.0,35.4,0.2,6.3,0.0,6.0
2025-10-26,420:WA:SNTL,Cougar Mountain,3210,regional,0.3,1.0,34.7,0.8,7.1,0.0,7.0
2025-10-27,420:WA:SNTL,Cougar Mountain,3210,regional,0.3,2.0,36.1,0.6,7.7,0.0,7.3
2025-10-28,420:WA:SNTL,Cougar Mountain,3210,regional,0.1,1.0,40.5,0.7,8.4,0.0,7.8
2025-10-29,420:WA:SNTL,Cougar Mountain,3210,regional,0.0,0.0,35.1,0.4,8.8,0.0,7.8
2025-10-30,420:WA:SNTL,Cougar Mountain,3210,regional,0.1,0.0,41.7,0.0,8.8,0.0,8.7
2025-10-31,420:WA:SNTL,Cougar Mountain,3210,regional,0.2,0.0,46.0,1.1,9.9,0.0,10.0
2025-11-01,420:WA:SNTL,Cougar Mountain,3210,regional,0.0,0.0,35.8,1.9,11.8,0.0,10.6
2025-11-02,420:WA:SNTL,Cougar Mountain,3210,regional,0.0,0.0,40.1,0.2,12.0,0.0,11.0
2025-11-03,420:WA:SNTL,Cougar Mountain,3210,regional,0.0,0.0,36.7,0.3,12.3,0.0,11.4
2025-11-04,420:WA:SNTL,Cougar Mountain,3210,regional,0.0,0.0,41.5,0.0,12.3,0.0,11.6
2025-11-05,420:WA:SNTL,Cougar Mountain,3210,regional,0.1,1.0,41.4,0.6,12.9,0.0,12.0
2025-11-06,420:WA:SNTL,Cougar Mountain,3210,regional,0.1,0.0,36.9,2.3,15.2,0.0,12.3
2025-11-07,420:WA:SNTL,Cougar Mountain,3210,regional,0.0,0.0,34.9,0.7,15.9,0.0,13.0
2025-11-08,420:WA:SNTL,Cougar Mountain,3210,regional,0.1,0.0,44.6,0.0,15.9,0.0,13.0
2025-11-09,420:WA:SNTL,Cougar Mountain,3210,regional,0.2,0.0,47.5,0.0,15.9,0.0,13.2
2025-11-10,420:WA:SNTL,Cougar Mountain,3210,regional,0.1,1.0,38.5,0.0,15.9,0.0,13.4
2025-11-11,420:WA:SNTL,Cougar Mountain,3210,regional,0.1,0.0,45.7,0.0,15.9,0.0,13.6
2025-11-12,420:WA:SNTL,Cougar Mountain,3210,regional,0.2,1.0,43.9,0.0,15.9,0.0,14.2
2025-11-13,420:WA:SNTL,Cougar Mountain,3210,regional,0.2,0.0,44.1,0.8,16.7,0.0,15.0
2025-11-14,420:WA:SNTL,Cougar Mountain,3210,regional,0.2,0.0,44.6,0.9,17.6,0.0,15.4
2025-11-15,420:WA:SNTL,Cougar Mountain,3210,regional,0.2,0.0,48.4,0.3,17.9,0.0,15.8
2025-11-16,420:WA:SNTL,Cougar Mountain,3210,regional,0.2,1.0,44.6,0.2,18.1,0.0,16.2
2025-11-17,420:WA:SNTL,Cougar Mountain,3210,regional,0.0,0.0,33.4,0.5,18.6,0.0,17.5
2025-11-18,420:WA:SNTL,Cougar Mountain,3210,regional,0.0,0.0,31.5,0.1,18.7,0.4,18.0
2025-11-19,420:WA:SNTL,Cougar Mountain,3210,regional,0.0,0.0,37.6,0.0,18.7,0.4,18.2
2025-11-20,420:WA:SNTL,Cougar Mountain,3210,regional,0.0,0.0,34.7,0.0,18.7,0.6,18.2
2025-11-21,420:WA:SNTL,Cougar Mountain,3210,regional,0.0,0.0,40.6,0.0,18.7,0.6,19.0
2025-11-22,420:WA:SNTL,Cougar Mountain,3210,regional,0.0,0.0,40.8,0.0,18.7,0.8,20.6
2025-11-23,420:WA:SNTL,Cougar Mountain,3210,regional,0.0,0.0,32.7,1.0,19.7,1.2,20.8
2025-11-24,420:WA:SNTL,Cougar Mountain,3210,regional,0.0,0.0,32.2,0.1,19.8,1.0,21.2
2025-11-25,420:WA:SNTL,Cougar Mountain,3210,regional,0.0,1.0,33.4,0.5,20.3,0.9,22.1
2025-11-26,420:WA:SNTL,Cougar Mountain,3210,regional,0.0,0.0,38.3,0.0,20.3,1.3,22.2
2025-11-27,420:WA:SNTL,Cougar Mountain,3210,regional,0.0,0.0,36.5,0.9,21.2,1.2,22.8
2025-11-28,420:WA:SNTL,Cougar Mountain,3210,regional,0.0,0.0,36.1,0.0,21.2,1.8,23.4
2025-11-29,420:WA:SNTL,Cougar Mountain,3210,regional,0.0,0.0,30.4,0.1,21.3,1.5,23.9
2025-11-30,420:WA:SNTL,Cougar Mountain,3210,regional,0.0,0.0,32.5,0.0,21.3,1.8,24.2
2025-12-01,420:WA:SNTL,Cougar Mountain,3210,regional,0.2,1.0,32.9,0.3,21.6,2.0,24.4
2025-12-02,420:WA:SNTL,Cougar Mountain,3210,regional,0.4,1.0,31.6,0.4,22.0,2.3,25.0
2025-12-03,420:WA:SNTL,Cougar Mountain,3210,regional,0.4,1.0,34.7,0.0,22.0,3.0,25.2
2025-12-04,420:WA:SNTL,Cougar Mountain,3210,regional,0.3,1.0,38.5,0.9,22.9,2.7,25.6
2025-12-05,420:WA:SNTL,Cougar Mountain,3210,regional,0.0,0.0,39.2,1.0,23.9,2.5,26.4
2025-12-06,420:WA:SNTL,Cougar Mountain,3210,regional,0.0,0.0,39.0,1.2,25.1,2.6,26.8
2025-12-07,420:WA:SNTL,Cougar Mountain,3210,regional,0.0,0.0,40.6,1.2,26.3,3.1,27.3
2025-12-08,420:WA:SNTL,Cougar Mountain,3210,regional,0.0,0.0,41.2,5.8,32.1,3.5,27.6
2025-12-09,420:WA:SNTL,Cougar Mountain,3210,regional,0.0,0.0,46.8,2.2,34.3,3.8,27.6
2025-12-10,420:WA:SNTL,Cougar Mountain,3210,regional,0.0,0.0,46.8,6.2,40.5,4.0,27.9
2025-12-11,420:WA:SNTL,Cougar Mountain,3210,regional,0.0,0.0,45.5,3.2,43.7,4.0,28.6
2025-12-12,420:WA:SNTL,Cougar Mountain,3210,regional,0.0,0.0,42.4,0.3,44.0,4.0,30.0
2025-12-13,420:WA:SNTL,Cougar Mountain,3210,regional,0.0,0.0,48.2,0.0,44.0,4.4,30.8
2025-12-14,420:WA:SNTL,Cougar Mountain,3210,regional,0.0,0.0,47.1,0.0,44.0,4.4,31.0
2025-12-15,420:WA:SNTL,Cougar Mountain,3210,regional,0.0,0.0,38.3,2.6,46.6,4.4,31.2
2025-12-16,420:WA:SNTL,Cougar Mountain,3210,regional,0.0,0.0,43.2,1.6,48.2,4.6,31.4
2025-12-17,420:WA:SNTL,Cougar Mountain,3210,regional,0.0,0.0,32.9,1.1,49.3,4.5,31.4
2025-12-18,420:WA:SNTL,Cougar Mountain,3210,regional,0.1,1.0,32.5,2.0,51.3,4.8,31.6
2025-12-19,420:WA:SNTL,Cougar Mountain,3210,regional,0.5,3.0,30.9,0.5,51.8,5.0,31.8
2025-12-20,420:WA:SNTL,Cougar Mountain,3210,regional,1.3,7.0,33.1,0.8,52.6,5.1,33.0
2025-12-21,420:WA:SNTL,Cougar Mountain,3210,regional,1.7,7.0,32.9,0.4,53.0,5.4,33.2
2025-12-22,420:WA:SNTL,Cougar Mountain,3210,regional,2.1,11.0,31.3,0.5,53.5,5.3,33.3
2025-12-23,420:WA:SNTL,Cougar Mountain,3210,regional,2.2,11.0,34.3,0.2,53.7,5.3,33.3
2025-12-24,420:WA:SNTL,Cougar Mountain,3210,regional,2.0,9.0,36.7,0.0,53.7,5.6,33.9
2025-12-25,420:WA:SNTL,Cougar Mountain,3210,regional,2.0,8.0,34.3,0.2,53.9,5.8,34.2
2025-12-26,420:WA:SNTL,Cougar Mountain,3210,regional,2.7,10.0,28.2,0.8,54.7,5.8,34.8
2025-12-27,420:WA:SNTL,Cougar Mountain,3210,regional,3.1,12.0,26.6,0.4,55.1,6.2,36.3
2025-12-28,420:WA:SNTL,Cougar Mountain,3210,regional,3.0,12.0,34.7,0.0,55.1,5.6,37.0
2025-12-29,420:WA:SNTL,Cougar Mountain,3210,regional,3.0,12.0,37.6,0.0,55.1,5.5,37.2
2025-12-30,420:WA:SNTL,Cougar Mountain,3210,regional,3.0,11.0,31.3,0.0,55.1,5.2,37.6
2025-12-31,420:WA:SNTL,Cougar Mountain,3210,regional,2.9,11.0,,0.0,55.1,5.1,38.0
2026-01-01,420:WA:SNTL,Cougar Mountain,3210,regional,3.1,10.0,33.6,0.1,55.2,5.2,38.7
2026-01-02,420:WA:SNTL,Cougar Mountain,3210,regional,2.7,9.0,42.8,0.4,55.6,5.2,38.8
2026-01-03,420:WA:SNTL,Cougar Mountain,3210,regional,2.3,7.0,37.4,0.3,55.9,5.3,38.8
2026-01-04,420:WA:SNTL,Cougar Mountain,3210,regional,2.6,7.0,33.1,0.9,56.8,5.7,39.0
2026-01-05,420:WA:SNTL,Cougar Mountain,3210,regional,2.8,9.0,31.1,0.2,57.0,6.2,39.0
2026-01-06,420:WA:SNTL,Cougar Mountain,3210,regional,4.1,15.0,31.3,1.2,58.2,6.4,39.2
2026-01-07,420:WA:SNTL,Cougar Mountain,3210,regional,4.4,19.0,30.4,0.2,58.4,6.4,39.2
2026-01-08,420:WA:SNTL,Cougar Mountain,3210,regional,4.8,19.0,33.1,0.4,58.8,6.9,39.2
2026-01-09,420:WA:SNTL,Cougar Mountain,3210,regional,5.0,18.0,34.7,0.6,59.4,7.2,39.5
2026-01-10,420:WA:SNTL,Cougar Mountain,3210,regional,4.9,17.0,38.5,0.0,59.4,7.1,41.0
2026-01-11,420:WA:SNTL,Cougar Mountain,3210,regional,4.6,16.0,41.4,0.5,59.9,7.2,41.8
2026-01-12,420:WA:SNTL,Cougar Mountain,3210,regional,4.0,12.0,46.6,0.0,59.9,8.0,42.4
2026-01-13,420:WA:SNTL,Cougar Mountain,3210,regional,3.4,10.0,50.5,0.0,59.9,8.2,42.4
2026-01-14,420:WA:SNTL,Cougar Mountain,3210,regional,3.0,9.0,41.0,0.0,59.9,8.1,42.8
2026-01-15,420:WA:SNTL,Cougar Mountain,3210,regional,2.6,8.0,47.5,0.0,59.9,8.2,42.8
2026-01-16,420:WA:SNTL,Cougar Mountain,3210,regional,2.0,6.0,47.1,0.0,59.9,7.9,43.0
2026-01-17,420:WA:SNTL,Cougar Mountain,3210,regional,1.4,4.0,40.1,0.0,59.9,8.4,43.0
2026-01-18,420:WA:SNTL,Cougar Mountain,3210,regional,1.0,2.0,51.4,0.0,59.9,8.6,43.5
2026-01-19,420:WA:SNTL,Cougar Mountain,3210,regional,0.7,2.0,47.1,0.1,60.0,8.5,43.6
2026-01-20,420:WA:SNTL,Cougar Mountain,3210,regional,0.4,1.0,34.7,0.2,60.2,8.8,43.7
2026-01-21,420:WA:SNTL,Cougar Mountain,3210,regional,1.1,2.0,27.1,0.1,60.3,9.6,43.7
2026-01-22,420:WA:SNTL,Cougar Mountain,3210,regional,1.3,2.0,25.0,0.0,60.3,10.3,43.8
2026-01-23,420:WA:SNTL,Cougar Mountain,3210,regional,1.3,3.0,26.4,0.0,60.3,10.5,44.6
2026-01-24,420:WA:SNTL,Cougar Mountain,3210,regional,1.5,3.0,33.6,0.0,60.3,10.7,45.0
2026-01-25,420:WA:SNTL,Cougar Mountain,3210,regional,1.3,3.0,34.9,0.0,60.3,11.0,45.3
2026-01-26,420:WA:SNTL,Cougar Mountain,3210,regional,1.4,2.0,37.2,0.0,60.3,11.2,45.8
2026-01-27,420:WA:SNTL,Cougar Mountain,3210,regional,1.3,2.0,34.2,0.1,60.4,11.5,47.0
2026-01-28,420:WA:SNTL,Cougar Mountain,3210,regional,1.2,2.0,38.7,0.5,60.9,12.1,47.8
2026-01-29,420:WA:SNTL,Cougar Mountain,3210,regional,0.9,1.0,38.7,1.0,61.9,13.0,49.1
2026-01-30,420:WA:SNTL,Cougar Mountain,3210,regional,0.5,1.0,43.3,0.4,62.3,12.7,50.0
2026-01-31,420:WA:SNTL,Cougar Mountain,3210,regional,0.0,0.0,44.2,0.1,62.4,12.8,51.0
2026-02-01,420:WA:SNTL,Cougar Mountain,3210,regional,0.0,0.0,37.0,0.6,63.0,12.7,51.6
2026-02-02,420:WA:SNTL,Cougar Mountain,3210,regional,0.0,0.0,42.3,0.5,63.5,12.6,51.7
2026-02-03,420:WA:SNTL,Cougar Mountain,3210,regional,0.0,0.0,43.9,0.0,63.5,12.8,51.8
2026-02-04,420:WA:SNTL,Cougar Mountain,3210,regional,0.0,0.0,42.1,0.0,63.5,12.3,52.2
2026-02-05,420:WA:SNTL,Cougar Mountain,3210,regional,0.0,0.0,41.5,0.0,63.5,12.1,53.0
2026-02-06,420:WA:SNTL,Cougar Mountain,3210,regional,0.0,0.0,42.6,0.0,63.5,12.0,53.7
2026-02-07,420:WA:SNTL,Cougar Mountain,3210,regional,0.0,0.0,40.5,0.8,64.3,12.0,54.4
2026-02-08,420:WA:SNTL,Cougar Mountain,3210,regional,0.0,0.0,34.0,0.3,64.6,11.8,55.5
2026-02-09,420:WA:SNTL,Cougar Mountain,3210,regional,0.0,0.0,34.0,0.3,64.9,11.6,55.8
2026-02-10,420:WA:SNTL,Cougar Mountain,3210,regional,0.0,0.0,37.2,0.0,64.9,11.6,56.0
2026-02-11,420:WA:SNTL,Cougar Mountain,3210,regional,0.0,0.0,38.7,0.0,64.9,11.5,56.0
2026-02-12,420:WA:SNTL,Cougar Mountain,3210,regional,0.0,0.0,35.4,0.0,64.9,11.4,56.3
2026-02-13,420:WA:SNTL,Cougar Mountain,3210,regional,0.0,0.0,32.7,0.4,65.3,11.6,56.5
2026-02-14,420:WA:SNTL,Cougar Mountain,3210,regional,0.0,1.0,30.6,0.2,65.5,11.8,56.7
2026-02-15,420:WA:SNTL,Cougar Mountain,3210,regional,0.0,1.0,32.2,0.0,65.5,11.9,56.7
2026-02-16,420:WA:SNTL,Cougar Mountain,3210,regional,0.0,0.0,25.0,0.2,65.7,11.0,57.0
2026-02-17,420:WA:SNTL,Cougar Mountain,3210,regional,0.5,4.0,27.7,0.2,65.9,10.8,57.1
2026-02-18,420:WA:SNTL,Cougar Mountain,3210,regional,0.6,6.0,27.9,0.3,66.2,10.8,58.4
2026-02-19,420:WA:SNTL,Cougar Mountain,3210,regional,0.6,4.0,22.8,0.1,66.3,11.4,59.4
2026-02-20,420:WA:SNTL,Cougar Mountain,3210,regional,0.6,5.0,28.6,0.0,66.3,11.0,59.4
2026-02-21,420:WA:SNTL,Cougar Mountain,3210,regional,0.7,5.0,34.7,0.0,66.3,11.0,59.4
2026-02-22,420:WA:SNTL,Cougar Mountain,3210,regional,0.7,4.0,34.9,0.1,66.4,11.2,59.5
2026-02-23,420:WA:SNTL,Cougar Mountain,3210,regional,1.1,5.0,32.4,0.6,67.0,11.8,59.6
2026-02-24,420:WA:SNTL,Cougar Mountain,3210,regional,1.2,6.0,29.3,0.1,67.1,11.7,60.2
2026-02-25,420:WA:SNTL,Cougar Mountain,3210,regional,1.2,6.0,31.6,0.0,67.1,11.6,60.6
2026-02-26,420:WA:SNTL,Cougar Mountain,3210,regional,1.2,6.0,34.0,0.0,67.1,11.4,60.6
2026-02-27,420:WA:SNTL,Cougar Mountain,3210,regional,1.1,5.0,,0.0,67.1,11.6,60.6
2026-02-28,420:WA:SNTL,Cougar Mountain,3210,regional,1.1,5.0,37.9,0.0,67.1,11.6,60.7
2026-03-01,420:WA:SNTL,Cougar Mountain,3210,regional,0.9,4.0,38.7,0.0,67.1,12.1,61.4
2026-03-02,420:WA:SNTL,Cougar Mountain,3210,regional,0.8,4.0,39.7,0.0,67.1,12.6,61.8
2026-03-03,420:WA:SNTL,Cougar Mountain,3210,regional,0.4,2.0,39.6,0.1,67.2,12.5,62.3
2026-03-04,420:WA:SNTL,Cougar Mountain,3210,regional,0.7,3.0,35.8,1.5,68.7,12.6,62.4
2026-03-05,420:WA:SNTL,Cougar Mountain,3210,regional,0.8,4.0,33.8,0.5,69.2,12.7,62.7
2026-03-06,420:WA:SNTL,Cougar Mountain,3210,regional,0.5,3.0,40.5,0.7,69.9,13.0,62.8
2026-03-07,420:WA:SNTL,Cougar Mountain,3210,regional,0.0,0.0,41.2,0.2,70.1,13.5,62.8
2026-03-08,420:WA:SNTL,Cougar Mountain,3210,regional,0.0,0.0,29.5,1.3,71.4,13.6,63.1
2026-03-09,420:WA:SNTL,Cougar Mountain,3210,regional,0.3,2.0,27.0,0.4,71.8,13.8,63.6
2026-03-10,420:WA:SNTL,Cougar Mountain,3210,regional,0.6,6.0,30.7,0.3,72.1,14.0,64.1
2026-03-11,420:WA:SNTL,Cougar Mountain,3210,regional,1.2,6.0,35.8,3.2,75.3,14.4,65.0
2026-03-12,420:WA:SNTL,Cougar Mountain,3210,regional,2.5,15.0,30.9,2.0,77.3,14.2,65.2
2026-03-13,420:WA:SNTL,Cougar Mountain,3210,regional,6.5,49.0,31.3,3.3,80.6,14.0,65.8
2026-03-14,420:WA:SNTL,Cougar Mountain,3210,regional,6.7,46.0,25.3,0.9,81.5,14.0,66.6
2026-03-15,420:WA:SNTL,Cougar Mountain,3210,regional,7.3,43.0,33.4,0.4,81.9,14.1,67.4
2026-03-16,420:WA:SNTL,Cougar Mountain,3210,regional,7.3,37.0,44.2,0.2,82.1,14.1,67.6
2026-03-17,420:WA:SNTL,Cougar Mountain,3210,regional,6.8,26.0,44.2,1.4,83.5,14.2,68.2
2026-03-18,420:WA:SNTL,Cougar Mountain,3210,regional,6.0,18.0,44.8,0.8,84.3,13.8,68.4
2026-03-19,420:WA:SNTL,Cougar Mountain,3210,regional,5.5,15.0,46.2,0.8,85.1,13.6,68.6
2026-03-20,420:WA:SNTL,Cougar Mountain,3210,regional,4.6,13.0,37.8,1.3,86.4,13.5,68.8
2026-03-21,420:WA:SNTL,Cougar Mountain,3210,regional,4.4,9.0,31.6,0.0,86.4,13.5,69.0
2026-03-22,420:WA:SNTL,Cougar Mountain,3210,regional,4.3,13.0,31.6,0.0,86.4,13.7,69.2
2026-03-23,420:WA:SNTL,Cougar Mountain,3210,regional,4.2,12.0,39.0,0.0,86.4,13.6,69.4
2026-03-24,420:WA:SNTL,Cougar Mountain,3210,regional,3.8,11.0,36.5,1.4,87.8,13.2,69.6
2026-03-25,420:WA:SNTL,Cougar Mountain,3210,regional,4.0,12.0,29.5,0.4,88.2,12.7,69.9
2026-03-26,420:WA:SNTL,Cougar Mountain,3210,regional,4.0,13.0,37.4,0.0,88.2,13.0,70.2
2026-03-27,420:WA:SNTL,Cougar Mountain,3210,regional,3.9,12.0,37.0,0.0,88.2,13.4,70.8
2026-03-28,420:WA:SNTL,Cougar Mountain,3210,regional,3.8,11.0,32.4,0.0,88.2,13.4,71.1
2026-03-29,420:WA:SNTL,Cougar Mountain,3210,regional,4.0,12.0,28.6,0.4,88.6,13.0,71.4
2026-03-30,420:WA:SNTL,Cougar Mountain,3210,regional,4.0,12.0,35.1,0.0,88.6,13.0,71.4
2026-03-31,420:WA:SNTL,Cougar Mountain,3210,regional,4.0,11.0,38.5,0.0,88.6,13.0,71.8
2026-04-01,420:WA:SNTL,Cougar Mountain,3210,regional,4.0,11.0,32.7,0.5,89.1,13.0,72.1
2026-04-02,420:WA:SNTL,Cougar Mountain,3210,regional,4.4,13.0,33.1,0.2,89.3,13.1,72.1
2026-04-03,420:WA:SNTL,Cougar Mountain,3210,regional,4.2,12.0,36.3,0.0,89.3,13.2,72.2
2026-04-04,420:WA:SNTL,Cougar Mountain,3210,regional,3.8,10.0,50.9,0.0,89.3,13.4,72.4
2026-04-05,420:WA:SNTL,Cougar Mountain,3210,regional,2.7,6.0,50.2,0.0,89.3,13.4,72.5
2026-04-06,420:WA:SNTL,Cougar Mountain,3210,regional,1.8,5.0,41.7,0.0,89.3,12.8,72.8
2026-04-07,420:WA:SNTL,Cougar Mountain,3210,regional,1.4,5.0,34.2,0.0,89.3,12.4,74.0
2026-04-08,420:WA:SNTL,Cougar Mountain,3210,regional,1.2,4.0,38.7,0.0,89.3,12.6,74.4
2026-04-09,420:WA:SNTL,Cougar Mountain,3210,regional,0.8,2.0,50.9,0.0,89.3,12.2,74.5
2026-04-10,420:WA:SNTL,Cougar Mountain,3210,regional,0.0,0.0,46.6,0.0,89.3,11.8,75.6
2026-04-11,420:WA:SNTL,Cougar Mountain,3210,regional,0.0,0.0,40.5,0.1,89.4,11.8,75.8
2026-04-12,420:WA:SNTL,Cougar Mountain,3210,regional,0.0,0.0,38.8,0.1,89.5,12.1,76.1
2026-04-13,420:WA:SNTL,Cougar Mountain,3210,regional,0.0,0.0,33.3,0.6,90.1,12.4,76.2
2026-04-14,420:WA:SNTL,Cougar Mountain,3210,regional,0.0,0.0,34.3,0.5,90.6,12.2,76.8
2026-04-15,420:WA:SNTL,Cougar Mountain,3210,regional,0.8,11.0,29.1,1.4,92.0,11.8,77.0
2026-04-16,420:WA:SNTL,Cougar Mountain,3210,regional,1.1,12.0,32.7,0.0,92.0,12.2,77.8
2026-04-17,420:WA:SNTL,Cougar Mountain,3210,regional,1.1,9.0,40.8,0.0,92.0,12.4,78.0
2026-04-18,420:WA:SNTL,Cougar Mountain,3210,regional,0.7,4.0,48.9,0.0,92.0,12.0,78.4
2026-04-19,420:WA:SNTL,Cougar Mountain,3210,regional,0.0,0.0,48.0,0.0,92.0,11.6,79.0
2026-04-20,420:WA:SNTL,Cougar Mountain,3210,regional,0.0,0.0,47.3,0.0,92.0,10.8,79.3
2026-04-21,420:WA:SNTL,Cougar Mountain,3210,regional,0.0,0.0,41.5,0.2,92.2,10.1,79.4
2026-04-22,420:WA:SNTL,Cougar Mountain,3210,regional,0.0,0.0,36.5,0.7,92.9,9.6,79.4
2026-04-23,420:WA:SNTL,Cougar Mountain,3210,regional,0.0,0.0,36.1,0.0,92.9,9.2,79.6
2026-04-24,420:WA:SNTL,Cougar Mountain,3210,regional,0.0,0.0,37.6,0.0,92.9,8.6,79.9
2026-04-25,420:WA:SNTL,Cougar Mountain,3210,regional,0.0,0.0,39.4,0.0,92.9,7.7,80.0
2026-04-26,420:WA:SNTL,Cougar Mountain,3210,regional,0.0,0.0,40.1,0.0,92.9,6.6,80.6
2026-04-27,420:WA:SNTL,Cougar Mountain,3210,regional,0.0,0.0,37.9,0.0,92.9,5.8,81.0
2026-04-28,420:WA:SNTL,Cougar Mountain,3210,regional,0.0,0.0,38.8,0.0,92.9,5.2,81.0
2026-04-29,420:WA:SNTL,Cougar Mountain,3210,regional,0.0,0.0,50.7,0.0,92.9,4.6,81.2
2026-04-30,420:WA:SNTL,Cougar Mountain,3210,regional,0.0,0.0,56.1,0.0,92.9,4.3,82.0
2026-05-01,420:WA:SNTL,Cougar Mountain,3210,regional,0.0,0.0,49.1,0.0,92.9,3.8,82.2
2026-05-02,420:WA:SNTL,Cougar Mountain,3210,regional,0.0,0.0,55.9,0.0,92.9,3.0,82.2
2026-05-03,420:WA:SNTL,Cougar Mountain,3210,regional,0.0,0.0,55.9,0.0,92.9,2.3,82.5
2026-05-04,420:WA:SNTL,Cougar Mountain,3210,regional,0.0,0.0,50.0,0.1,93.0,2.6,82.8
2026-05-05,420:WA:SNTL,Cougar Mountain,3210,regional,0.0,0.0,46.2,0.1,93.1,2.6,83.2
2026-05-06,420:WA:SNTL,Cougar Mountain,3210,regional,0.0,0.0,42.3,0.0,93.1,2.4,83.6
2026-05-07,420:WA:SNTL,Cougar Mountain,3210,regional,0.0,0.0,43.0,0.0,93.1,1.4,83.6
2026-05-08,420:WA:SNTL,Cougar Mountain,3210,regional,0.0,0.0,43.3,0.0,93.1,0.4,84.0
2026-05-09,420:WA:SNTL,Cougar Mountain,3210,regional,0.0,0.0,49.3,0.0,93.1,0.0,84.5
2026-05-10,420:WA:SNTL,Cougar Mountain,3210,regional,0.0,0.0,42.6,0.0,93.1,0.0,84.5
2026-05-11,420:WA:SNTL,Cougar Mountain,3210,regional,0.0,0.0,57.7,0.0,93.1,0.0,84.5
2026-05-12,420:WA:SNTL,Cougar Mountain,3210,regional,0.0,0.0,48.6,0.0,93.1,0.0,84.6
2026-05-13,420:WA:SNTL,Cougar Mountain,3210,regional,0.0,0.0,40.8,2.2,95.3,0.0,85.0
2026-05-14,420:WA:SNTL,Cougar Mountain,3210,regional,0.0,0.0,37.0,0.4,95.7,0.0,85.0
2026-05-15,420:WA:SNTL,Cougar Mountain,3210,regional,0.0,0.0,33.6,0.9,96.6,0.0,85.0
2026-05-16,420:WA:SNTL,Cougar Mountain,3210,regional,0.7,2.0,33.6,0.9,97.5,0.0,85.2
2026-05-17,420:WA:SNTL,Cougar Mountain,3210,regional,0.4,2.0,39.2,0.0,97.5,0.0,85.5
2026-05-18,420:WA:SNTL,Cougar Mountain,3210,regional,0.0,0.0,42.1,0.0,97.5,0.0,85.7
2026-05-19,420:WA:SNTL,Cougar Mountain,3210,regional,0.0,0.0,44.1,0.0,97.5,0.0,85.7
2026-05-20,420:WA:SNTL,Cougar Mountain,3210,regional,0.0,0.0,43.7,0.0,97.5,0.0,85.7
2026-05-21,420:WA:SNTL,Cougar Mountain,3210,regional,0.0,0.0,49.8,0.0,97.5,0.0,87.2
2026-05-22,420:WA:SNTL,Cougar Mountain,3210,regional,0.0,0.0,50.5,0.0,97.5,0.0,87.7
2026-05-23,420:WA:SNTL,Cougar Mountain,3210,regional,0.0,0.0,47.3,0.0,97.5,0.0,87.8
2026-05-24,420:WA:SNTL,Cougar Mountain,3210,regional,0.0,0.0,49.5,0.0,97.5,0.0,87.8
2026-05-25,420:WA:SNTL,Cougar Mountain,3210,regional,0.0,0.0,40.1,0.2,97.7,0.0,87.9
2026-05-26,420:WA:SNTL,Cougar Mountain,3210,regional,0.0,0.0,43.9,0.0,97.7,0.0,88.1
2026-05-27,420:WA:SNTL,Cougar Mountain,3210,regional,0.0,0.0,52.0,0.0,97.7,0.0,88.4
2026-05-28,420:WA:SNTL,Cougar Mountain,3210,regional,0.0,0.0,50.9,0.0,97.7,0.0,88.6
2026-05-29,420:WA:SNTL,Cougar Mountain,3210,regional,0.0,0.0,38.1,0.2,97.9,0.0,88.8
2026-05-30,420:WA:SNTL,Cougar Mountain,3210,regional,0.0,0.0,37.6,0.0,97.9,0.0,88.8
2026-05-31,420:WA:SNTL,Cougar Mountain,3210,regional,0.0,0.0,43.5,0.0,97.9,0.0,88.8
2026-06-01,420:WA:SNTL,Cougar Mountain,3210,regional,0.0,0.0,56.3,0.0,97.9,0.0,89.3
2026-06-02,420:WA:SNTL,Cougar Mountain,3210,regional,0.0,0.0,55.8,0.0,97.9,0.0,89.4
2026-06-03,420:WA:SNTL,Cougar Mountain,3210,regional,0.0,0.0,45.3,0.2,98.1,0.0,89.8
2026-06-04,420:WA:SNTL,Cougar Mountain,3210,regional,0.0,0.0,42.6,0.2,98.3,0.0,90.0
2026-06-05,420:WA:SNTL,Cougar Mountain,3210,regional,0.0,0.0,37.9,0.4,98.7,0.0,90.3
2026-06-06,420:WA:SNTL,Cougar Mountain,3210,regional,0.0,0.0,37.8,0.7,99.4,0.0,91.2
2026-06-07,420:WA:SNTL,Cougar Mountain,3210,regional,0.0,0.0,39.6,0.1,99.5,0.0,91.2
2026-06-08,420:WA:SNTL,Cougar Mountain,3210,regional,0.0,0.0,45.5,0.7,100.2,0.0,91.4
2026-06-09,420:WA:SNTL,Cougar Mountain,3210,regional,0.0,0.0,39.0,1.0,101.2,0.0,92.0
2026-06-10,420:WA:SNTL,Cougar Mountain,3210,regional,0.0,0.0,40.5,0.0,101.2,0.0,92.2
2026-06-11,420:WA:SNTL,Cougar Mountain,3210,regional,0.0,0.0,48.0,0.0,101.2,0.0,92.4
2026-06-12,420:WA:SNTL,Cougar Mountain,3210,regional,0.0,0.0,49.5,0.0,101.2,0.0,92.6
2026-06-13,420:WA:SNTL,Cougar Mountain,3210,regional,0.0,0.0,63.5,0.0,101.2,0.0,93.0
2026-06-14,420:WA:SNTL,Cougar Mountain,3210,regional,0.0,0.0,62.8,0.0,101.2,0.0,93.0
2026-06-15,420:WA:SNTL,Cougar Mountain,3210,regional,0.0,0.0,56.5,0.0,101.2,0.0,93.5
2026-06-16,420:WA:SNTL,Cougar Mountain,3210,regional,0.0,0.0,46.4,0.2,101.4,0.0,93.5
2026-06-17,420:WA:SNTL,Cougar Mountain,3210,regional,0.0,0.0,47.3,0.0,101.4,0.0,93.5
2026-06-18,420:WA:SNTL,Cougar Mountain,3210,regional,0.0,0.0,55.4,0.0,101.4,0.0,93.6
2026-06-19,420:WA:SNTL,Cougar Mountain,3210,regional,0.0,0.0,52.3,0.0,101.4,0.0,94.0
2026-06-20,420:WA:SNTL,Cougar Mountain,3210,regional,0.0,0.0,46.8,0.0,101.4,0.0,94.7
2026-06-21,420:WA:SNTL,Cougar Mountain,3210,regional,0.0,0.0,50.9,0.0,101.4,0.0,94.8
2026-06-22,420:WA:SNTL,Cougar Mountain,3210,regional,0.0,0.0,62.8,0.0,101.4,0.0,94.8
2026-06-23,420:WA:SNTL,Cougar Mountain,3210,regional,0.0,0.0,61.7,0.0,101.4,0.0,94.8
2026-06-24,420:WA:SNTL,Cougar Mountain,3210,regional,0.0,0.0,53.4,0.0,101.4,0.0,95.0
2026-06-25,420:WA:SNTL,Cougar Mountain,3210,regional,0.0,0.0,45.5,0.4,101.8,0.0,95.2
2026-06-26,420:WA:SNTL,Cougar Mountain,3210,regional,0.0,0.0,44.6,0.5,102.3,0.0,95.3
2026-06-27,420:WA:SNTL,Cougar Mountain,3210,regional,0.0,0.0,45.1,0.6,102.9,0.0,95.3
2026-06-28,420:WA:SNTL,Cougar Mountain,3210,regional,0.0,0.0,44.1,0.1,103.0,0.0,95.3
2026-06-29,420:WA:SNTL,Cougar Mountain,3210,regional,0.0,0.0,45.9,0.0,103.0,0.0,95.3
2026-06-30,420:WA:SNTL,Cougar Mountain,3210,regional,0.0,0.0,41.9,0.0,103.0,0.0,95.4
2026-07-01,420:WA:SNTL,Cougar Mountain,3210,regional,0.0,0.0,45.5,0.0,103.0,0.0,95.4
2026-07-02,420:WA:SNTL,Cougar Mountain,3210,regional,0.0,0.0,50.5,0.0,103.0,0.0,95.4
2026-07-03,420:WA:SNTL,Cougar Mountain,3210,regional,0.0,0.0,48.0,0.0,103.0,0.0,95.4
2026-07-04,420:WA:SNTL,Cougar Mountain,3210,regional,0.0,0.0,48.7,0.0,103.0,0.0,95.4
2026-07-05,420:WA:SNTL,Cougar Mountain,3210,regional,0.0,0.0,52.2,0.0,103.0,0.0,95.4
2026-07-06,420:WA:SNTL,Cougar Mountain,3210,regional,0.0,0.0,56.8,0.0,103.0,0.0,95.4
2026-07-07,420:WA:SNTL,Cougar Mountain,3210,regional,0.0,0.0,50.0,0.0,103.0,0.0,95.4
2026-07-08,420:WA:SNTL,Cougar Mountain,3210,regional,0.0,0.0,50.0,0.0,103.0,0.0,95.4
2026-07-09,420:WA:SNTL,Cougar Mountain,3210,regional,0.0,0.0,51.8,0.0,103.0,0.0,95.4
2026-07-10,420:WA:SNTL,Cougar Mountain,3210,regional,0.0,0.0,52.7,0.0,103.0,0.0,95.4
2026-07-11,420:WA:SNTL,Cougar Mountain,3210,regional,0.0,0.0,48.4,0.0,103.0,0.0,95.4
2026-07-12,420:WA:SNTL,Cougar Mountain,3210,regional,0.0,0.0,47.1,0.0,103.0,0.0,95.4
2026-07-13,420:WA:SNTL,Cougar Mountain,3210,regional,0.0,0.0,54.5,0.0,103.0,0.0,95.4
2026-07-14,420:WA:SNTL,Cougar Mountain,3210,regional,0.0,0.0,57.4,0.0,103.0,0.0,95.4
2026-07-15,420:WA:SNTL,Cougar Mountain,3210,regional,0.0,0.0,59.4,0.0,103.0,0.0,95.4
2026-07-16,420:WA:SNTL,Cougar Mountain,3210,regional,0.0,0.0,48.7,0.2,103.2,0.0,95.4
2026-07-17,420:WA:SNTL,Cougar Mountain,3210,regional,0.0,0.0,47.8,0.0,103.2,0.0,95.4
2026-07-18,420:WA:SNTL,Cougar Mountain,3210,regional,0.0,0.0,48.6,0.0,103.2,0.0,95.4
2026-07-19,420:WA:SNTL,Cougar Mountain,3210,regional,0.0,0.0,54.5,0.0,103.2,0.0,95.4
2026-07-20,420:WA:SNTL,Cougar Mountain,3210,regional,0.0,0.0,64.9,0.0,103.2,0.0,95.4
2026-07-21,420:WA:SNTL,Cougar Mountain,3210,regional,0.0,0.0,66.6,0.0,103.2,0.0,95.4
2026-07-22,420:WA:SNTL,Cougar Mountain,3210,regional,0.0,0.0,58.1,0.0,103.2,0.0,95.4
2026-07-23,420:WA:SNTL,Cougar Mountain,3210,regional,0.0,0.0,52.9,0.0,103.2,0.0,95.9
2026-07-24,420:WA:SNTL,Cougar Mountain,3210,regional,0.0,0.0,53.2,0.0,103.2,0.0,95.9
2026-07-25,420:WA:SNTL,Cougar Mountain,3210,regional,0.0,0.0,50.7,0.2,103.4,0.0,95.9
2026-07-26,420:WA:SNTL,Cougar Mountain,3210,regional,0.0,0.0,50.5,0.0,103.4,0.0,96.0
2026-07-27,420:WA:SNTL,Cougar Mountain,3210,regional,0.0,0.0,51.4,0.0,103.4,0.0,96.0
2026-07-28,420:WA:SNTL,Cougar Mountain,3210,regional,0.0,0.0,50.5,0.0,103.4,0.0,96.0
2026-07-29,420:WA:SNTL,Cougar Mountain,3210,regional,0.0,0.0,49.8,0.0,103.4,0.0,96.0
2026-07-30,420:WA:SNTL,Cougar Mountain,3210,regional,0.0,0.0,51.8,0.0,103.4,0.0,96.0
2026-07-31,420:WA:SNTL,Cougar Mountain,3210,regional,0.0,0.0,53.6,0.0,103.4,0.0,96.0
2026-08-01,420:WA:SNTL,Cougar Mountain,3210,regional,0.0,0.0,46.6,0.0,103.4,0.0,96.2
2026-08-02,420:WA:SNTL,Cougar Mountain,3210,regional,0.0,0.0,43.3,0.0,103.4,0.0,96.2
2026-08-03,420:WA:SNTL,Cougar Mountain,3210,regional,0.0,0.0,54.1,0.0,103.4,0.0,96.2
2026-08-04,420:WA:SNTL,Cougar Mountain,3210,regional,0.0,0.0,58.5,0.0,103.4,0.0,96.2
2026-08-05,420:WA:SNTL,Cougar Mountain,3210,regional,0.0,0.0,59.7,0.0,103.4,0.0,96.2
2026-08-06,420:WA:SNTL,Cougar Mountain,3210,regional,0.0,0.0,59.9,0.0,103.4,0.0,96.2
2026-08-07,420:WA:SNTL,Cougar Mountain,3210,regional,0.0,0.0,57.4,0.0,103.4,0.0,96.2
2026-08-08,420:WA:SNTL,Cougar Mountain,3210,regional,0.0,0.0,53.8,0.0,103.4,0.0,96.2
2026-08-09,420:WA:SNTL,Cougar Mountain,3210,regional,0.0,0.0,50.5,0.0,103.4,0.0,96.4
2026-08-10,420:WA:SNTL,Cougar Mountain,3210,regional,0.0,0.0,51.3,0.0,103.4,0.0,96.4
2026-08-11,420:WA:SNTL,Cougar Mountain,3210,regional,0.0,0.0,52.0,0.0,103.4,0.0,96.4
2026-08-12,420:WA:SNTL,Cougar Mountain,3210,regional,0.0,0.0,51.6,0.0,103.4,0.0,96.6
2026-08-13,420:WA:SNTL,Cougar Mountain,3210,regional,0.0,0.0,55.6,0.0,103.4,0.0,96.8
2026-08-14,420:WA:SNTL,Cougar Mountain,3210,regional,0.0,0.0,54.3,0.0,103.4,0.0,96.8
2026-08-15,420:WA:SNTL,Cougar Mountain,3210,regional,0.0,0.0,53.4,0.0,103.4,0.0,96.8
2026-08-16,420:WA:SNTL,Cougar Mountain,3210,regional,0.0,0.0,52.7,0.0,103.4,0.0,96.8
2026-08-17,420:WA:SNTL,Cougar Mountain,3210,regional,0.0,0.0,54.9,0.0,103.4,0.0,96.8
2026-08-18,420:WA:SNTL,Cougar Mountain,3210,regional,0.0,0.0,54.5,0.0,103.4,0.0,96.8
2026-08-19,420:WA:SNTL,Cougar Mountain,3210,regional,0.0,0.0,56.3,0.0,103.4,0.0,97.0
2026-08-20,420:WA:SNTL,Cougar Mountain,3210,regional,0.0,0.0,61.0,0.0,103.4,0.0,97.4
2026-08-21,420:WA:SNTL,Cougar Mountain,3210,regional,0.0,0.0,57.4,0.0,103.4,0.0,97.4
2026-08-22,420:WA:SNTL,Cougar Mountain,3210,regional,0.0,0.0,49.8,0.0,103.4,0.0,97.4
2026-08-23,420:WA:SNTL,Cougar Mountain,3210,regional,0.0,0.0,48.9,0.0,103.4,0.0,97.4
2026-08-24,420:WA:SNTL,Cougar Mountain,3210,regional,0.0,0.0,68.0,0.0,103.4,0.0,97.4
2026-08-25,420:WA:SNTL,Cougar Mountain,3210,regional,0.0,0.0,54.0,0.0,103.4,0.0,97.4
2026-08-26,420:WA:SNTL,Cougar Mountain,3210,regional,0.0,0.0,52.3,0.1,103.5,0.0,97.4
2026-08-27,420:WA:SNTL,Cougar Mountain,3210,regional,0.0,0.0,49.8,0.1,103.6,0.0,97.5
2026-08-28,420:WA:SNTL,Cougar Mountain,3210,regional,0.0,0.0,47.1,0.1,103.7,0.0,97.6
2026-08-29,420:WA:SNTL,Cougar Mountain,3210,regional,0.0,0.0,45.0,0.5,104.2,0.0,98.3
2026-08-30,420:WA:SNTL,Cougar Mountain,3210,regional,0.0,0.0,46.6,0.0,104.2,0.0,98.8
2026-08-31,420:WA:SNTL,Cougar Mountain,3210,regional,0.0,0.0,54.7,0.0,104.2,0.0,98.8
2026-09-01,420:WA:SNTL,Cougar Mountain,3210,regional,0.0,0.0,48.7,0.0,104.2,0.0,98.8
2026-09-02,420:WA:SNTL,Cougar Mountain,3210,regional,0.0,0.0,41.7,0.5,104.7,0.0,98.8
2026-09-03,420:WA:SNTL,Cougar Mountain,3210,regional,0.0,0.0,42.8,0.2,104.9,0.0,99.0
2026-09-04,420:WA:SNTL,Cougar Mountain,3210,regional,0.0,0.0,43.9,0.3,105.2,0.0,99.0
2026-09-05,420:WA:SNTL,Cougar Mountain,3210,regional,0.0,0.0,47.7,0.0,105.2,0.0,99.3
2026-09-06,420:WA:SNTL,Cougar Mountain,3210,regional,0.0,0.0,46.4,0.0,105.2,0.0,99.3
2026-09-07,420:WA:SNTL,Cougar Mountain,3210,regional,0.0,0.0,45.7,0.0,105.2,0.0,99.3
2026-09-08,420:WA:SNTL,Cougar Mountain,3210,regional,0.0,0.0,51.8,0.0,105.2,0.0,99.3
2026-09-09,420:WA:SNTL,Cougar Mountain,3210,regional,0.0,0.0,55.2,0.0,105.2,0.0,99.3
2026-09-10,420:WA:SNTL,Cougar Mountain,3210,regional,0.0,0.0,48.4,0.0,105.2,0.0,99.7
2026-09-11,420:WA:SNTL,Cougar Mountain,3210,regional,0.0,0.0,45.7,0.0,105.2,0.0,100.0
2026-09-12,420:WA:SNTL,Cougar Mountain,3210,regional,0.0,0.0,45.1,0.0,105.2,0.0,100.0
2026-09-13,420:WA:SNTL,Cougar Mountain,3210,regional,0.0,0.0,45.1,2.1,107.3,0.0,100.2
2026-09-14,420:WA:SNTL,Cougar Mountain,3210,regional,0.0,0.0,45.5,0.0,107.3,0.0,100.3
2026-09-15,420:WA:SNTL,Cougar Mountain,3210,regional,0.0,0.0,45.9,0.0,107.3,0.0,100.4
2026-09-16,420:WA:SNTL,Cougar Mountain,3210,regional,0.0,0.0,59.2,0.0,107.3,0.0,100.5
2026-09-17,420:WA:SNTL,Cougar Mountain,3210,regional,0.0,0.0,52.2,0.0,107.3,0.0,100.5
2026-09-18,420:WA:SNTL,Cougar Mountain,3210,regional,0.0,0.0,48.4,0.0,107.3,0.0,100.6
2026-09-19,420:WA:SNTL,Cougar Mountain,3210,regional,0.0,0.0,54.1,0.0,107.3,0.0,101.8
2026-09-20,420:WA:SNTL,Cougar Mountain,3210,regional,0.0,0.0,57.2,0.0,107.3,0.0,102.0
2026-09-21,420:WA:SNTL,Cougar Mountain,3210,regional,0.0,0.0,50.5,0.0,107.3,0.0,102.0
2026-09-22,420:WA:SNTL,Cougar Mountain,3210,regional,0.0,0.0,45.9,0.0,107.3,0.0,102.2
2026-09-23,420:WA:SNTL,Cougar Mountain,3210,regional,0.0,0.0,44.2,0.1,107.4,0.0,102.3
2026-09-24,420:WA:SNTL,Cougar Mountain,3210,regional,0.0,0.0,48.0,0.0,107.4,0.0,102.3
2026-09-25,420:WA:SNTL,Cougar Mountain,3210,regional,0.6,1.0,40.5,1.0,108.4,0.0,102.3
2026-09-26,420:WA:SNTL,Cougar Mountain,3210,regional,0.6,0.0,47.1,,108.3,0.0,102.3
2026-09-27,420:WA:SNTL,Cougar Mountain,3210,regional,0.6,0.0,43.7,0.0,108.3,0.0,102.3
2026-09-28,420:WA:SNTL,Cougar Mountain,3210,regional,0.6,1.0,46.9,,108.2,0.0,102.4
2026-09-29,420:WA:SNTL,Cougar Mountain,3210,regional,0.6,0.0,43.7,1.2,109.4,0.0,102.8
2026-09-30,420:WA:SNTL,Cougar Mountain,3210,regional,0.6,0.0,45.3,0.1,109.5,0.0,102.8
